-- ============================================================
-- Menu Matriarch — Firestore seed data
-- Generated by transform-firestore.js
--
-- auth.users rows do not exist yet (auth migration is Phase 4).
-- session_replication_role = replica disables FK checks so this
-- file can be run before auth users are created.
-- ============================================================

SET session_replication_role = 'replica';

INSERT INTO public.users (id, email, name, dark_mode, day_name_display, default_menu_start_day, empty_meal_text, meal_orientation) VALUES
('6ff8d414-18b3-4d77-be42-640b921727d8', 'b.mullerjnr@gmail.com', 'Bernard Muller', false, 'full', 'Monday', 'undecided', 'vertical'),
('41b4c7c3-a899-47de-b003-f528de379fa1', 'kvgupta24@gmail.com', 'Keshav Gupta', false, 'full', 'Monday', 'undecided', 'vertical'),
('adb964f4-fdb5-41cb-ab5d-25bb9099e6ac', 'jdcoppola@gmail.com', 'John Coppola', false, 'full', 'Monday', 'undecided', 'horizontal'),
('c576d15b-0d62-46a3-a62c-bf1be49e6fa5', 'maddie.coppola6@gmail.com', 'Maddie Coppola', false, 'full', 'Monday', 'undecided', 'horizontal'),
('a34f3958-e00c-4a99-a66d-ab32152ed259', 'mecoppola16@gmail.com', 'Mary Coppola', false, 'full', 'Monday', 'undecided', 'vertical'),
('64ed428e-10b7-428e-b584-e3b6378cb171', 'chenceline01@gmail.com', 'Celine Chen', false, 'full', 'Monday', 'undecided', 'horizontal'),
('67c708d0-8942-47ff-bc5d-025a3f4f9ee0', 'john.coppola@thoughtspot.com', 'John Coppola', false, 'full', 'Monday', 'undecided', 'vertical'),
('abaf1de7-05ca-4bd0-b7fd-7a57a7a37870', 'mark.coppola@gmail.com', 'Mark Coppola', false, 'full', 'Monday', 'undecided', 'horizontal');

INSERT INTO public.ingredient_types (id, user_id, name, sort_order) VALUES
('84bac460-7253-417c-851f-6b95df48eeb5', '67c708d0-8942-47ff-bc5d-025a3f4f9ee0', 'Meat', 4),
('6eba5801-cd6c-405d-a72a-b38ee0b2b4c5', 'a34f3958-e00c-4a99-a66d-ab32152ed259', 'Bakery', 1),
('debf5fb9-d55a-49f6-b672-fd7f4447fbc9', 'adb964f4-fdb5-41cb-ab5d-25bb9099e6ac', 'Seafood', 8),
('e8d38575-df3f-4708-823f-ef0baf02fed2', 'adb964f4-fdb5-41cb-ab5d-25bb9099e6ac', 'Preserved', 5),
('ce85c5ff-c215-4892-89c8-b3b259e9f10d', '41b4c7c3-a899-47de-b003-f528de379fa1', 'Frozen', 3),
('e71542e9-b23d-455c-9a2f-0f64a7275128', '6ff8d414-18b3-4d77-be42-640b921727d8', 'Oil', 5),
('1bbf3e1c-f033-431b-b4ed-006a8bd837e7', '41b4c7c3-a899-47de-b003-f528de379fa1', 'Oil', 5),
('ba2f9674-88a0-4000-88d0-0c241db89499', '67c708d0-8942-47ff-bc5d-025a3f4f9ee0', 'Oil', 5),
('2135e67e-3321-4a5d-b6ba-4b907f759338', '41b4c7c3-a899-47de-b003-f528de379fa1', 'Bread', 0),
('f72ca596-1001-46cd-96cc-e03280cee4ef', 'adb964f4-fdb5-41cb-ab5d-25bb9099e6ac', 'Produce', 6),
('9b06e54a-6d48-4571-8170-bfde84cd5427', '67c708d0-8942-47ff-bc5d-025a3f4f9ee0', 'Bread', 0),
('fb25406a-28fd-4058-af49-d363e2cddef9', '6ff8d414-18b3-4d77-be42-640b921727d8', 'Produce', 7),
('919fea2d-9d02-4a30-a92c-4d547687ed78', '41b4c7c3-a899-47de-b003-f528de379fa1', 'Spice', 10),
('4e8a03a2-7762-4aff-b885-9ea8eb060b7c', 'a34f3958-e00c-4a99-a66d-ab32152ed259', 'Produce', 0),
('6179a1b3-2a89-40cb-8011-2ad862a84066', '6ff8d414-18b3-4d77-be42-640b921727d8', 'Frozen', 3),
('22af57ca-eff4-4094-ad7a-7e4c59e4c95a', '41b4c7c3-a899-47de-b003-f528de379fa1', 'Seafood', 9),
('7e04c54b-aac3-47b4-a6b6-8e2facaa9c3e', 'adb964f4-fdb5-41cb-ab5d-25bb9099e6ac', 'Bread', 0),
('979e64ce-6325-41e6-becc-7a1badfee5c8', '41b4c7c3-a899-47de-b003-f528de379fa1', 'Produce', 7),
('b717e2c0-16c1-4654-905d-25a2c726bce4', '41b4c7c3-a899-47de-b003-f528de379fa1', 'Dry Good', 2),
('e4efb5d9-9eb1-4b72-9b92-a035ffa152e8', '67c708d0-8942-47ff-bc5d-025a3f4f9ee0', 'Preserved', 6),
('8192e3b0-7ef5-4716-aa7d-c3c84b9118b0', 'adb964f4-fdb5-41cb-ab5d-25bb9099e6ac', 'Frozen', 3),
('31bf78c5-f37f-4444-a3c3-72aa336cffea', '6ff8d414-18b3-4d77-be42-640b921727d8', 'Refrigerated', 8),
('14e057a6-a4b4-4dc5-908a-9b70ba19126f', '67c708d0-8942-47ff-bc5d-025a3f4f9ee0', 'Spice', 10),
('5ab30abe-59ef-4b45-b8ec-20d4dbf98eb4', '67c708d0-8942-47ff-bc5d-025a3f4f9ee0', 'Seafood', 9),
('0a6c3b29-b8b5-4080-8109-a039c26ee39b', '41b4c7c3-a899-47de-b003-f528de379fa1', 'Preserved', 6),
('3a4b3614-61e3-4692-a13b-e40dfa921eaf', '6ff8d414-18b3-4d77-be42-640b921727d8', 'Meat', 4),
('6560ebdf-ea2f-41c1-883f-11daefe587d5', '67c708d0-8942-47ff-bc5d-025a3f4f9ee0', 'Dry Good', 2),
('a8bd1453-e02b-4aed-96bf-19921fff378a', 'adb964f4-fdb5-41cb-ab5d-25bb9099e6ac', 'Dry Good', 2),
('d0737d7a-8782-4bc6-b022-fab830b1e951', '41b4c7c3-a899-47de-b003-f528de379fa1', 'Meat', 4),
('3122aaec-eb04-474c-b3af-bd9dbac3965a', '67c708d0-8942-47ff-bc5d-025a3f4f9ee0', 'Produce', 7),
('fbe13fb8-2004-426b-9223-99eb0c9d1c6f', '6ff8d414-18b3-4d77-be42-640b921727d8', 'Preserved', 6),
('efb4addf-34bd-4fb2-891e-b3ed894c7056', '67c708d0-8942-47ff-bc5d-025a3f4f9ee0', 'Refrigerated', 8),
('cd3d8b50-4e9d-47a4-8239-65dcd578be4c', '6ff8d414-18b3-4d77-be42-640b921727d8', 'Spice', 10),
('c1eaa825-59ab-4a4e-8497-5d7f06b14979', 'adb964f4-fdb5-41cb-ab5d-25bb9099e6ac', 'Refrigerated', 7),
('8c241b85-985b-4e9a-828d-140847512997', '67c708d0-8942-47ff-bc5d-025a3f4f9ee0', 'Frozen', 3),
('f1f467f4-0955-4787-a737-143b7017a4b4', '67c708d0-8942-47ff-bc5d-025a3f4f9ee0', 'Condiment', 1),
('9269e7d6-36d2-421d-83f9-343808a63830', 'adb964f4-fdb5-41cb-ab5d-25bb9099e6ac', 'Spice', 9),
('32ad20a0-f7f2-442c-b4a7-9a2ec9cea15a', '6ff8d414-18b3-4d77-be42-640b921727d8', 'Seafood', 9),
('a66530d1-d25c-440a-a0e8-94c2ff8a4668', '6ff8d414-18b3-4d77-be42-640b921727d8', 'Dry Good', 2),
('b75582be-48d3-4121-9650-31843020571c', 'adb964f4-fdb5-41cb-ab5d-25bb9099e6ac', 'Oil', 4),
('51d64535-3c28-47d5-99fe-702acfa79132', '41b4c7c3-a899-47de-b003-f528de379fa1', 'Refrigerated', 8),
('f819d626-aea1-402a-8a1a-71a8efb24786', 'adb964f4-fdb5-41cb-ab5d-25bb9099e6ac', 'Condiment', 1),
('e71d6050-ce91-460d-99e6-e1fbdf784f6a', '41b4c7c3-a899-47de-b003-f528de379fa1', 'Condiment', 1),
('85f936ec-710e-4cc6-bc3b-805b2945942e', '6ff8d414-18b3-4d77-be42-640b921727d8', 'Bread', 0),
('ed740634-aa99-4fce-a8b9-e58d44b5fbda', '6ff8d414-18b3-4d77-be42-640b921727d8', 'Condiment', 1);

INSERT INTO public.ingredients (id, user_id, name, ingredient_type_id) VALUES
('0ddbb646-4dce-47d2-883c-8de37e4e8a46', '67c708d0-8942-47ff-bc5d-025a3f4f9ee0', 'Sweet potato', '3122aaec-eb04-474c-b3af-bd9dbac3965a'),
('7df97fd6-9a12-40e2-9c4d-22a1d94e8b23', '67c708d0-8942-47ff-bc5d-025a3f4f9ee0', 'Jasmine rice', '6560ebdf-ea2f-41c1-883f-11daefe587d5'),
('92da646e-7f33-4666-a504-0a1403fd7459', '41b4c7c3-a899-47de-b003-f528de379fa1', 'Flour', '919fea2d-9d02-4a30-a92c-4d547687ed78'),
('0c07b002-542e-472a-9867-429af0c5b3e0', '6ff8d414-18b3-4d77-be42-640b921727d8', 'Tortillas', '85f936ec-710e-4cc6-bc3b-805b2945942e'),
('9b5fa3bf-90e6-481a-8f32-cece8ae9d5c7', 'adb964f4-fdb5-41cb-ab5d-25bb9099e6ac', 'Serrano pepper', 'f72ca596-1001-46cd-96cc-e03280cee4ef'),
('ad7b2fd0-2037-4e2a-a25f-2b60c91fc688', '6ff8d414-18b3-4d77-be42-640b921727d8', 'Adobo', 'cd3d8b50-4e9d-47a4-8239-65dcd578be4c'),
('65ded6ee-33f5-42f4-bcb5-e7d04c26a981', 'adb964f4-fdb5-41cb-ab5d-25bb9099e6ac', 'Sesame oil', 'b75582be-48d3-4121-9650-31843020571c'),
('7881507c-ba88-4108-93a1-6af583dc02d7', '41b4c7c3-a899-47de-b003-f528de379fa1', 'Chives', '919fea2d-9d02-4a30-a92c-4d547687ed78'),
('3f4d1f66-669f-4b1b-81c8-0a17001b81ef', '6ff8d414-18b3-4d77-be42-640b921727d8', 'Cinnamon', 'cd3d8b50-4e9d-47a4-8239-65dcd578be4c'),
('462dff9a-1c5b-4f78-aa68-211c9382e52a', '6ff8d414-18b3-4d77-be42-640b921727d8', 'Jasmine rice', 'a66530d1-d25c-440a-a0e8-94c2ff8a4668'),
('0fe3c09b-1b65-47a7-8c82-803be6e53bd4', '67c708d0-8942-47ff-bc5d-025a3f4f9ee0', 'Potato', '3122aaec-eb04-474c-b3af-bd9dbac3965a'),
('c8985b5a-5d8d-47a3-a245-513859e6db6b', '6ff8d414-18b3-4d77-be42-640b921727d8', 'Cumin', 'cd3d8b50-4e9d-47a4-8239-65dcd578be4c'),
('6677ad77-36e4-4d99-8f5b-0465112c8aaf', '6ff8d414-18b3-4d77-be42-640b921727d8', 'Salt', 'cd3d8b50-4e9d-47a4-8239-65dcd578be4c'),
('0d2a259d-30d3-46de-8c5c-9c252a31e35c', '6ff8d414-18b3-4d77-be42-640b921727d8', 'Chicken stock', 'fbe13fb8-2004-426b-9223-99eb0c9d1c6f'),
('fffbb1cb-12cf-40ab-aa52-8f258ff553c6', '67c708d0-8942-47ff-bc5d-025a3f4f9ee0', 'Cinnamon', '14e057a6-a4b4-4dc5-908a-9b70ba19126f'),
('cfcbed9d-e805-46f4-90b5-38d8cf0b466f', '41b4c7c3-a899-47de-b003-f528de379fa1', 'Pepper', '919fea2d-9d02-4a30-a92c-4d547687ed78'),
('f6c098d1-9d69-4b51-a0a7-b8066fefc613', '67c708d0-8942-47ff-bc5d-025a3f4f9ee0', 'Tuna', '5ab30abe-59ef-4b45-b8ec-20d4dbf98eb4'),
('fcc3306e-4fcd-4b51-b603-1075a0645fec', '6ff8d414-18b3-4d77-be42-640b921727d8', 'Thyme', 'cd3d8b50-4e9d-47a4-8239-65dcd578be4c'),
('62451cfb-be4b-4d3e-bb04-6c23fd603de5', '67c708d0-8942-47ff-bc5d-025a3f4f9ee0', 'Lemon', '3122aaec-eb04-474c-b3af-bd9dbac3965a'),
('a55b78b6-f400-4c18-bcec-dc282b245a63', '41b4c7c3-a899-47de-b003-f528de379fa1', 'Cardamom', '919fea2d-9d02-4a30-a92c-4d547687ed78'),
('affe48d7-2aca-4460-ad7d-295ca3c87863', '6ff8d414-18b3-4d77-be42-640b921727d8', 'Mayonnaise', 'ed740634-aa99-4fce-a8b9-e58d44b5fbda'),
('ced32cab-2cd2-41bc-acc0-71e1e10dfb3d', '41b4c7c3-a899-47de-b003-f528de379fa1', 'Ketchup', 'e71d6050-ce91-460d-99e6-e1fbdf784f6a'),
('b5e93386-fd1f-46e1-807d-66f9eff30db8', '6ff8d414-18b3-4d77-be42-640b921727d8', 'Canned tomatoes', 'fbe13fb8-2004-426b-9223-99eb0c9d1c6f'),
('0d1fec73-7916-4699-b642-47358de1eb8f', '6ff8d414-18b3-4d77-be42-640b921727d8', 'Mustard', 'ed740634-aa99-4fce-a8b9-e58d44b5fbda'),
('8817329d-f9ef-4f66-b5d2-1841d61904fb', '41b4c7c3-a899-47de-b003-f528de379fa1', 'Jasmine rice', 'b717e2c0-16c1-4654-905d-25a2c726bce4'),
('b0dd5e0d-6f6f-4758-b57c-420dfe4a08a3', '67c708d0-8942-47ff-bc5d-025a3f4f9ee0', 'Basil', '14e057a6-a4b4-4dc5-908a-9b70ba19126f'),
('8dc42255-0840-4629-9614-242d26401ea9', '6ff8d414-18b3-4d77-be42-640b921727d8', 'Olive oil', 'e71542e9-b23d-455c-9a2f-0f64a7275128'),
('bdebe98b-b208-4ebf-ab50-80cc53339f65', '6ff8d414-18b3-4d77-be42-640b921727d8', 'Sage', 'cd3d8b50-4e9d-47a4-8239-65dcd578be4c'),
('640359c0-474b-46ed-a7e8-8c63449da6ab', '41b4c7c3-a899-47de-b003-f528de379fa1', 'Garlic', '979e64ce-6325-41e6-becc-7a1badfee5c8'),
('b2f53eec-be20-46a4-8c40-6f866699e41c', '41b4c7c3-a899-47de-b003-f528de379fa1', 'Crushed red pepper', '919fea2d-9d02-4a30-a92c-4d547687ed78'),
('4a8fc0b4-754b-4b52-88e0-ca83c3e2bf62', '41b4c7c3-a899-47de-b003-f528de379fa1', 'Chicken thighs', 'd0737d7a-8782-4bc6-b022-fab830b1e951'),
('e160258d-6c75-4b1c-90f5-9d435e80a913', '41b4c7c3-a899-47de-b003-f528de379fa1', 'Chickpeas', '0a6c3b29-b8b5-4080-8109-a039c26ee39b'),
('c5ecd37c-c15e-450c-b423-70289e5d2e99', '67c708d0-8942-47ff-bc5d-025a3f4f9ee0', 'Ketchup', 'f1f467f4-0955-4787-a737-143b7017a4b4'),
('2c2a992e-a166-491e-8bd1-e1e247bfaa5f', '41b4c7c3-a899-47de-b003-f528de379fa1', 'Bell pepper', '979e64ce-6325-41e6-becc-7a1badfee5c8'),
('b39b91d3-e7c4-4b28-ad2e-4f889134824a', '6ff8d414-18b3-4d77-be42-640b921727d8', 'Bay leaves', 'cd3d8b50-4e9d-47a4-8239-65dcd578be4c'),
('7fd0ca82-ec98-4c35-9f5d-f43e53f81328', '6ff8d414-18b3-4d77-be42-640b921727d8', 'Tomato', 'fb25406a-28fd-4058-af49-d363e2cddef9'),
('13627934-14ee-42ad-b65a-351fc1cc29c4', '6ff8d414-18b3-4d77-be42-640b921727d8', 'Crushed red pepper', 'cd3d8b50-4e9d-47a4-8239-65dcd578be4c'),
('2f5f0102-c739-42c2-a4ed-0f2d7afdd768', '67c708d0-8942-47ff-bc5d-025a3f4f9ee0', 'Sesame oil', 'ba2f9674-88a0-4000-88d0-0c241db89499'),
('0f43f6ab-3f9b-40ac-81b3-78d92b0a037b', '67c708d0-8942-47ff-bc5d-025a3f4f9ee0', 'Parsley', '14e057a6-a4b4-4dc5-908a-9b70ba19126f'),
('07152003-9107-4e86-bf50-cc1140be6ff6', '67c708d0-8942-47ff-bc5d-025a3f4f9ee0', 'Serrano pepper', '3122aaec-eb04-474c-b3af-bd9dbac3965a'),
('0f5fdbb4-4def-4a08-8500-928d7415cb1d', '67c708d0-8942-47ff-bc5d-025a3f4f9ee0', 'Mozzarella cheese', 'efb4addf-34bd-4fb2-891e-b3ed894c7056'),
('3f5e883b-e0a5-40ca-b1d4-7ed040cf46ea', '41b4c7c3-a899-47de-b003-f528de379fa1', 'Basil', '919fea2d-9d02-4a30-a92c-4d547687ed78'),
('d04c305a-14e7-4cf8-b47d-5c963b84d561', '6ff8d414-18b3-4d77-be42-640b921727d8', 'Cardamom', 'cd3d8b50-4e9d-47a4-8239-65dcd578be4c'),
('b8f1c3e5-ddbb-4084-b8f8-8c3aa8e78686', '6ff8d414-18b3-4d77-be42-640b921727d8', 'Sesame oil', 'e71542e9-b23d-455c-9a2f-0f64a7275128'),
('c85cbd8f-3fc7-4f3d-b53c-5a9abfdb18fa', '67c708d0-8942-47ff-bc5d-025a3f4f9ee0', 'Chicken thighs', '84bac460-7253-417c-851f-6b95df48eeb5'),
('9c049473-c7ea-4829-af3f-3a147ae7202c', '6ff8d414-18b3-4d77-be42-640b921727d8', 'Cheddar cheese', '31bf78c5-f37f-4444-a3c3-72aa336cffea'),
('0e0b4a55-18c7-4ec4-b5c8-d8c1a414ec49', '6ff8d414-18b3-4d77-be42-640b921727d8', 'Eggplant', 'fb25406a-28fd-4058-af49-d363e2cddef9'),
('6ba8828a-687e-43ac-9610-206528e7de42', '41b4c7c3-a899-47de-b003-f528de379fa1', 'Parsley', '919fea2d-9d02-4a30-a92c-4d547687ed78'),
('464f1632-38f0-4765-86f6-4243480a49e0', '41b4c7c3-a899-47de-b003-f528de379fa1', 'Potato', '979e64ce-6325-41e6-becc-7a1badfee5c8'),
('100e9959-d14d-47a2-9841-f50841c59dcc', '67c708d0-8942-47ff-bc5d-025a3f4f9ee0', 'Cheddar cheese', 'efb4addf-34bd-4fb2-891e-b3ed894c7056'),
('d274a6cd-87e4-4a78-a8eb-109efdd07ff6', '41b4c7c3-a899-47de-b003-f528de379fa1', 'Chicken stock', '0a6c3b29-b8b5-4080-8109-a039c26ee39b'),
('a39aae64-d5e2-4e11-9910-b1f8dad130cc', '41b4c7c3-a899-47de-b003-f528de379fa1', 'Cilantro', '919fea2d-9d02-4a30-a92c-4d547687ed78'),
('76a9a4a2-9a33-466e-8395-cc971bb8146c', '41b4c7c3-a899-47de-b003-f528de379fa1', 'Eggplant', '979e64ce-6325-41e6-becc-7a1badfee5c8'),
('af28d85e-7ed9-4dd0-868c-2c3199c7f46a', '67c708d0-8942-47ff-bc5d-025a3f4f9ee0', 'Paprika', '14e057a6-a4b4-4dc5-908a-9b70ba19126f'),
('673263db-6568-42be-99a8-675f9882da44', '41b4c7c3-a899-47de-b003-f528de379fa1', 'Olive oil', '1bbf3e1c-f033-431b-b4ed-006a8bd837e7'),
('bccd3a3f-2a76-4245-b9ca-19ceb5f445c8', '41b4c7c3-a899-47de-b003-f528de379fa1', 'Sage', '919fea2d-9d02-4a30-a92c-4d547687ed78'),
('fb5cccbd-c1f8-4693-977d-a7c6578438e9', '67c708d0-8942-47ff-bc5d-025a3f4f9ee0', 'Lime', '3122aaec-eb04-474c-b3af-bd9dbac3965a'),
('69f77d5e-6e39-4ad6-9244-e6692e4c17b8', '6ff8d414-18b3-4d77-be42-640b921727d8', 'Canned salmon', 'fbe13fb8-2004-426b-9223-99eb0c9d1c6f'),
('a92ac492-a9d2-4dc0-b638-f7ada46aa621', '67c708d0-8942-47ff-bc5d-025a3f4f9ee0', 'Mayonnaise', 'f1f467f4-0955-4787-a737-143b7017a4b4'),
('7e5fef89-1d6b-407c-932c-745652803247', '6ff8d414-18b3-4d77-be42-640b921727d8', 'Ground beef', '3a4b3614-61e3-4692-a13b-e40dfa921eaf'),
('00fa2719-fc2a-4994-95e0-78a8056ed7d3', '41b4c7c3-a899-47de-b003-f528de379fa1', 'Avocado oil', '1bbf3e1c-f033-431b-b4ed-006a8bd837e7'),
('fd93f023-96a0-42fc-a31d-25315c150891', '41b4c7c3-a899-47de-b003-f528de379fa1', 'Spinach', '979e64ce-6325-41e6-becc-7a1badfee5c8'),
('0584a70e-adc6-4987-8f80-31747b390603', '41b4c7c3-a899-47de-b003-f528de379fa1', 'Cinnamon', '919fea2d-9d02-4a30-a92c-4d547687ed78'),
('1cd8fbe0-dc9a-4aae-80de-db590d48acf1', '41b4c7c3-a899-47de-b003-f528de379fa1', 'Chili powder', '919fea2d-9d02-4a30-a92c-4d547687ed78'),
('12e04e33-6c28-4c89-b764-aec54ad9ce88', '67c708d0-8942-47ff-bc5d-025a3f4f9ee0', 'Sage', '14e057a6-a4b4-4dc5-908a-9b70ba19126f'),
('a6e09f66-f95b-43b3-99f2-ff339cd020f3', '67c708d0-8942-47ff-bc5d-025a3f4f9ee0', 'Cauliflower', '3122aaec-eb04-474c-b3af-bd9dbac3965a'),
('27980dd7-4f00-41c0-badd-e7a258e124da', '6ff8d414-18b3-4d77-be42-640b921727d8', 'Turmeric', 'cd3d8b50-4e9d-47a4-8239-65dcd578be4c'),
('ed75cd86-f524-4dfe-a9b7-46eff11b29a1', '67c708d0-8942-47ff-bc5d-025a3f4f9ee0', 'Cayenne pepper', '14e057a6-a4b4-4dc5-908a-9b70ba19126f'),
('ab0a3aad-27d2-4e31-b655-a35082646f2f', '6ff8d414-18b3-4d77-be42-640b921727d8', 'Mozzarella cheese', '31bf78c5-f37f-4444-a3c3-72aa336cffea'),
('238244cf-4479-4177-9e28-77875037442a', '41b4c7c3-a899-47de-b003-f528de379fa1', 'Cayenne pepper', '919fea2d-9d02-4a30-a92c-4d547687ed78'),
('703e3f03-a549-412d-b7e1-ef853aba7de7', '67c708d0-8942-47ff-bc5d-025a3f4f9ee0', 'Broccoli', '3122aaec-eb04-474c-b3af-bd9dbac3965a'),
('3a806c20-d65a-4ff4-9775-2e0ec8616141', 'adb964f4-fdb5-41cb-ab5d-25bb9099e6ac', 'Coconut oil', 'b75582be-48d3-4121-9650-31843020571c'),
('1a88f8d6-66ed-4d04-a40f-e1aacc4c8f94', '67c708d0-8942-47ff-bc5d-025a3f4f9ee0', 'Garlic powder', '14e057a6-a4b4-4dc5-908a-9b70ba19126f'),
('090e06b6-0944-47be-b023-247becf07de0', '67c708d0-8942-47ff-bc5d-025a3f4f9ee0', 'Garlic', '3122aaec-eb04-474c-b3af-bd9dbac3965a'),
('de787f05-74e5-4be8-b186-9b856dca865a', '41b4c7c3-a899-47de-b003-f528de379fa1', 'Salt', '919fea2d-9d02-4a30-a92c-4d547687ed78'),
('0f504b23-c78a-49bd-94b0-ce0a814dea8e', '67c708d0-8942-47ff-bc5d-025a3f4f9ee0', 'Ground beef', '84bac460-7253-417c-851f-6b95df48eeb5'),
('298c0f11-94e1-45f5-8c26-6c8be4013359', '6ff8d414-18b3-4d77-be42-640b921727d8', 'Ketchup', 'ed740634-aa99-4fce-a8b9-e58d44b5fbda'),
('d05a36f0-3781-45d2-95cd-86064f74e5a5', '6ff8d414-18b3-4d77-be42-640b921727d8', 'Chickpeas', 'fbe13fb8-2004-426b-9223-99eb0c9d1c6f'),
('d516cb1e-b9a6-4ca7-84d1-e6e470fc14e0', '67c708d0-8942-47ff-bc5d-025a3f4f9ee0', 'Bay leaves', '14e057a6-a4b4-4dc5-908a-9b70ba19126f'),
('770f62d2-cc4a-425d-9ac6-cbb264580fea', '41b4c7c3-a899-47de-b003-f528de379fa1', 'Oregano', '919fea2d-9d02-4a30-a92c-4d547687ed78'),
('4e928889-0f06-4493-9a7b-65991f275792', 'adb964f4-fdb5-41cb-ab5d-25bb9099e6ac', 'Olive oil', 'b75582be-48d3-4121-9650-31843020571c'),
('daedb2fa-adf7-40fe-99b0-c1feb70781c8', '41b4c7c3-a899-47de-b003-f528de379fa1', 'Adobo', '919fea2d-9d02-4a30-a92c-4d547687ed78'),
('d45e2939-876a-4159-a9f9-2580cd3e5117', '67c708d0-8942-47ff-bc5d-025a3f4f9ee0', 'Crushed red pepper', '14e057a6-a4b4-4dc5-908a-9b70ba19126f'),
('a43bea8c-7eea-4ee0-bd11-2ac76efc5a10', '6ff8d414-18b3-4d77-be42-640b921727d8', 'Garlic', 'fb25406a-28fd-4058-af49-d363e2cddef9'),
('5cedd1d7-32b5-44ce-9133-fe5fe48ebef5', '6ff8d414-18b3-4d77-be42-640b921727d8', 'Parsley', 'cd3d8b50-4e9d-47a4-8239-65dcd578be4c'),
('53fd0ebd-9110-4d37-b63d-c7c87fd2d92e', '6ff8d414-18b3-4d77-be42-640b921727d8', 'Mushroom', 'fb25406a-28fd-4058-af49-d363e2cddef9'),
('1d039b27-fbf6-456f-98bd-536aef9aed03', '67c708d0-8942-47ff-bc5d-025a3f4f9ee0', 'Mustard', 'f1f467f4-0955-4787-a737-143b7017a4b4'),
('552521e6-81c2-456c-9eed-22490a4be7db', '67c708d0-8942-47ff-bc5d-025a3f4f9ee0', 'Salmon', '5ab30abe-59ef-4b45-b8ec-20d4dbf98eb4'),
('10ee61e3-5d3d-47c3-88a7-9231ef81cfa7', '67c708d0-8942-47ff-bc5d-025a3f4f9ee0', 'Tomato sauce', 'e4efb5d9-9eb1-4b72-9b92-a035ffa152e8'),
('81d55eb4-f21b-4fcc-8833-91bb582183c1', '67c708d0-8942-47ff-bc5d-025a3f4f9ee0', 'Coriander', '14e057a6-a4b4-4dc5-908a-9b70ba19126f'),
('502c2b23-334e-4f56-8b94-1feaa9ee2300', '67c708d0-8942-47ff-bc5d-025a3f4f9ee0', 'Cumin', '14e057a6-a4b4-4dc5-908a-9b70ba19126f'),
('3cdf8a7c-c7cc-49f5-a6f1-2ab347e29dc4', '67c708d0-8942-47ff-bc5d-025a3f4f9ee0', 'Olive oil', 'ba2f9674-88a0-4000-88d0-0c241db89499'),
('c6881523-cc67-473d-b45a-02ea549281c5', '41b4c7c3-a899-47de-b003-f528de379fa1', 'Tomato sauce', '0a6c3b29-b8b5-4080-8109-a039c26ee39b'),
('2c017cd7-9e9c-470d-8f84-4bee52b230d8', '6ff8d414-18b3-4d77-be42-640b921727d8', 'Sweet potato', 'fb25406a-28fd-4058-af49-d363e2cddef9'),
('85c4eb7c-3a39-4dd0-8316-79a6ae608542', 'adb964f4-fdb5-41cb-ab5d-25bb9099e6ac', 'Canned whole tomatoes', 'e8d38575-df3f-4708-823f-ef0baf02fed2'),
('093a5d45-3b12-4404-b68f-f44e0a04bd18', '6ff8d414-18b3-4d77-be42-640b921727d8', 'Cilantro', 'cd3d8b50-4e9d-47a4-8239-65dcd578be4c'),
('c28d5424-cf07-480a-9cd6-713ba945ff8f', '67c708d0-8942-47ff-bc5d-025a3f4f9ee0', 'Avocado oil', 'ba2f9674-88a0-4000-88d0-0c241db89499'),
('9dbf79a4-7fe8-4f96-a176-18ebd61d8e86', '41b4c7c3-a899-47de-b003-f528de379fa1', 'Sesame oil', '1bbf3e1c-f033-431b-b4ed-006a8bd837e7'),
('d5a5dd3b-979e-441f-b6da-3d701170e805', '6ff8d414-18b3-4d77-be42-640b921727d8', 'Broccoli', 'fb25406a-28fd-4058-af49-d363e2cddef9'),
('60d18a79-9bbe-483e-8d5a-6ea664cf72ef', '67c708d0-8942-47ff-bc5d-025a3f4f9ee0', 'Bell pepper', '3122aaec-eb04-474c-b3af-bd9dbac3965a'),
('8584f72e-5c61-4fae-ae73-8f525c000a00', '6ff8d414-18b3-4d77-be42-640b921727d8', 'Coconut oil', 'e71542e9-b23d-455c-9a2f-0f64a7275128'),
('c733b2b2-8e14-41e3-b1a7-7e7702d9bbca', '67c708d0-8942-47ff-bc5d-025a3f4f9ee0', 'Spinach', '3122aaec-eb04-474c-b3af-bd9dbac3965a'),
('4dba055d-186e-4c75-838e-1848f48b08f9', '41b4c7c3-a899-47de-b003-f528de379fa1', 'Basmati rice', 'b717e2c0-16c1-4654-905d-25a2c726bce4'),
('73c16a35-4f6d-4015-91a6-a473f214bae0', '41b4c7c3-a899-47de-b003-f528de379fa1', 'Thyme', '919fea2d-9d02-4a30-a92c-4d547687ed78'),
('32dd8bf6-b8c9-476d-9f2a-55355a4948e5', '67c708d0-8942-47ff-bc5d-025a3f4f9ee0', 'Cilantro', '14e057a6-a4b4-4dc5-908a-9b70ba19126f'),
('35528dfc-728b-4e81-8f15-42b38a48c629', '6ff8d414-18b3-4d77-be42-640b921727d8', 'Pepper', 'cd3d8b50-4e9d-47a4-8239-65dcd578be4c'),
('21245414-5a43-4284-9a07-9856e1312104', 'adb964f4-fdb5-41cb-ab5d-25bb9099e6ac', 'Bell pepper', 'f72ca596-1001-46cd-96cc-e03280cee4ef'),
('26c694a7-fe64-47b7-9496-df61d0657a54', 'adb964f4-fdb5-41cb-ab5d-25bb9099e6ac', 'Frozen vegetables', '8192e3b0-7ef5-4716-aa7d-c3c84b9118b0'),
('f437b0b4-6844-4f30-ad45-1b0f34d740b2', '6ff8d414-18b3-4d77-be42-640b921727d8', 'Flour', 'cd3d8b50-4e9d-47a4-8239-65dcd578be4c'),
('364517ca-2048-40ff-a94e-e732cb9c3453', 'adb964f4-fdb5-41cb-ab5d-25bb9099e6ac', 'Avocado oil', 'b75582be-48d3-4121-9650-31843020571c'),
('5477dd09-ad78-4391-aa4b-46d9b8105987', '67c708d0-8942-47ff-bc5d-025a3f4f9ee0', 'Adobo', '14e057a6-a4b4-4dc5-908a-9b70ba19126f'),
('8da7d7ec-8b71-4128-a463-7b78de89baf1', '67c708d0-8942-47ff-bc5d-025a3f4f9ee0', 'Canned salmon', 'e4efb5d9-9eb1-4b72-9b92-a035ffa152e8'),
('a80c0358-8527-49c3-bf51-f5f9abb8d155', '67c708d0-8942-47ff-bc5d-025a3f4f9ee0', 'Tortillas', '9b06e54a-6d48-4571-8170-bfde84cd5427'),
('eace9ef6-1539-4b5e-86e5-27cb1d827ad1', '6ff8d414-18b3-4d77-be42-640b921727d8', 'Avocado', 'fb25406a-28fd-4058-af49-d363e2cddef9'),
('1706b755-1578-4afc-a34a-c07abdbe494a', '6ff8d414-18b3-4d77-be42-640b921727d8', 'Pizza dough', '85f936ec-710e-4cc6-bc3b-805b2945942e'),
('43f424e2-4445-40f0-b219-a7710b20798b', '41b4c7c3-a899-47de-b003-f528de379fa1', 'Bay leaves', '919fea2d-9d02-4a30-a92c-4d547687ed78'),
('1ab06cfb-c26d-4ef1-9893-bc0bd77ad81c', '41b4c7c3-a899-47de-b003-f528de379fa1', 'Canned tomatoes', '0a6c3b29-b8b5-4080-8109-a039c26ee39b'),
('db8d0048-f5f8-4d8b-bfe5-5a6fefd368b3', '6ff8d414-18b3-4d77-be42-640b921727d8', 'Spinach', 'fb25406a-28fd-4058-af49-d363e2cddef9'),
('b11056ba-afab-4806-9551-f2da7d70aecc', 'adb964f4-fdb5-41cb-ab5d-25bb9099e6ac', 'Mayonnaise', 'f819d626-aea1-402a-8a1a-71a8efb24786'),
('b0d700a2-2487-4cd8-9d12-4aac7a9e7042', '6ff8d414-18b3-4d77-be42-640b921727d8', 'Chili powder', 'cd3d8b50-4e9d-47a4-8239-65dcd578be4c'),
('90495ef9-118a-4358-b0ac-a03d0956daec', '41b4c7c3-a899-47de-b003-f528de379fa1', 'Cumin', '919fea2d-9d02-4a30-a92c-4d547687ed78'),
('1fd8cb47-4b19-4d9b-8861-1007be7dc1b6', 'a34f3958-e00c-4a99-a66d-ab32152ed259', 'Sweet potato', '4e8a03a2-7762-4aff-b885-9ea8eb060b7c'),
('ba663c2c-d78c-46ce-91ef-bd404f84632c', '41b4c7c3-a899-47de-b003-f528de379fa1', 'Mustard', 'e71d6050-ce91-460d-99e6-e1fbdf784f6a'),
('47b974c0-67a4-4ac9-a9db-d2a0c8fc948e', 'adb964f4-fdb5-41cb-ab5d-25bb9099e6ac', 'Canned chickpeas', 'e8d38575-df3f-4708-823f-ef0baf02fed2'),
('ee80f81c-792e-453a-9a47-23bc8f732004', '67c708d0-8942-47ff-bc5d-025a3f4f9ee0', 'Basmati rice', '6560ebdf-ea2f-41c1-883f-11daefe587d5'),
('8d1463aa-fbb1-4f7c-a7eb-9f728c74e3d7', '41b4c7c3-a899-47de-b003-f528de379fa1', 'Tortillas', '2135e67e-3321-4a5d-b6ba-4b907f759338'),
('e70d6976-3ab0-44f1-ad2b-e024267bd48b', '6ff8d414-18b3-4d77-be42-640b921727d8', 'Cayenne pepper', 'cd3d8b50-4e9d-47a4-8239-65dcd578be4c'),
('54727eac-f559-4890-a79d-46e0e3f9138b', '67c708d0-8942-47ff-bc5d-025a3f4f9ee0', 'Nutmeg', '14e057a6-a4b4-4dc5-908a-9b70ba19126f'),
('dbb3ee69-f980-464c-b003-d12930731e07', '67c708d0-8942-47ff-bc5d-025a3f4f9ee0', 'Thyme', '14e057a6-a4b4-4dc5-908a-9b70ba19126f'),
('cfb2815f-858a-43f4-94c1-7b7801931648', '41b4c7c3-a899-47de-b003-f528de379fa1', 'Broccoli', '979e64ce-6325-41e6-becc-7a1badfee5c8'),
('9f902159-3f16-46e9-bcef-31f2d504f3f0', '6ff8d414-18b3-4d77-be42-640b921727d8', 'Lemon', 'fb25406a-28fd-4058-af49-d363e2cddef9'),
('508b9b82-c282-4648-8bf8-a21e06750190', '67c708d0-8942-47ff-bc5d-025a3f4f9ee0', 'Canned tomatoes', 'e4efb5d9-9eb1-4b72-9b92-a035ffa152e8'),
('197969ae-967e-442f-a4f9-f594e1dd9c86', '41b4c7c3-a899-47de-b003-f528de379fa1', 'Lime', '979e64ce-6325-41e6-becc-7a1badfee5c8'),
('2230734b-6a2d-4723-8cb4-9d14113dced4', '41b4c7c3-a899-47de-b003-f528de379fa1', 'Avocado', '979e64ce-6325-41e6-becc-7a1badfee5c8'),
('79bfee1b-db1b-4c0d-89e5-feb096bf5355', '6ff8d414-18b3-4d77-be42-640b921727d8', 'Serrano pepper', 'fb25406a-28fd-4058-af49-d363e2cddef9'),
('781bebbd-407a-4cf7-a35d-bc6d1ffe241e', '41b4c7c3-a899-47de-b003-f528de379fa1', 'Coriander', '919fea2d-9d02-4a30-a92c-4d547687ed78'),
('6ab8d6c9-9fd1-4cfd-bb53-474ca4e460e9', '41b4c7c3-a899-47de-b003-f528de379fa1', 'Nutmeg', '919fea2d-9d02-4a30-a92c-4d547687ed78'),
('24505444-0cf7-48c4-8762-8c3217df6322', '6ff8d414-18b3-4d77-be42-640b921727d8', 'Nutmeg', 'cd3d8b50-4e9d-47a4-8239-65dcd578be4c'),
('767f397d-6ad4-43a4-99bf-e1d5f464d1bb', '6ff8d414-18b3-4d77-be42-640b921727d8', 'Coriander', 'cd3d8b50-4e9d-47a4-8239-65dcd578be4c'),
('94da3ff2-2cd8-4228-ad6c-b35b266e1a70', '6ff8d414-18b3-4d77-be42-640b921727d8', 'Chicken thighs', '3a4b3614-61e3-4692-a13b-e40dfa921eaf'),
('dc8a3084-560b-4f0a-b96e-4b2125010c02', '67c708d0-8942-47ff-bc5d-025a3f4f9ee0', 'Chickpeas', 'e4efb5d9-9eb1-4b72-9b92-a035ffa152e8'),
('08b41cdc-65ab-4322-b151-4e828bc7d81d', '41b4c7c3-a899-47de-b003-f528de379fa1', 'Sweet potato', '979e64ce-6325-41e6-becc-7a1badfee5c8'),
('a8a00f0b-4f87-4fc5-94ad-e3ab4168a7be', '67c708d0-8942-47ff-bc5d-025a3f4f9ee0', 'Cardamom', '14e057a6-a4b4-4dc5-908a-9b70ba19126f'),
('ba974ff1-2723-41f9-b46b-9a9df5713319', '67c708d0-8942-47ff-bc5d-025a3f4f9ee0', 'Chili powder', '14e057a6-a4b4-4dc5-908a-9b70ba19126f'),
('31178a5e-96ce-4b28-9e1d-136eb8a5ca9f', '41b4c7c3-a899-47de-b003-f528de379fa1', 'Arborio rice', 'b717e2c0-16c1-4654-905d-25a2c726bce4'),
('c7490f53-6764-4400-b431-ca14a4d4cd87', '67c708d0-8942-47ff-bc5d-025a3f4f9ee0', 'Avocado', '3122aaec-eb04-474c-b3af-bd9dbac3965a'),
('849b381f-5ee5-4b27-be33-4c9953f13dc9', '67c708d0-8942-47ff-bc5d-025a3f4f9ee0', 'Eggs', 'efb4addf-34bd-4fb2-891e-b3ed894c7056'),
('78977fd0-b513-490b-b7bc-4d846b82534b', '41b4c7c3-a899-47de-b003-f528de379fa1', 'Ground beef', 'd0737d7a-8782-4bc6-b022-fab830b1e951'),
('09ba0fa8-9d56-457d-98df-dd5f0f2d6416', '6ff8d414-18b3-4d77-be42-640b921727d8', 'Chives', 'cd3d8b50-4e9d-47a4-8239-65dcd578be4c'),
('2617f1f3-ef24-4d32-8ae3-dcb1a6955c84', 'adb964f4-fdb5-41cb-ab5d-25bb9099e6ac', 'Jasmine rice', 'a8bd1453-e02b-4aed-96bf-19921fff378a'),
('1b33d8a7-1eca-4e49-a177-1a3c7b4ce091', 'adb964f4-fdb5-41cb-ab5d-25bb9099e6ac', 'Sweet potato', 'f72ca596-1001-46cd-96cc-e03280cee4ef'),
('fcd7480a-f77a-43ed-8757-57be810c7b0c', '41b4c7c3-a899-47de-b003-f528de379fa1', 'Tomato', '979e64ce-6325-41e6-becc-7a1badfee5c8'),
('ae4243f9-7a85-424e-91e4-c872ae2ffc20', '41b4c7c3-a899-47de-b003-f528de379fa1', 'Pizza dough', '2135e67e-3321-4a5d-b6ba-4b907f759338'),
('3704ab53-ee40-4c49-9736-e0d02949a23f', '6ff8d414-18b3-4d77-be42-640b921727d8', 'Lime', 'fb25406a-28fd-4058-af49-d363e2cddef9'),
('4df3d5a1-83c7-4745-873c-4ad74b162044', '6ff8d414-18b3-4d77-be42-640b921727d8', 'Onion', 'fb25406a-28fd-4058-af49-d363e2cddef9'),
('04e3d643-9422-4883-8146-97ebd367fcb3', 'adb964f4-fdb5-41cb-ab5d-25bb9099e6ac', 'Red onion', 'f72ca596-1001-46cd-96cc-e03280cee4ef'),
('a7325134-9b19-41ef-976a-45cceb29a149', '6ff8d414-18b3-4d77-be42-640b921727d8', 'Tuna', '32ad20a0-f7f2-442c-b4a7-9a2ec9cea15a'),
('6b90c20d-ee5a-412c-906e-74e9f70326c1', '41b4c7c3-a899-47de-b003-f528de379fa1', 'Mayonnaise', 'e71d6050-ce91-460d-99e6-e1fbdf784f6a'),
('58635187-f3ee-4ef8-8e38-5298353aaca3', '67c708d0-8942-47ff-bc5d-025a3f4f9ee0', 'Coconut oil', 'ba2f9674-88a0-4000-88d0-0c241db89499'),
('91c13b97-75e5-45ac-a528-490e5fed9ee5', '67c708d0-8942-47ff-bc5d-025a3f4f9ee0', 'Pepper', '14e057a6-a4b4-4dc5-908a-9b70ba19126f'),
('ec51287a-43f2-4d8a-8764-65fb06df9590', '41b4c7c3-a899-47de-b003-f528de379fa1', 'Canned salmon', '0a6c3b29-b8b5-4080-8109-a039c26ee39b'),
('69d3fb74-13db-482d-8f53-0ded542a45a9', '41b4c7c3-a899-47de-b003-f528de379fa1', 'Cheddar cheese', '51d64535-3c28-47d5-99fe-702acfa79132'),
('501709e0-19d9-4c90-b7da-8be4c75616e2', '41b4c7c3-a899-47de-b003-f528de379fa1', 'Coconut oil', '1bbf3e1c-f033-431b-b4ed-006a8bd837e7'),
('950dee27-082f-491f-92f6-8a955d3203a9', '6ff8d414-18b3-4d77-be42-640b921727d8', 'Eggs', '31bf78c5-f37f-4444-a3c3-72aa336cffea'),
('95753eff-21d4-489d-9919-3a011ad2eefd', '6ff8d414-18b3-4d77-be42-640b921727d8', 'Oregano', 'cd3d8b50-4e9d-47a4-8239-65dcd578be4c'),
('4f028b4a-483a-479a-8445-0ac2a5608dce', '6ff8d414-18b3-4d77-be42-640b921727d8', 'Tomato sauce', 'fbe13fb8-2004-426b-9223-99eb0c9d1c6f'),
('6880f19c-0191-4b86-8515-cc6d1c4b254b', '6ff8d414-18b3-4d77-be42-640b921727d8', 'Cauliflower', 'fb25406a-28fd-4058-af49-d363e2cddef9'),
('e81ac0e4-e402-4f6d-ac58-8c46f369699c', '41b4c7c3-a899-47de-b003-f528de379fa1', 'Eggs', '51d64535-3c28-47d5-99fe-702acfa79132'),
('a6a4e461-884f-407b-8f69-6aed49147252', '41b4c7c3-a899-47de-b003-f528de379fa1', 'Cauliflower', '979e64ce-6325-41e6-becc-7a1badfee5c8'),
('5ec895f3-6124-4b56-913d-8d5ed52c9d17', '6ff8d414-18b3-4d77-be42-640b921727d8', 'Paprika', 'cd3d8b50-4e9d-47a4-8239-65dcd578be4c'),
('c611a536-0f10-49f4-bcd6-b332bb4b9eab', 'adb964f4-fdb5-41cb-ab5d-25bb9099e6ac', 'Coconut milk', 'e8d38575-df3f-4708-823f-ef0baf02fed2'),
('0a23665f-211a-4f12-b161-7ac773e64e05', '41b4c7c3-a899-47de-b003-f528de379fa1', 'Garlic powder', '919fea2d-9d02-4a30-a92c-4d547687ed78'),
('4c7cc33b-2b96-4669-87f0-fc8f631ade5c', '67c708d0-8942-47ff-bc5d-025a3f4f9ee0', 'Eggplant', '3122aaec-eb04-474c-b3af-bd9dbac3965a'),
('7f5e495f-ef16-42a2-92be-449fd5391e8d', '6ff8d414-18b3-4d77-be42-640b921727d8', 'Bell pepper', 'fb25406a-28fd-4058-af49-d363e2cddef9'),
('ff927b1c-2f26-4cbd-a1d0-459187857d45', '67c708d0-8942-47ff-bc5d-025a3f4f9ee0', 'Flour', '14e057a6-a4b4-4dc5-908a-9b70ba19126f'),
('03ed2468-b179-478f-b590-2e47696e1bc7', '41b4c7c3-a899-47de-b003-f528de379fa1', 'Tuna', '22af57ca-eff4-4094-ad7a-7e4c59e4c95a'),
('da82a5b7-8c32-4a86-a854-0c536371a146', '6ff8d414-18b3-4d77-be42-640b921727d8', 'Potato', 'fb25406a-28fd-4058-af49-d363e2cddef9'),
('6ed2413f-2acb-4f8c-877e-8407637ad3e8', '6ff8d414-18b3-4d77-be42-640b921727d8', 'Basmati rice', 'a66530d1-d25c-440a-a0e8-94c2ff8a4668'),
('1c3b235f-73c2-43a2-bc1a-aa590b013026', '6ff8d414-18b3-4d77-be42-640b921727d8', 'Avocado oil', 'e71542e9-b23d-455c-9a2f-0f64a7275128'),
('f29e6b70-2afd-4e65-b193-4da3d615a277', '67c708d0-8942-47ff-bc5d-025a3f4f9ee0', 'Arborio rice', '6560ebdf-ea2f-41c1-883f-11daefe587d5'),
('083c92ac-c042-4148-9963-3e795a31fdf1', 'adb964f4-fdb5-41cb-ab5d-25bb9099e6ac', 'Rolled oats', 'a8bd1453-e02b-4aed-96bf-19921fff378a'),
('acd5c46b-6c20-4ef6-8331-2e0480d7a4ea', '41b4c7c3-a899-47de-b003-f528de379fa1', 'Turmeric', '919fea2d-9d02-4a30-a92c-4d547687ed78'),
('1e3fe482-57a2-4514-891c-35f48ae31702', '41b4c7c3-a899-47de-b003-f528de379fa1', 'Onion', '979e64ce-6325-41e6-becc-7a1badfee5c8'),
('24627dc1-294f-4fcf-b5be-71ea9ea93a19', '67c708d0-8942-47ff-bc5d-025a3f4f9ee0', 'Turmeric', '14e057a6-a4b4-4dc5-908a-9b70ba19126f'),
('8d1c1038-5c9e-4077-b773-92457667e3bb', '67c708d0-8942-47ff-bc5d-025a3f4f9ee0', 'Mushroom', '3122aaec-eb04-474c-b3af-bd9dbac3965a'),
('0102fe50-4d52-44d9-af26-0a23c035d7bf', '6ff8d414-18b3-4d77-be42-640b921727d8', 'Arborio rice', 'a66530d1-d25c-440a-a0e8-94c2ff8a4668'),
('62bcfacf-443b-42e6-b39c-06f14e3864c1', '41b4c7c3-a899-47de-b003-f528de379fa1', 'Salmon', '22af57ca-eff4-4094-ad7a-7e4c59e4c95a'),
('9ef3f75e-8755-427e-af23-001a04ebef61', '67c708d0-8942-47ff-bc5d-025a3f4f9ee0', 'Chicken stock', 'e4efb5d9-9eb1-4b72-9b92-a035ffa152e8'),
('612c2546-8fd7-4220-9ca8-d97fb3ce4138', '41b4c7c3-a899-47de-b003-f528de379fa1', 'Paprika', '919fea2d-9d02-4a30-a92c-4d547687ed78'),
('57de17fc-746f-4cc1-b26c-ec9eadcb6256', '41b4c7c3-a899-47de-b003-f528de379fa1', 'Serrano pepper', '979e64ce-6325-41e6-becc-7a1badfee5c8'),
('dbc3bc03-f39f-4271-ad92-df86ac6fc589', '67c708d0-8942-47ff-bc5d-025a3f4f9ee0', 'Pizza dough', '9b06e54a-6d48-4571-8170-bfde84cd5427'),
('7c1e2b1d-e7e4-4c24-aafb-69f65156905b', '67c708d0-8942-47ff-bc5d-025a3f4f9ee0', 'Salt', '14e057a6-a4b4-4dc5-908a-9b70ba19126f'),
('0d989091-f819-413d-8b5b-a14e48a4448d', '67c708d0-8942-47ff-bc5d-025a3f4f9ee0', 'Onion', '3122aaec-eb04-474c-b3af-bd9dbac3965a'),
('9ffa2544-2402-41fd-a433-aa8757b2cbdd', '41b4c7c3-a899-47de-b003-f528de379fa1', 'Lemon', '979e64ce-6325-41e6-becc-7a1badfee5c8'),
('d31fdf78-4417-4be1-a5e4-f6c9cfd4913c', '67c708d0-8942-47ff-bc5d-025a3f4f9ee0', 'Tomato', '3122aaec-eb04-474c-b3af-bd9dbac3965a'),
('33f4dfcd-5406-4a6e-b2ca-583fa6bb47ae', '6ff8d414-18b3-4d77-be42-640b921727d8', 'Basil', 'cd3d8b50-4e9d-47a4-8239-65dcd578be4c'),
('baa3e442-2c74-4458-8fdc-55e402f6a59e', '67c708d0-8942-47ff-bc5d-025a3f4f9ee0', 'Oregano', '14e057a6-a4b4-4dc5-908a-9b70ba19126f'),
('6e5b1459-ce6a-421d-b02d-b29a9e0ef67d', 'adb964f4-fdb5-41cb-ab5d-25bb9099e6ac', 'Mustard', 'f819d626-aea1-402a-8a1a-71a8efb24786'),
('9c75eb90-4eb1-4991-82f2-424a7ed87ae6', '6ff8d414-18b3-4d77-be42-640b921727d8', 'Garlic powder', 'cd3d8b50-4e9d-47a4-8239-65dcd578be4c'),
('a54dac76-db58-4b0e-93a1-3c17913b6e23', '6ff8d414-18b3-4d77-be42-640b921727d8', 'Salmon', '32ad20a0-f7f2-442c-b4a7-9a2ec9cea15a'),
('750b1813-4f30-4260-8373-b328f5db6ccd', 'a34f3958-e00c-4a99-a66d-ab32152ed259', 'Spinach', '4e8a03a2-7762-4aff-b885-9ea8eb060b7c'),
('137a7f52-a5a5-43f4-8701-db74590f65cc', 'adb964f4-fdb5-41cb-ab5d-25bb9099e6ac', 'Yellow onion', 'f72ca596-1001-46cd-96cc-e03280cee4ef'),
('7ab43c31-9e6f-4c26-878d-81684e759c22', '41b4c7c3-a899-47de-b003-f528de379fa1', 'Mozzarella cheese', '51d64535-3c28-47d5-99fe-702acfa79132'),
('3727d39a-cfe9-430b-a9ae-08977cd977d0', '67c708d0-8942-47ff-bc5d-025a3f4f9ee0', 'Chives', '14e057a6-a4b4-4dc5-908a-9b70ba19126f'),
('aa4688a9-d692-4319-9f53-4f4a93cc67f7', '41b4c7c3-a899-47de-b003-f528de379fa1', 'Mushroom', '979e64ce-6325-41e6-becc-7a1badfee5c8');

INSERT INTO public.tags (id, user_id, name, color) VALUES
('b021d7e0-abb0-4af9-bb7b-1e6595f584cd', 'a34f3958-e00c-4a99-a66d-ab32152ed259', 'turkey', ''),
('eaff64a4-0570-4908-a564-2f3d009f9f9a', '41b4c7c3-a899-47de-b003-f528de379fa1', 'Pescatarian', ''),
('2babe567-05ac-4b85-af26-f845fda8bca6', '41b4c7c3-a899-47de-b003-f528de379fa1', 'Vegan', ''),
('85fffa20-65e3-4874-bf0a-56249992284c', 'a34f3958-e00c-4a99-a66d-ab32152ed259', 'vegetarian', ''),
('c035c70f-8c64-4ad9-b9fe-f0f4a40d4b29', '67c708d0-8942-47ff-bc5d-025a3f4f9ee0', 'Easy', ''),
('9418cfff-a00d-4a75-ab32-c25635ef1766', 'adb964f4-fdb5-41cb-ab5d-25bb9099e6ac', 'Pescatarian', ''),
('42fb036d-0eff-465b-acdc-ae4ae8ca10dc', '41b4c7c3-a899-47de-b003-f528de379fa1', 'Vegetarian', ''),
('805e25b7-ef01-4972-8c06-c111677a8362', '6ff8d414-18b3-4d77-be42-640b921727d8', 'Vegan', ''),
('8780bad3-237a-45f5-8a2a-8bf88ef7c429', 'a34f3958-e00c-4a99-a66d-ab32152ed259', 'salad', ''),
('f840fa9b-c374-4b71-a2be-723511c7651e', 'a34f3958-e00c-4a99-a66d-ab32152ed259', 'beef', ''),
('22f04899-6937-4872-9363-66109f7aeb3d', 'a34f3958-e00c-4a99-a66d-ab32152ed259', 'dessert', ''),
('4836d28a-76e3-4e9c-ad59-d36b8b851a10', 'adb964f4-fdb5-41cb-ab5d-25bb9099e6ac', 'Microwave', ''),
('a4cbc409-5f6d-4e9b-8786-b1df529e9bcf', 'c576d15b-0d62-46a3-a62c-bf1be49e6fa5', 'Vegan', ''),
('b2f1f5fd-f527-47a5-a0ec-762851a2ee4b', '64ed428e-10b7-428e-b584-e3b6378cb171', 'Pescatarian ', ''),
('86bf23eb-65b8-467e-b27c-803f98baf538', 'a34f3958-e00c-4a99-a66d-ab32152ed259', 'pork', ''),
('d86763fb-a7ac-4203-9b10-efe6b7c7d5ab', '67c708d0-8942-47ff-bc5d-025a3f4f9ee0', 'Vegan', ''),
('f8752cf0-333a-4769-88ed-46a28c0b8867', 'c576d15b-0d62-46a3-a62c-bf1be49e6fa5', 'Easy', ''),
('336a7813-f467-4445-a88c-bf4f918219b4', 'a34f3958-e00c-4a99-a66d-ab32152ed259', 'Mexican', ''),
('376c163c-6f10-46c7-ad9f-729760d8678b', '6ff8d414-18b3-4d77-be42-640b921727d8', 'Vegetarian', ''),
('6bfe7dae-3035-4a47-acdb-9e00061ea243', 'c576d15b-0d62-46a3-a62c-bf1be49e6fa5', 'Vegetarian', ''),
('659fab41-7fed-4f97-9345-692445dbd85e', '67c708d0-8942-47ff-bc5d-025a3f4f9ee0', 'Pescatarian', ''),
('3e22f142-a348-4c19-8ac7-104d378e820e', 'c576d15b-0d62-46a3-a62c-bf1be49e6fa5', 'Pescatarian', ''),
('a798f4ec-f64d-46da-a587-ea6a9efd1569', '6ff8d414-18b3-4d77-be42-640b921727d8', 'Easy', ''),
('f778fed8-d251-4707-af3e-7aa995597e5a', 'a34f3958-e00c-4a99-a66d-ab32152ed259', 'bread', ''),
('65e7de25-137a-4e41-aada-3d1303937076', 'a34f3958-e00c-4a99-a66d-ab32152ed259', 'appetizer', ''),
('76cd4131-d785-4f19-b795-cd9ace949741', 'a34f3958-e00c-4a99-a66d-ab32152ed259', 'grill', ''),
('3c0a85ad-b284-4c6f-aeb7-8f97a30b6839', '41b4c7c3-a899-47de-b003-f528de379fa1', 'Easy', ''),
('746d09d4-6337-49bb-a63c-3fbf5c934888', 'a34f3958-e00c-4a99-a66d-ab32152ed259', 'fruit', ''),
('bfe34de1-1ca7-4da7-a412-203fe2dabdc9', 'a34f3958-e00c-4a99-a66d-ab32152ed259', 'pasta', ''),
('988a642a-73d1-4b5b-ab02-343bf4a99a51', 'a34f3958-e00c-4a99-a66d-ab32152ed259', 'potatoes', ''),
('ed29f377-5341-4a06-9a2b-ad20bca7442b', '64ed428e-10b7-428e-b584-e3b6378cb171', 'Chicken', ''),
('cecf35a6-84e3-4093-8c2f-776ae2a9a7aa', 'a34f3958-e00c-4a99-a66d-ab32152ed259', 'vegetables', ''),
('b08ca0aa-2071-4bb1-8aba-a3af27c9497c', 'a34f3958-e00c-4a99-a66d-ab32152ed259', 'sandwiches', ''),
('4886b1a7-648e-4f49-8a26-4ff41448e144', 'a34f3958-e00c-4a99-a66d-ab32152ed259', 'soup', ''),
('541c6411-7267-4b66-b4c2-dc1e07cc86a8', '6ff8d414-18b3-4d77-be42-640b921727d8', 'Pescatarian', ''),
('669914e5-b8ac-44cd-acc8-2e4728db0f26', 'a34f3958-e00c-4a99-a66d-ab32152ed259', 'rice', ''),
('8e5007d2-1fca-4f7a-bdc4-86a31e876830', '67c708d0-8942-47ff-bc5d-025a3f4f9ee0', 'Vegetarian', ''),
('bc1ef5f4-fd3b-443b-9856-d705ca53df6c', 'adb964f4-fdb5-41cb-ab5d-25bb9099e6ac', 'Vegan', ''),
('cb124de8-6d7d-41b1-8f65-449d4dd0dad1', 'adb964f4-fdb5-41cb-ab5d-25bb9099e6ac', 'Vegetarian', ''),
('c1fb9718-1ac7-4a69-9baf-0f52631edad4', 'a34f3958-e00c-4a99-a66d-ab32152ed259', 'Asian', ''),
('5e65ec66-9c27-4e92-badd-d51ec0e250ac', 'a34f3958-e00c-4a99-a66d-ab32152ed259', 'chicken', '');

INSERT INTO public.dishes (id, user_id, name, type, description, link, notes, favorited) VALUES
('77481658-b218-4e92-bf68-e37e75566954', 'a34f3958-e00c-4a99-a66d-ab32152ed259', 'Takeout', 'main', '', '', '', false),
('87717594-7507-4d65-87ee-e382e925841b', 'adb964f4-fdb5-41cb-ab5d-25bb9099e6ac', 'Miso butter corn', 'side', 'Mix into soups, stir-fries, and ramen', 'https://cookanyday.com/products/david-chang-s-miso-butter-corn?variant=40297570205786', '', false),
('79168836-d40d-4f25-9b6e-c957224b2b6e', 'a34f3958-e00c-4a99-a66d-ab32152ed259', 'Chocolate Chocolate Chip Bundt Cake ', 'dessert', '', '', '', false),
('9a30bc66-c722-469c-93bb-c5cece8133e3', '6ff8d414-18b3-4d77-be42-640b921727d8', 'Cornbread', 'side', 'Made in the skillet with brown butter', 'https://cooking.nytimes.com/recipes/1016965-brown-butter-skillet-cornbread', '', false),
('4d8f1a4c-3049-46a9-b450-b846f38f68c4', '67c708d0-8942-47ff-bc5d-025a3f4f9ee0', 'Miso Soup', 'side', '', '', '', false),
('8eb11cbf-aee6-4cc3-af17-62a28691df34', 'a34f3958-e00c-4a99-a66d-ab32152ed259', 'Vegetarian - Eggplant Parmesan', 'main', 'sliced, breaded eggplant fried and in tomato sauce with mozzarella cheese [salad, garlic bread]', '', '', false),
('c4ea67ad-5d5a-4b5c-aab6-01d356e9eee9', 'adb964f4-fdb5-41cb-ab5d-25bb9099e6ac', 'Huevos Rotos', 'main', '', 'https://cooking.nytimes.com/recipes/1020055-huevos-rotos-broken-eggs', '', false),
('2786e98f-e5ed-4da6-8191-d3ee64e66d38', '64ed428e-10b7-428e-b584-e3b6378cb171', 'Honey Walnut Shrimp', 'main', 'Quintessential ABC Dish', '', '<p><span style="text-decoration: underline;"><strong>Ingredients</strong></span></p>
<ul>
<li>1 tbsp butter</li>
<li>1/2 cup water</li>
<li>1 tbsp honey&nbsp;</li>
<li>1 tbsp brown sugar</li>
<li>Shrimp&nbsp;</li>
<li>2 eggs</li>
<li>1/2 cup corn starch</li>
<li>3 tbsp mayo&nbsp;</li>
<li>1 tbsp honey</li>
<li>1 tsp lemon juice</li>
</ul>
<p>&nbsp;</p>
<p><strong><span style="text-decoration: underline;">Instructions</span></strong></p>
<ul>
<li>Caramelize butter with water, honey, and sugar over medium heat (wait for it to bubble)</li>
<li>Add walnuts and cook for 5 minutes</li>
<li>Remove and separate on pan</li>
</ul>
<p>&nbsp;</p>
<ul>
<li>Season shrimp with salt and pepper</li>
<li>Scramble eggs and coat shrimp</li>
<li>Coat shrimp with corn starch</li>
<li>Pan fry shrimp and return walnuts to pan</li>
<li>Coat with sauce</li>
</ul>
<p>&nbsp;</p>
<p>&nbsp;</p>', false),
('7f2f9db7-c058-4484-8a65-84e8819416f6', '64ed428e-10b7-428e-b584-e3b6378cb171', 'Pesto pasta', 'main', '', '', '', false),
('c41cd1df-6a60-4bc1-88c2-857a2e20d7a7', 'a34f3958-e00c-4a99-a66d-ab32152ed259', 'French Toast ', 'main', '', '', '', false),
('8522d9a7-83e7-4344-84e3-be16bad84f21', '67c708d0-8942-47ff-bc5d-025a3f4f9ee0', 'Enchiladas', 'main', '', 'https://cooking.nytimes.com/recipes/1018152-enchiladas-con-carne', '', false),
('17684124-1a8b-4b44-90e1-36320fe117f3', '67c708d0-8942-47ff-bc5d-025a3f4f9ee0', 'Roasted Cauliflower', 'side', '', 'https://cooking.nytimes.com/recipes/7588-roasted-cauliflower', '', false),
('8f2c1a03-d595-4aa7-ac63-489f64dbd3eb', 'adb964f4-fdb5-41cb-ab5d-25bb9099e6ac', 'Thai curry', 'main', 'With coconut milk and vegetables', 'https://cookanyday.com/products/thai-pineapple-chicken-curry', '', false),
('3272d163-94ee-4537-b34e-8f4586ba9979', 'a34f3958-e00c-4a99-a66d-ab32152ed259', 'Bread - Pillsbury crescent rolls', 'side', 'baked rolls from can', '', '', false),
('db657d52-0edf-4532-a5b8-d8fc68f82698', 'a34f3958-e00c-4a99-a66d-ab32152ed259', 'Breakfast - French Toast', 'main', 'Brioche bread [bacon]', '', '', false),
('7c1e4353-6ab2-43d2-9617-838e19c7c914', '41b4c7c3-a899-47de-b003-f528de379fa1', 'Pizza', 'main', 'Delicious round vessel from Italy', 'https://cooking.nytimes.com/guides/1-how-to-make-pizza', '', false),
('4a2fc727-a582-40f0-9358-cbb0e2c11ec0', 'a34f3958-e00c-4a99-a66d-ab32152ed259', 'Vegetables - Tomato & Squash Casserole', 'side', 'Yellow Squash, Tomatoes, Onion Casserole', '', '', false),
('b3ab426f-c3bd-4a87-b977-2927b3cd248f', 'a34f3958-e00c-4a99-a66d-ab32152ed259', 'Chicken - Oven-Fried Chicken', 'main', 'baked with Panko topping [apple-walnut salad, new potatoes]', '', '', false),
('076901ce-d4fb-43a9-893d-6e1fa21d58d6', '41b4c7c3-a899-47de-b003-f528de379fa1', 'Sweet Potato Fries', 'side', '', '', '', false),
('f81e0ba7-8189-4514-aacd-c288fcb0e54d', 'a34f3958-e00c-4a99-a66d-ab32152ed259', 'Beef - marinated steak kebobs on grill', 'main', '', 'steak marinated in teriyaki sauce [veggie kebobs, rice]', '', false),
('facfa993-d3c9-4746-b67c-cdc227a43e6c', 'a34f3958-e00c-4a99-a66d-ab32152ed259', 'Vegetables - roasted asparagus', 'side', '', '', '', false),
('da30ae3c-8ea8-4379-b46a-631873273235', '6ff8d414-18b3-4d77-be42-640b921727d8', 'Huevos Rotos', 'main', '', 'https://cooking.nytimes.com/recipes/1020055-huevos-rotos-broken-eggs', '', false),
('82a44e3f-6c38-42ea-b5f8-b7f838ba43d0', 'a34f3958-e00c-4a99-a66d-ab32152ed259', 'Vegetables - TJ''s Frz Fire Roasted Peppers & Onions', 'side', '', '', '', false),
('e7c20dfd-fd12-41d0-a432-e308ed099c9e', 'a34f3958-e00c-4a99-a66d-ab32152ed259', 'Trader Joe''s Harvest Blend', 'side', 'mix of couscous, quinoa, orzo, garbanzo beans', '', '', false),
('60b7330c-3878-45b6-8d49-3e0e8e04042c', 'a34f3958-e00c-4a99-a66d-ab32152ed259', 'Bread - small loaf baked bread (frz)', 'side', 'baked frozen bread loaf', '', '', false),
('bec00396-942b-4070-8d89-e7161aabf829', '6ff8d414-18b3-4d77-be42-640b921727d8', 'Guacamole', 'side', '', '', '', false),
('687e2138-9c11-4771-8157-f62cafadcda9', '41b4c7c3-a899-47de-b003-f528de379fa1', 'Tiramisu', 'dessert', 'Delicious coffee-flavored Italian cake', 'https://cooking.nytimes.com/recipes/1018684-classic-tiramisu', '', false),
('4036affb-053f-45c9-9d02-acb5d920ee20', '6ff8d414-18b3-4d77-be42-640b921727d8', 'Tiramisu', 'dessert', 'Delicious coffee-flavored Italian cake', 'https://cooking.nytimes.com/recipes/1018684-classic-tiramisu', '', false),
('2f8024c8-f0d1-4105-9d9e-9c437d165cb8', '41b4c7c3-a899-47de-b003-f528de379fa1', 'Sushi', 'main', 'Delicious tiny vessels from Japan', '', '', false),
('0601443e-a45e-407d-9175-80436b5790fc', 'a34f3958-e00c-4a99-a66d-ab32152ed259', 'Dobosh Torte', 'dessert', '', '', '', false),
('48e966ba-4333-42c7-8cbd-2982f28bb67b', '6ff8d414-18b3-4d77-be42-640b921727d8', 'Enchiladas', 'main', '', 'https://cooking.nytimes.com/recipes/1018152-enchiladas-con-carne', '', false),
('0ac2d051-7c1c-49f3-b72f-98f47d81aa99', 'a34f3958-e00c-4a99-a66d-ab32152ed259', 'Bread - Stove Top stuffing', 'side', 'Stove Top stuffing', '', '', false),
('0bbcb25b-14ad-4f66-99dd-1295fafe3d73', 'c576d15b-0d62-46a3-a62c-bf1be49e6fa5', 'Thai Curry', 'main', 'Delicious fragrant stew from Thailand', 'https://cooking.nytimes.com/recipes/1015694-vegan-thai-curry-vegetables', '', false),
('4ade9cb7-d1cf-4ba4-aba9-dd62c3094df6', '67c708d0-8942-47ff-bc5d-025a3f4f9ee0', 'Tiramisu', 'dessert', 'Delicious coffee-flavored Italian cake', 'https://cooking.nytimes.com/recipes/1018684-classic-tiramisu', '', false),
('df965e37-ea3a-4571-aefe-3c4aecb330b7', 'a34f3958-e00c-4a99-a66d-ab32152ed259', 'Vegetables - steamed broccoli', 'side', '', '', '', false),
('9cc985b1-d4dc-4c4d-9bd3-a59c3bb7d278', 'a34f3958-e00c-4a99-a66d-ab32152ed259', 'Vegetables - corn', 'side', 'canned corn', '', '', false),
('6cdfaba9-4d12-40ab-aeec-1aa399182bb5', 'a34f3958-e00c-4a99-a66d-ab32152ed259', 'Chicken - Enchiladas', 'main', 'shr. chicken w/ black beans, corn, tomatoes rolled in flour tortillas covered in enchilada sauce & cheese [Spanish rice, nacho chips]', '', '', false),
('21809b00-3873-4c07-b8eb-eebb58b1c101', 'a34f3958-e00c-4a99-a66d-ab32152ed259', 'Salad - apple-walnut salad', 'side', 'butter or red leaf lettuce, homemade dressing, sliced apples, toasted walnuts, Parmesan cheese', '', '', false),
('98ec4595-9d44-443b-bf2a-600573e98038', 'a34f3958-e00c-4a99-a66d-ab32152ed259', 'Pizza - Detroit Pizza', 'main', 'homemade with Trader Joe''s pizza dough, mozzarella & cheddar & parmesan cheeses, pizza sauce and peppers', '', '', false),
('d253c964-99ec-43cb-baab-67b4d72d3388', 'adb964f4-fdb5-41cb-ab5d-25bb9099e6ac', 'Salmon burgers', 'main', '', '', '', false),
('e105ff58-02e1-4aec-9f5f-5bea457d3f2a', 'a34f3958-e00c-4a99-a66d-ab32152ed259', 'Pasta - Spinach Lasagna', 'main', 'lasagna noodles, tomato sauce, spinach, ricotta, Parmesan & mozzarella cheeses [garlic bread]', '', '', false),
('8aa128ba-8563-4713-838d-c4e1dfc3c5f4', 'a34f3958-e00c-4a99-a66d-ab32152ed259', 'Bread - cornbread', 'side', 'baked cornbread from mix', '', '', false),
('32de8b11-01c8-4a2b-8ba8-8bc1ff51d1b4', 'a34f3958-e00c-4a99-a66d-ab32152ed259', 'Pork - Meatloaf - Asian Pork Meatloaf', 'main', 'ground pork, black garlic, ginger, panko [roasted green beans, baked white potatoes]', '', '', false),
('3672da2c-cd57-4fed-a1e7-58637428f7a3', 'a34f3958-e00c-4a99-a66d-ab32152ed259', 'Pasta Salad', 'side', '', '', '', false),
('9f90fcc5-6dbd-432b-88e3-76331e710b6e', 'a34f3958-e00c-4a99-a66d-ab32152ed259', 'Chicken - Ritzy Baked Chicken', 'main', 'chicken breasts baked in spicy sour cream and crushed Ritz cracker coating [balsamic green salad, new potatoes]', '', '', false),
('799d16e1-60da-491e-aa2d-c1c2fabcdc0c', '67c708d0-8942-47ff-bc5d-025a3f4f9ee0', 'Red Lentil Soup', 'main', '', 'https://cooking.nytimes.com/recipes/1016062-red-lentil-soup-with-lemon', '', false),
('4659de64-eb32-4b4c-9bd3-4a853feb5f44', '64ed428e-10b7-428e-b584-e3b6378cb171', 'Huevos rotos', 'main', '', '', '', false),
('e7b53eb2-aa95-4c3e-92d5-8e6fd2d7c4d8', '64ed428e-10b7-428e-b584-e3b6378cb171', 'Double pie crust', 'dessert', '', '', '<p><strong>Ingredients:</strong></p>
<ul>
<li>2&frac12;&nbsp; (325 grams) cups all-purpose flour, plus more to dust</li>
<li>1 tsp salt</li>
<li>&frac12; tbsp sugar</li>
<li>1 cup of very cold unsalted butter (2 sticks), cut into &frac12; inch&nbsp;</li>
<li>4 to 8 tbsp ice water&nbsp;</li>
</ul>
<p><strong>Instructions:</strong></p>
<ul>
<li>Pulse dry ingredients to combine</li>
<li>Add butter and pulse until coarse crumbs form with some lima bean size pieces; should remain dry and powdery</li>
<li>Slowly add ice water, 1 tbsp at a time, and pulse until dough comes together; should be moist, but not wet
<ul>
<li>If you pinch some of the dough and it holds together, it&rsquo;s ready.</li>
</ul>
</li>
<li>Gather dough together into a ball (do not knead); divide in half and flatten to disks</li>
<li>Cover with plastic wrap and refrigerate for at least 1 hour</li>
<li>Rolling out:
<ul>
<li>Remove dough from refrigerator and let sit for 5 minutes</li>
<li>Flour surface, dough, and rolling pin</li>
<li>Roll to fit pie dish with 1 inch edge over the circumference&nbsp;</li>
<li>Transfer to pie dish and trim if necessary</li>
<li>Tuck the edge inwards, but don&rsquo;t crimp until the top is on</li>
</ul>
</li>
</ul>', false),
('267512d6-1522-43a7-b515-2083ccbcf83d', 'a34f3958-e00c-4a99-a66d-ab32152ed259', 'Bread - TJ''s cheesey dinner rolls', 'side', '', '', '', false),
('a8a768e3-3c05-4df2-806f-8a0b74b90325', 'a34f3958-e00c-4a99-a66d-ab32152ed259', 'Petit Fours', 'dessert', '', '', '', false),
('efcd8688-2ab3-48c0-81fd-97afe1b52155', 'a34f3958-e00c-4a99-a66d-ab32152ed259', 'Risotto - Asparagus Risotto', 'main', 'arborio rice, asparagus, onion, garlic, lemon, parmesan cheese [Balsamic green salad, dinner rolls]', '', '', false),
('75ed38b1-3ee7-4ef7-b9ca-85bb16903206', '67c708d0-8942-47ff-bc5d-025a3f4f9ee0', 'Greek Salad', 'main', '', '', '', false),
('21c6e676-98f4-4563-b3a8-8f1f06e79eab', '64ed428e-10b7-428e-b584-e3b6378cb171', 'Shakshuka', 'main', 'Sauce from jar, eggs, rice', '', '', false),
('f500fd57-4233-4136-b728-3c50c8e02bb4', 'a34f3958-e00c-4a99-a66d-ab32152ed259', 'Pasta - side serving with tomato sauce', 'side', '', '', '', false),
('35715f3f-55b1-4694-9864-7f8d2e4bb2f7', 'abaf1de7-05ca-4bd0-b7fd-7a57a7a37870', 'Mashed Potatoes', 'side', 'Delicious squishy vessel from the U.K.', '', '', false),
('0397420b-3a49-4a42-874d-bab4880cf474', 'a34f3958-e00c-4a99-a66d-ab32152ed259', 'Chicken - Chicken Florentine', 'main', 'Chicken breasts pan-fried with sauce of wine, cream, spinach [roasted potatoes]', '', '', false),
('d6cfff8e-d5ce-41b6-91c5-945cc7445812', 'a34f3958-e00c-4a99-a66d-ab32152ed259', 'Beans - Baked', 'side', '', '', '', false),
('c6f7654f-777f-4176-88b8-00c0ed98c8ba', 'a34f3958-e00c-4a99-a66d-ab32152ed259', 'Vegetable - Spinach', 'side', '', '', '', false),
('7cce3d62-a680-4d14-9669-51272db4e380', 'a34f3958-e00c-4a99-a66d-ab32152ed259', 'Pork - Pulled Pork Sandwiches', 'main', '', '', '', false),
('50ac0e48-33d8-4ccf-bed6-f7b135d9f31c', 'a34f3958-e00c-4a99-a66d-ab32152ed259', 'Pasta - TikTok Baked Feta Pasta', 'main', 'bowtie pasta, grape tomatoes, block feta cheese, garlic cloves, fresh basil [small loaf baked bread]', '', '', false),
('98a4bcaf-746b-44e5-9215-297fe05599f0', 'a34f3958-e00c-4a99-a66d-ab32152ed259', 'Pasta - TJ''s Frz Cacio e Pepe Pasta', 'side', '', '', '', false),
('4824650f-2a3e-4237-b1cd-f78e1ddee014', 'a34f3958-e00c-4a99-a66d-ab32152ed259', 'Bread - garlic Boboli pizza', 'side', 'Boboli shell, olive oil, garlic powder, Romano cheese, dried basil', '', '', false),
('86cfef9d-88e0-4f27-9936-01b8b218e342', 'c576d15b-0d62-46a3-a62c-bf1be49e6fa5', 'Sushi', 'main', 'Delicious tiny vessels from Japan', '', '', false),
('07884dc3-4ea5-48d2-92ea-4b2c54ef0ac7', 'c576d15b-0d62-46a3-a62c-bf1be49e6fa5', 'Salmon Burgers', 'main', '', 'https://cooking.nytimes.com/recipes/7131-salmon-burgers', '', false),
('21d743bd-3f0d-43bf-98a2-c9d8428182aa', '67c708d0-8942-47ff-bc5d-025a3f4f9ee0', 'Fried Chicken', 'main', '', 'https://cooking.nytimes.com/recipes/1018219-buttermilk-fried-chicken', '', false),
('ce0eab5e-49d9-48ba-8db3-7032beb06efd', 'a34f3958-e00c-4a99-a66d-ab32152ed259', 'Pasta - Gnocchi w/ Asparagus, Leeks, Tomatoes', 'main', 'Sheet Pan Gnocchi with roasted asparagus, leeks & grape tomatoes w/ lemon butter, Parmesan & chives [bread]', '', '', false),
('37dab4f1-dec6-4b5b-a955-1157438d350f', 'a34f3958-e00c-4a99-a66d-ab32152ed259', 'Pasta - Creamy Pasta & Greens', 'main', 'ditalini pasta, frozen spinach, whole milk, Parmesan cheese [frozen garlic bread]', 'https://cooking.nytimes.com/recipes/1021804-one-pot-creamy-pasta-and-greens?action=click&module=RecipeBox&pgType=recipebox-page&region=all&rank=1', '', false),
('4608a870-6659-4398-acb9-8c865711e245', '64ed428e-10b7-428e-b584-e3b6378cb171', 'Chicken wings', 'main', 'Chicken', '', '', false),
('a0e87b5f-98b7-4660-a96b-7728fde61a5c', '41b4c7c3-a899-47de-b003-f528de379fa1', 'Guacamole', 'side', '', '', '', false),
('1aa8cd08-8b88-4ee1-b814-4d4bb3b027bb', 'a34f3958-e00c-4a99-a66d-ab32152ed259', 'Pasta - Spaghetti Pasta & Broccoli', 'main', 'spaghetti, garlic, broccoli [garlic Boboli pizza, tomatoes with Balsamic dressing]', '', '', false),
('58736568-686a-49a8-9ee0-56b3af6e6ac8', 'a34f3958-e00c-4a99-a66d-ab32152ed259', 'One Pot Lemon Pasta with Asparagus & Chicken', 'main', 'meal cooked in Dutch oven: chicken breasts, asparagus, pasta, cream, lemon, Parmesan [bread]', '', '', false),
('93ce0e09-a416-4f5e-9f3c-65f655654556', 'a34f3958-e00c-4a99-a66d-ab32152ed259', 'Salad - Caesar salad', 'side', 'Romaine lettuce, homemade dressing, Parmesan cheese, ciabatta croutons', '', '', false),
('39159244-32b8-40dd-b953-2649ad8e725c', 'a34f3958-e00c-4a99-a66d-ab32152ed259', 'Tacos - Ground Beef Tacos', 'main', 'ground beef, tortillas, sour cream, Roma tomatoes, cheese, taco sauce, opt. - black beans, avocados, pickled onions [Mexican rice]', '', '', false),
('db8de262-4a0f-4ab9-a1ca-1e27f4325337', '67c708d0-8942-47ff-bc5d-025a3f4f9ee0', 'Salmon Burgers', 'main', '', 'https://cooking.nytimes.com/recipes/7131-salmon-burgers', '', false),
('b280d708-9143-4eb5-8ebd-2238e05dc35a', 'a34f3958-e00c-4a99-a66d-ab32152ed259', 'Salad - potato salad', 'side', '', '', '', false),
('f8f34879-cef8-4a64-970f-b982b50db617', 'a34f3958-e00c-4a99-a66d-ab32152ed259', 'Vegetables - roasted green beans', 'side', 'green beans, Parmesan cheese', '', '', false),
('ba7a7478-9437-431a-a507-ca828302f499', 'a34f3958-e00c-4a99-a66d-ab32152ed259', 'Vegetables - roasted zucchini', 'side', '', '', '', false),
('cd207502-9106-4a7c-b742-8e9b65ae79a6', 'a34f3958-e00c-4a99-a66d-ab32152ed259', 'Salad - butter lettuce salad', 'side', 'butter lettuce, sliced radishes, Parmesan cheese, homemade dressing', '', '', false),
('82d20646-421b-4f4f-b137-b28efa745e9e', '6ff8d414-18b3-4d77-be42-640b921727d8', 'Roasted Cauliflower', 'side', '', 'https://cooking.nytimes.com/recipes/7588-roasted-cauliflower', '', false),
('8422e2f0-8868-403e-ac6a-ab3c29a7d09b', 'a34f3958-e00c-4a99-a66d-ab32152ed259', 'Enchiladas - Zucchini Enchiladas ', 'main', 'shredded zucchini, black beans, rice [nacho chips, salsa]', '', '', false),
('3e232d97-2927-48f8-a6d1-9458cced09a0', 'a34f3958-e00c-4a99-a66d-ab32152ed259', 'Bread - fresh Italian bread', 'side', 'quality fresh Italian bread ', '', '', false),
('bb437b2f-6227-4f11-a6b9-761fd96eb812', 'a34f3958-e00c-4a99-a66d-ab32152ed259', 'Vegetables - tomatoes with balsamic vinegar dressing', 'side', 'tomatoes, balsamic vinegar, olive oil, fresh basil', '', '', false),
('6ad73d14-b410-43f4-860b-af28c258b572', 'a34f3958-e00c-4a99-a66d-ab32152ed259', 'Pizza - Frozen Pizza', 'main', '', '', '', false),
('462d4217-5648-496b-a981-ba516715d5a9', 'a34f3958-e00c-4a99-a66d-ab32152ed259', 'Soup - NYT frozen tortellini & spinach ', 'main', 'frozen tortellini, veggies, spinach, maybe sausage [crusty bread]', '', '', false),
('4e7aaec7-005b-464b-90c0-ba746c754b8b', 'a34f3958-e00c-4a99-a66d-ab32152ed259', 'Sandwiches - Chicken salad sandwiches', 'main', 'rolls, diced chicken breast, raisins, celery, walnuts [chips, supermarket pasta salad]', '', '', false),
('3a618909-a8ab-46b3-bad3-a472cb56c56a', 'c576d15b-0d62-46a3-a62c-bf1be49e6fa5', 'Red Lentil Soup', 'main', '', 'https://cooking.nytimes.com/recipes/1016062-red-lentil-soup-with-lemon', '', false),
('3cde939f-8b96-486d-9eb5-48069fc4500f', 'a34f3958-e00c-4a99-a66d-ab32152ed259', 'Bread - baked dinner rolls (frz)', 'side', 'Pepperidge Farm frozen rolls', '', '', false),
('31a2363a-d0f4-48eb-96bc-9cb34f49482b', 'a34f3958-e00c-4a99-a66d-ab32152ed259', 'Salad - orzo spinach pasta salad', 'side', 'Orzo Spinach Pasta Salad', '', '', false),
('60387cbd-0566-4cd6-b7cc-146afb683bf3', 'adb964f4-fdb5-41cb-ab5d-25bb9099e6ac', 'Paella', 'main', '', '', '', false),
('172d113d-2df3-4010-8abb-1c079d76afcc', 'abaf1de7-05ca-4bd0-b7fd-7a57a7a37870', 'Bagels', 'main', 'Delicious round vessels from Poland', '', '', false),
('0f4c7557-8275-47a3-869f-eb5970152798', 'a34f3958-e00c-4a99-a66d-ab32152ed259', 'Breakfast - Overnight French Toast, Bacon', 'main', '', '', '', false),
('cc00c42a-38b1-463a-81c7-706ce2af8f5e', 'a34f3958-e00c-4a99-a66d-ab32152ed259', 'Vegetables - roasted broccoli', 'side', 'broccoli, parmesan cheese', '', '', false),
('75f2b4df-baeb-4339-b505-9a6c17ea823b', 'adb964f4-fdb5-41cb-ab5d-25bb9099e6ac', 'Oatmeal chia pudding', 'main', 'Healthy, filling breakfast', 'https://cookanyday.com/products/chia-and-oatmeal-pudding?variant=39858633113690', '', false),
('024fc8ef-d178-44b3-b125-5a3f6fc3d4d9', '67c708d0-8942-47ff-bc5d-025a3f4f9ee0', 'Cornbread', 'side', 'Made in the skillet with brown butter', 'https://cooking.nytimes.com/recipes/1016965-brown-butter-skillet-cornbread', '', false),
('1cdee76e-0537-417a-8dac-e3c02e67d44a', '41b4c7c3-a899-47de-b003-f528de379fa1', 'Salmon Burgers', 'main', '', 'https://cooking.nytimes.com/recipes/7131-salmon-burgers', '', false),
('4f18ce15-51ee-41bd-8fc4-e3b8097b3e40', '64ed428e-10b7-428e-b584-e3b6378cb171', 'Fish stew', 'main', 'Fish, tomato sauce, broth', '', '<p><strong><span style="text-decoration: underline;">Ingredients</span></strong></p>
<ul>
<li>onion</li>
<li>garlic</li>
<li>thyme&nbsp;</li>
<li>CRP</li>
<li>diced tomatoes&nbsp;</li>
<li>crushed tomatoes</li>
<li>stock</li>
<li>red wine</li>
<li>fish (already cooked)</li>
<li>salt and pepper</li>
<li>shrimp &amp; scallop</li>
<li>lemon</li>
<li>parsley&nbsp;</li>
<li>basil</li>
</ul>
<p>&nbsp;</p>
<p><span style="text-decoration: underline;"><strong>Instructions:</strong></span></p>
<ul>
<li>cut onions, garlic, basil, parsely, thyme&nbsp;</li>
<li>pan fry salmon (salt &amp; pepper)</li>
<li>sautee onions, add garlic, then thyme, crp,&nbsp;</li>
<li>add tomatoes</li>
<li>add stock and red wine</li>
<li>simmer for 45 mins</li>
<li>add fish and then season with S&amp;P</li>
<li>add shrimp and scallop</li>
<li>lemon juice</li>
<li>add parsley and basil</li>
</ul>', false),
('9d754ec6-6dd6-48e7-a015-da8d976bb6b3', 'a34f3958-e00c-4a99-a66d-ab32152ed259', 'Vegetables - corn-on-cob', 'side', '', '', '', false),
('07eb0fe8-c08d-484f-a3f9-1ea09542fa59', 'a34f3958-e00c-4a99-a66d-ab32152ed259', 'Chicken - Curry', 'main', 'Chunks of chicken stir-fried chicken and veggies simmered in curry sauce then served over jasmine rice', '', '', false),
('2910945b-9c67-4c1f-859a-eb1cad8409aa', 'c576d15b-0d62-46a3-a62c-bf1be49e6fa5', 'Cornbread', 'side', 'Made in the skillet with brown butter', 'https://cooking.nytimes.com/recipes/1016965-brown-butter-skillet-cornbread', '', false),
('68f6a614-6f58-4119-8718-3a900fafb44b', 'a34f3958-e00c-4a99-a66d-ab32152ed259', 'Nacho chips', 'side', 'chips, salsa', '', '', false),
('4f136fdb-ea0d-4eb5-8a86-a45a20cb3799', 'adb964f4-fdb5-41cb-ab5d-25bb9099e6ac', 'Red lentil curry', 'main', '', 'https://cooking.nytimes.com/recipes/1020766-red-curry-lentils-with-sweet-potatoes-and-spinach', '', false),
('f270c500-f605-404f-9564-11287443b4cd', 'a34f3958-e00c-4a99-a66d-ab32152ed259', 'Curry - Sweet Potato', 'main', 'Sweet potato curry with spinach over jasmine rice', '', '', false),
('10b82988-7c61-4223-9c0f-e11433422d5e', 'adb964f4-fdb5-41cb-ab5d-25bb9099e6ac', 'Dal', 'main', '', 'https://cookanyday.com/products/microwave-dal-priya-krishna?variant=39527683883098', '', false),
('61a7aa60-2c1a-450a-bdd0-8d08c29f3470', '67c708d0-8942-47ff-bc5d-025a3f4f9ee0', 'Sushi', 'main', 'Delicious tiny vessels from Japan', '', '', false),
('1ec710ca-a34b-4a15-a772-638869da572c', 'abaf1de7-05ca-4bd0-b7fd-7a57a7a37870', 'Tacos', 'main', 'Delicious small vessels from Mexico', '', '', false),
('1d8baeb1-7b5c-4056-9fba-5ceb5ff6c4f4', '41b4c7c3-a899-47de-b003-f528de379fa1', 'Red Lentil Soup', 'main', '', 'https://cooking.nytimes.com/recipes/1016062-red-lentil-soup-with-lemon', '', false),
('e036e054-d86c-4767-a647-8130e4d35917', 'a34f3958-e00c-4a99-a66d-ab32152ed259', 'Beef - Meatballs', 'side', 'Italian meatballs - beef or pork', '', '', false),
('c0eb23fd-5b6a-4506-97b5-e14e2f4d20fb', 'c576d15b-0d62-46a3-a62c-bf1be49e6fa5', 'Pizza', 'main', 'Delicious round vessel from Italy', 'https://cooking.nytimes.com/guides/1-how-to-make-pizza', '', false),
('6eaf120a-7774-421a-901f-13bb67ebfcc4', 'adb964f4-fdb5-41cb-ab5d-25bb9099e6ac', 'Lemon orzo', 'main', 'With asparagus', 'https://cookanyday.com/products/microwave-lemon-orzo-asparagus-anyday?variant=39954574082138', '', false),
('3eea4b6e-5321-4859-9b83-2028486eea4f', 'a34f3958-e00c-4a99-a66d-ab32152ed259', 'Salad - tomato salad', 'side', 'tomatoes, onions, basil, oi & vinegar', '', '', false),
('4755793e-c13b-4b69-9d98-b4ddea336509', 'a34f3958-e00c-4a99-a66d-ab32152ed259', 'Bacon', 'side', '', '', '', false),
('6b538256-8b33-467e-935a-112ef80756b9', 'a34f3958-e00c-4a99-a66d-ab32152ed259', 'Chicken - BBQ chicken', 'main', 'grilled chicken breasts brushed with BBQ sauce [baked sweet potatoes, corn, baked beans, biscuits]', '', '', false),
('c130e4d3-f741-49d4-9103-0f0e257298ea', 'a34f3958-e00c-4a99-a66d-ab32152ed259', 'Pasta - Martha''s Marley Spoon Gnocchi w/ Tomatoes and Spinach', 'main', 'Pan-Fried Gnocchi, grape tomatoes, asparagus or green beans, spinach w/ Pesto dressing [bread]', '', '', false),
('295050b4-a507-4a56-a264-1b39136009b9', '64ed428e-10b7-428e-b584-e3b6378cb171', 'Claire Saffitz''s Chocolate Chip Cookies', 'dessert', 'Best cookies ever', 'https://www.youtube.com/watch?v=kPauR6tP_cg&t=105s', '<p>Ingredients:</p>
<pre>2 sticks unsalted butter (8 oz / 227g), cut into tablespoons
2 tablespoons heavy cream, half-and-half, or whole milk (1 oz / 28g)
2 cups all-purpose flour (9.2 oz / 260g)
2 teaspoons Diamond Crystal kosher salt (0.22 oz / 6g)
1 teaspoon baking soda (0.21 oz / 6g)
3/4 cup packed dark brown sugar (5.3 oz / 150g)
3/4 cup granulated sugar (5.3 oz / 150g)
2 large eggs (3.5 oz / 100g), cold from the refrigerator 
1 tablespoon vanilla extract
5 ounces (142g) bittersweet chocolate disks, half coarsely chopped
5 ounces (142g) milk chocolate disks, half coarsely chopped</pre>
<p>Instructions:</p>
<ul>
<li>brown butter over low heat; pour into mixing bowl</li>
<li>add 2 tbsp of heavy cream or milk and let it cool down</li>
<li>add equal amounts of white and brown sugar; mix</li>
<li>add eggs one at a time and mix</li>
<li>add vanilla and mix</li>
<li>in a separate bowl:&nbsp; mix flour, baking soda, salt (if morton use only 1 tsp!)&nbsp;</li>
<li>add dry ingredients into mixing bowl and mix</li>
<li>add chocolate and stir in&nbsp;</li>
<li>portion out dough and chill for at least a couple hours in the fridge</li>
<li>pre-heat oven to 350 degrees</li>
<li>bake for 10 minutes then switch racks to ensure even cooking</li>
<li>bake for 18-22 minutes total until golden brown edge</li>
</ul>', false),
('3f1886b1-efca-45d9-affc-5d1121622258', 'abaf1de7-05ca-4bd0-b7fd-7a57a7a37870', 'Salad', 'side', 'Lots of leaves in a bowl. Gross!', '', '', false),
('187f2a50-2a41-4950-a0da-7a0a02adc8c7', 'a34f3958-e00c-4a99-a66d-ab32152ed259', 'Fondue - meat', 'main', 'broth to cook chunks of filet mignon, chicken breast [Caesar salad]', '', '', false),
('0dad1149-9366-42c3-90d4-b8292d50de07', '6ff8d414-18b3-4d77-be42-640b921727d8', 'Sushi', 'main', 'Delicious tiny vessels from Japan', '', '', false),
('e3203298-713a-414b-92dd-9465cba0c204', 'a34f3958-e00c-4a99-a66d-ab32152ed259', 'Beef - Hot Dogs', 'main', 'hot dogs, hot dog buns [chips, baked beans]', '', '', false),
('ebae32d3-d9e2-4ca0-8500-b2a29e155321', 'a34f3958-e00c-4a99-a66d-ab32152ed259', 'Vegetarian - Curry', 'main', 'Curry paste with coconut milk, stir-fried vegetables, jasmine rice', '', '', false),
('9b707f7a-ce9b-4ea1-a1ee-a55ed9050ef0', 'adb964f4-fdb5-41cb-ab5d-25bb9099e6ac', 'Vegan queso', 'side', '', '', '<div>- 3/4 cup oat milk</div>
<div>- 1 cup nuts (I''ve been doing half almonds, half cashews but I think it would be fine to use all cashews). Toast them in a skillet for a few minutes first</div>
<div>- 1 medium red bell pepper, core removed</div>
<div>- 1 chipotle pepper + a bit of the sauce (I recommend buying a <a href="https://mestizomarket.com/wp-content/uploads/2019/08/product_c_h_chipotles_en_adobo_lc.png" target="_blank" rel="noopener" data-saferedirecturl="https://www.google.com/url?q=https://mestizomarket.com/wp-content/uploads/2019/08/product_c_h_chipotles_en_adobo_lc.png&amp;source=gmail&amp;ust=1638193999693000&amp;usg=AOvVaw0mhe-PHaCfFHScGe2P9eHn">can of chipotles in adobo sauce</a> from the Mexican aisle. You can save what you don''t use in a tupperware)</div>
<div>- 1/4 cup nutritional yeast</div>
<div>- Salt to taste (up to a teaspoon)</div>
<div>- 1/2 teaspoon of turmeric (optional)</div>
<div>&nbsp;</div>
<div>Blend all ingredients 5/6 minutes, until the mixture is physically hot. Lasts about a week in the fridge. Tasty cold or hot!</div>', false),
('8c3f77a3-1d27-47b7-9785-119e805d4786', 'a34f3958-e00c-4a99-a66d-ab32152ed259', 'Sandwiches - BLT''s', 'main', 'toasted farmhouse bread, bacon, lettuce, tomatoes [chips, supermarket pasta salad]', '', '', false),
('4edadc4c-ae5b-409e-9a2a-6205a50bf180', '6ff8d414-18b3-4d77-be42-640b921727d8', 'Salmon Burgers', 'main', '', 'https://cooking.nytimes.com/recipes/7131-salmon-burgers', '', false),
('b60e3a90-52fa-4179-bfef-c3984df94b2a', 'a34f3958-e00c-4a99-a66d-ab32152ed259', 'Pasta - Orzo spinach pilaf', 'side', '', '', '', false),
('0b54e600-eb80-47a3-8a8f-55b6cf28ad9c', 'abaf1de7-05ca-4bd0-b7fd-7a57a7a37870', 'Sushi', 'main', 'Delicious tiny vessels from Japan', '', '', false),
('8202e659-2332-4f19-926a-cd93cb83ecbd', '6ff8d414-18b3-4d77-be42-640b921727d8', 'Macaroni and Cheese', 'side', 'Delicious baked noodles from the USA', 'https://cooking.nytimes.com/recipes/1015825-creamy-macaroni-and-cheese', '', false),
('97b075c6-a9c3-4552-8925-678c3aded95a', '6ff8d414-18b3-4d77-be42-640b921727d8', 'Red Lentil Soup', 'main', '', 'https://cooking.nytimes.com/recipes/1016062-red-lentil-soup-with-lemon', '', false),
('2a029585-183f-4874-839a-b547655448ce', '6ff8d414-18b3-4d77-be42-640b921727d8', 'Pizza', 'main', 'Delicious round vessel from Italy', 'https://cooking.nytimes.com/guides/1-how-to-make-pizza', '', false),
('1f196de0-590f-4449-9ad2-bc1989b7927f', 'a34f3958-e00c-4a99-a66d-ab32152ed259', 'Vegetarian - Za''atar-Roasted Cauliflower', 'main', 'roasted cauliflower, farro, dates, peppers, feta', '', '', false),
('476a632a-005a-4609-8cdf-fcff91c34c40', 'c576d15b-0d62-46a3-a62c-bf1be49e6fa5', 'Macaroni and Cheese', 'side', 'Delicious baked noodles from the USA', 'https://cooking.nytimes.com/recipes/1015825-creamy-macaroni-and-cheese', '', false),
('b7d72b95-aadd-4f94-a3c0-35a062d1fc89', 'a34f3958-e00c-4a99-a66d-ab32152ed259', 'Salad - Italian salad', 'side', 'green leaf lettuce, Olive Garden dressing, tomatoes, red peppers, red onion, croutons, Parmesan', '', '', false),
('a7d4698b-19a3-43cc-98c4-06c9e0f62354', 'a34f3958-e00c-4a99-a66d-ab32152ed259', 'Potatoes - sweet potato fries', 'side', '', '', '', false),
('43739412-2b08-40a4-bbff-9eabba4261b3', 'a34f3958-e00c-4a99-a66d-ab32152ed259', 'Chicken - Chicken Parmesan', 'main', 'breaded, pan-fried chicken breasts, tomato sauce, mozzarella cheese [pasta, Italian/Caesar salad, garlic bread, extra sauce]', '', '', false),
('a6950632-ec59-444e-8e5d-f7e69b2cb875', 'adb964f4-fdb5-41cb-ab5d-25bb9099e6ac', 'Sweet potato fries', 'side', '', '', '', false),
('c155d19c-abd0-4af2-befb-49a33baeef8b', 'a34f3958-e00c-4a99-a66d-ab32152ed259', 'Vegetarian - Shakshuka', 'main', 'red pepper, onion, tomatoes, diced potatoes, eggs, feta cheese [baked pita chips]', '', '', false),
('c23c2e1c-1805-45be-a457-03de2f6e6083', '41b4c7c3-a899-47de-b003-f528de379fa1', 'Miso Soup', 'side', '', '', '', false),
('3b50cbc0-6530-4f18-9f24-cdde25d9ca92', 'a34f3958-e00c-4a99-a66d-ab32152ed259', 'Bread - ciabatta garlic toast', 'side', '', '', '', false),
('8398e8e7-151e-4793-93f9-72d568d1df81', 'a34f3958-e00c-4a99-a66d-ab32152ed259', 'Pasta - Brown Butter Orzo Pasta with Butternut Squash', 'main', 'orzo pasta, butternut squash [frozen bread]', 'https://cooking.nytimes.com/recipes/1022791-brown-butter-orzo-with-butternut-squash?action=click&module=RecipeBox&pgType=recipebox-page&region=all&rank=0', '', false),
('2a963ca9-9367-4a51-ac9b-31c34d0c570a', 'a34f3958-e00c-4a99-a66d-ab32152ed259', 'Beef - TJ''s Frz Beef and Broccoli', 'main', '', '', '', false),
('c9981269-d5e1-4526-9520-18628b3da681', 'a34f3958-e00c-4a99-a66d-ab32152ed259', 'Vegetable - grilled Asparagus', 'side', '', '', '', false),
('cf8f21a4-faf0-42e6-abd4-c66b9428e063', '41b4c7c3-a899-47de-b003-f528de379fa1', 'Roasted Cauliflower', 'side', '', 'https://cooking.nytimes.com/recipes/7588-roasted-cauliflower', '', false),
('d952a1b3-159c-44db-8e6e-803f669b5e3d', 'a34f3958-e00c-4a99-a66d-ab32152ed259', 'Bread - Naan', 'side', '', '', '', false),
('71b63984-9ad9-4977-a45f-a1388de8d06b', 'a34f3958-e00c-4a99-a66d-ab32152ed259', 'Beef - Dad''s Pot Roast', 'main', 'Beef rump roast, carrots, onions, potatoes', '', '', false),
('2e2f3d57-a320-4f29-9ed5-f1b7a0772838', '6ff8d414-18b3-4d77-be42-640b921727d8', 'Fried Chicken', 'main', '', 'https://cooking.nytimes.com/recipes/1018219-buttermilk-fried-chicken', '', false),
('c1627c33-c837-4968-a614-e23f62250d1e', 'a34f3958-e00c-4a99-a66d-ab32152ed259', 'Rice - TJ''s Frz Spanish Style Rice', 'side', '', '', '', false),
('8f10e0c0-0018-4d1d-8169-b846ddad40ef', 'adb964f4-fdb5-41cb-ab5d-25bb9099e6ac', 'Chickpea tagine', 'main', '', '', '', false),
('d0a87a62-b795-476b-b066-9ea91462962f', 'adb964f4-fdb5-41cb-ab5d-25bb9099e6ac', 'Salsa fresca', 'side', 'Pico de gallo', '', '', false),
('c4423f61-5a87-42e9-845b-4caeeed053a7', '41b4c7c3-a899-47de-b003-f528de379fa1', 'Enchiladas', 'main', '', 'https://cooking.nytimes.com/recipes/1018152-enchiladas-con-carne', '', false),
('c1784411-d7c8-4b9f-865d-134e07b5c389', '67c708d0-8942-47ff-bc5d-025a3f4f9ee0', 'Huevos Rotos', 'main', '', 'https://cooking.nytimes.com/recipes/1020055-huevos-rotos-broken-eggs', '', false),
('adc1f97a-afa3-4525-820c-d69ba613ae29', '6ff8d414-18b3-4d77-be42-640b921727d8', 'Thai Curry', 'main', 'Delicious fragrant stew from Thailand', 'https://cooking.nytimes.com/recipes/1015694-vegan-thai-curry-vegetables', '', false),
('58aa8639-0a27-41f2-847f-95ad18f202b2', '64ed428e-10b7-428e-b584-e3b6378cb171', 'Pizza', 'main', 'Best food', '', '', false),
('f4a45359-fa8a-4bee-a9ed-b181bac0968a', 'a34f3958-e00c-4a99-a66d-ab32152ed259', 'Chicken - TJ''s Frz Grilled Chicken Strips', 'main', '', '', '', false),
('5004baa0-a495-48a4-9a46-af2f399bf706', 'abaf1de7-05ca-4bd0-b7fd-7a57a7a37870', 'Pizza', 'main', 'Delicious flat vessel from Italy', '', '', false),
('8cd5c74b-8932-467a-99b9-4dc99671bd15', 'a34f3958-e00c-4a99-a66d-ab32152ed259', 'Potatoes - baked white potatoes', 'side', 'potatoes, sour cream, butter, chives', '', '', false),
('0f53c76d-a201-4adb-aa41-506bef0b5525', 'a34f3958-e00c-4a99-a66d-ab32152ed259', 'Pork - Pork tenderloin', 'main', 'baked [steamed broccoli, applesauce]', '', '', false),
('7f492b6f-16f6-4ad3-a741-eee4e9bd5deb', '67c708d0-8942-47ff-bc5d-025a3f4f9ee0', 'Guacamole', 'side', '', '', '', false),
('2e06bf9d-ab96-4c41-80fc-06b6e763279b', 'a34f3958-e00c-4a99-a66d-ab32152ed259', 'Chicken - One Pot Lemon Pasta with Asparagus & Chicken ', 'main', 'meal cooked in Dutch oven: chicken breasts, asparagus, pasta, cream, lemon, Parmesan [bread]', '', '', false),
('71b6aafc-2c09-4ca3-b409-298750d4f350', 'a34f3958-e00c-4a99-a66d-ab32152ed259', 'Rice - white', 'side', '', '', '', false),
('21367208-fcf2-4bf5-aade-8b9225094f52', 'a34f3958-e00c-4a99-a66d-ab32152ed259', 'Leftovers', 'main', '', '', '', false),
('b553e1bf-987f-438f-b7af-8126d2f496c4', 'a34f3958-e00c-4a99-a66d-ab32152ed259', 'Vegetables - roasted cauliflower', 'side', 'cauliflower, garlic cloves, pine nuts', '', '', false),
('1f699924-f3cf-43a9-948d-0f947fd96d9d', 'a34f3958-e00c-4a99-a66d-ab32152ed259', 'Salad - bagged, complete', 'side', '', '', '', false),
('7c796521-16b4-4006-90d6-6bab591e4bd1', 'a34f3958-e00c-4a99-a66d-ab32152ed259', 'Pork - Pork Chops', 'main', 'boneless pork chops baked with Shake N Bake topping [steamed broccoli, applesauce]', '', '', false),
('c587d9a2-6fa7-4685-9a2c-1b5de13ed058', 'a34f3958-e00c-4a99-a66d-ab32152ed259', 'Beef - Sloppy Joes', 'main', 'seasoned ground beef, tomato sauce, onions, green peppers, hamburger buns [chips/french fries]', '', '', false),
('3c42f46a-6dbd-49b9-a6bc-d622b811815b', 'a34f3958-e00c-4a99-a66d-ab32152ed259', 'Chicken - Lemon Chicken', 'main', 'pan-fried chicken breasts in lemon-wine sauce [peas, broccoli & cheese rice, crescent rolls]', '', '', false),
('58407610-1d37-4886-9350-3f45165e3fde', 'a34f3958-e00c-4a99-a66d-ab32152ed259', 'Applesauce', 'side', 'no sugar-added jarred applesauce', '', '', false),
('f5023b2e-9c2b-4d5b-88c5-5ddc130184f9', '67c708d0-8942-47ff-bc5d-025a3f4f9ee0', 'Macaroni and Cheese', 'side', 'Delicious baked noodles from the USA', 'https://cooking.nytimes.com/recipes/1015825-creamy-macaroni-and-cheese', '', false),
('d5a185de-2b5f-4cb9-872a-11bd2f25124e', 'a34f3958-e00c-4a99-a66d-ab32152ed259', 'Pizza - Order Pizza', 'main', '', '', '', false),
('97e2516f-b3ea-4146-ae4e-ce573a94a04c', 'a34f3958-e00c-4a99-a66d-ab32152ed259', 'Chicken - NYT Honey Garlic Chicken', 'main', 'pan-fried chicken breasts w/ honey garlic pan sauce [m/w potatoes, roasted veggies]', '', '', false),
('68805a5a-9ff1-40cf-9aab-b31a0918e6a1', 'a34f3958-e00c-4a99-a66d-ab32152ed259', 'Bread - baked pita chips', 'side', 'baked fresh pita triangles brushed with olive oil and sprinkled with Za''atar spice', '', '', false),
('d3283070-5f96-4666-8d2c-f5e0505fabe8', 'a34f3958-e00c-4a99-a66d-ab32152ed259', 'Pasta - mac n'' cheese', 'main', '', '', '', false),
('5dae54e0-5c2a-4650-88b1-9bb1ccac47c2', 'a34f3958-e00c-4a99-a66d-ab32152ed259', 'Salad - spinach salad', 'side', 'baby spinach, homemade dressing, crumbled bacon, hard boiled eggs', '', '', false),
('fc597eac-c363-404e-b985-45f428634079', 'a34f3958-e00c-4a99-a66d-ab32152ed259', 'Vegetables - veggie kebobs on grill', 'side', 'grape tomatoes, onions, red & yellow peppers, pineapple on kebobs', '', '', false),
('aaa111fd-7d31-4d7b-abba-c6fd5f01a60d', 'a34f3958-e00c-4a99-a66d-ab32152ed259', 'Beef - Meatloaf - Traditional Meatloaf ', 'main', 'ground beef, Stonewall Kitchen starter, panko [roasted green beans, baked white potatoes]', '', '', false),
('d8368525-0ea2-4bf3-b47f-a7ab86d4fa2b', 'a34f3958-e00c-4a99-a66d-ab32152ed259', 'Sandwiches - Grilled Cheese Sandwiches', 'main', 'sliced cheddar cheese, roasted onion jam [chips, tomato soup]', '', '', false),
('4aff91a9-115b-410d-ac4e-8774a1696c3d', 'c576d15b-0d62-46a3-a62c-bf1be49e6fa5', 'Fried Chicken', 'main', '', 'https://cooking.nytimes.com/recipes/1018219-buttermilk-fried-chicken', '', false),
('d3503ed0-478b-467a-b9c6-0c48f0a6ff10', '64ed428e-10b7-428e-b584-e3b6378cb171', 'Roasted cauliflower', 'side', '', '', '', false),
('3c83ff6f-21ba-4eb1-838e-b9f21a7c64b5', 'c576d15b-0d62-46a3-a62c-bf1be49e6fa5', 'Enchiladas', 'main', '', 'https://cooking.nytimes.com/recipes/1018152-enchiladas-con-carne', '', false),
('a3ed7d3c-7ba5-42ad-8041-942fd913583d', 'adb964f4-fdb5-41cb-ab5d-25bb9099e6ac', 'Chawanmushi', 'main', 'Steamed egg custard', 'https://cookanyday.com/products/dave-changs-chawanmushi?variant=39865838239834', '', false),
('5a02d76c-9f96-4d16-a91d-c8a04ee99fa1', 'a34f3958-e00c-4a99-a66d-ab32152ed259', 'Pork - bacon', 'side', '', '', '', false),
('b2e4739d-bbfa-4c51-b7dd-75a55656378b', '41b4c7c3-a899-47de-b003-f528de379fa1', 'Fried Chicken', 'main', '', 'https://cooking.nytimes.com/recipes/1018219-buttermilk-fried-chicken', '', false),
('d1b49843-9528-43d3-a6b2-ea99c80aea0b', 'a34f3958-e00c-4a99-a66d-ab32152ed259', 'Vegetables - green beans almondine', 'side', 'boiled green beans pan fried with almond slivers', '', '', false),
('676dc102-8ae4-4d5c-a51e-e23e17d38f46', 'a34f3958-e00c-4a99-a66d-ab32152ed259', 'Salad - pasta salad', 'side', 'supermarket deli', '', '', false),
('217cb21a-ed1c-489e-8cac-27eae78c47d9', 'adb964f4-fdb5-41cb-ab5d-25bb9099e6ac', 'Tacos', 'main', '', '', '', false),
('a72b4ed6-3a0b-402b-9f36-9e3c72cdae3f', 'a34f3958-e00c-4a99-a66d-ab32152ed259', 'Salad - balsamic green salad', 'side', 'red/green leaf lettuce, homemade balsamic dressing, glazed pecans, crumbled goat cheese, golden raisins, grape tomatoes', '', '', false),
('b50444ba-0867-43c1-96fa-456bade0e1d3', '64ed428e-10b7-428e-b584-e3b6378cb171', 'Tiramisu', 'dessert', 'Coffee-flavored Italian cake', 'https://cooking.nytimes.com/recipes/1018684-classic-tiramisu', '', false),
('204f3689-436b-4dd4-91fa-f65a6d3649c1', 'a34f3958-e00c-4a99-a66d-ab32152ed259', 'Potatoes - new (small) potatoes', 'side', 'microwave in tray from supermarket', '', '', false),
('3011ee19-4c55-4d2a-b922-bb83f221e1a9', 'a34f3958-e00c-4a99-a66d-ab32152ed259', 'Beef - Hamburgers', 'main', 'ground beef and frozen veggie patties, cheese slices, hamburger buns [chips, baked beans]', '', '', false),
('de8107ab-2858-4b7c-b7fc-caebc1d7283c', 'a34f3958-e00c-4a99-a66d-ab32152ed259', 'Pasta - Lemon Bucatini Pasta', 'main', 'bucatini pasta, lemon [butter lettuce salad]', '', '', false),
('b2967ada-c40f-4a55-9bdd-d8dd1c29ec18', '41b4c7c3-a899-47de-b003-f528de379fa1', 'Cornbread', 'side', 'Made in the skillet with brown butter', 'https://cooking.nytimes.com/recipes/1016965-brown-butter-skillet-cornbread', '', false),
('00ace8b0-02b8-4073-b434-29cf73396913', '41b4c7c3-a899-47de-b003-f528de379fa1', 'Thai Curry', 'main', 'Delicious fragrant stew from Thailand', 'https://cooking.nytimes.com/recipes/1015694-vegan-thai-curry-vegetables', '', false),
('3ca042da-bbde-42a5-a6a7-ccfc4731722c', 'a34f3958-e00c-4a99-a66d-ab32152ed259', 'Chicken - Costco Chicken Enchiladas', 'main', '', '', '', false),
('ae524cb9-fb27-46da-b3d0-0d932b09c6bb', 'c576d15b-0d62-46a3-a62c-bf1be49e6fa5', 'Roasted Cauliflower', 'side', '', 'https://cooking.nytimes.com/recipes/7588-roasted-cauliflower', '', false),
('68846bd2-3fc0-499b-8d19-d87a2dcf028d', 'a34f3958-e00c-4a99-a66d-ab32152ed259', 'Chicken - Huli-Huli Chicken', 'main', 'grilled marinated chicken breasts [baked sweet/white potatoes, balsamic green salad]', 'https://cooking.nytimes.com/recipes/1020347-huli-huli-chicken?action=click&module=RecipeBox&pgType=recipebox-page&region=huli&rank=0', '<p>This is the text section of the Huli Huli chicken recipe.</p>
<p>Would I use this for recipe ingredients?</p>', false),
('36a65a6f-fa9c-4b1a-b9e5-04c7079645a7', '67c708d0-8942-47ff-bc5d-025a3f4f9ee0', 'Thai Curry', 'main', 'Delicious fragrant stew from Thailand', 'https://cooking.nytimes.com/recipes/1015694-vegan-thai-curry-vegetables', '', false),
('8781a76c-2fc2-44fa-993f-585c0f17145c', 'a34f3958-e00c-4a99-a66d-ab32152ed259', 'Salad - TJ''s Elote Chopped Salad', 'side', 'works well with Chiles Rellenos and Spanish Style rice', '', '', false),
('58a70ec9-af05-4237-9f97-4250c1363b07', '6ff8d414-18b3-4d77-be42-640b921727d8', 'Sweet Potato Fries', 'side', '', '', '', false),
('1b66a9f1-413a-4ddf-9d78-885900f1581b', 'a34f3958-e00c-4a99-a66d-ab32152ed259', 'Pasta - Cheese Ravioli ', 'main', 'fresh cheese ravioli, red sauce, pork meatballs (optional) [Italian salad, garlic bread]', '', '', false),
('5a9b70c7-3a6e-4d72-afb7-c0af18d930cb', '67c708d0-8942-47ff-bc5d-025a3f4f9ee0', 'Sweet Potato Fries', 'side', '', '', '', false),
('bc559407-d1e6-4fee-9ef5-920ac0a9fafe', '41b4c7c3-a899-47de-b003-f528de379fa1', 'Huevos Rotos', 'main', '', 'https://cooking.nytimes.com/recipes/1020055-huevos-rotos-broken-eggs', '', false),
('910a084c-b999-4ce5-8b67-101c332b1bc1', 'a34f3958-e00c-4a99-a66d-ab32152ed259', 'Tacos - Chipotle Chicken Tacos', 'main', 'tortillas, shredded slow-cooker chipotle chicken, black beans, pickled onions, crema, cheese, avocados [chips, salsa]', '', '', false),
('46b923dc-5ae3-40f1-b411-65ec540b9181', 'a34f3958-e00c-4a99-a66d-ab32152ed259', 'Bread - garlic bread (frz)', 'side', 'baked frozen garlic bread', '', '', false),
('8e5c1cff-70c8-4231-a4ef-f82b159ff13e', 'a34f3958-e00c-4a99-a66d-ab32152ed259', 'Fondue - cheese', 'main', 'Trader Joe''s cheese fondue, bread chunks, green apple slices, cauliflower florets ', '', '', false),
('4ad590b7-5521-445a-a17a-25fb956561d0', 'a34f3958-e00c-4a99-a66d-ab32152ed259', 'Pasta - Coppola Classic Pasta', 'main', 'penne or spaghetti, red sauce, pork meatballs (optional) [Caesar salad, ciabatta garlic toast]', '', '', false),
('9467878e-1c82-4c58-99ab-db9d5f77df94', 'adb964f4-fdb5-41cb-ab5d-25bb9099e6ac', 'Japanese curry', 'main', 'With kobocha squash, eggplant, and bell pepper', 'https://cookanyday.com/products/kabocha-squash-curry?variant=39366645186650', '', false),
('c09f4def-9622-47f3-bfc7-68bbf3958439', 'a34f3958-e00c-4a99-a66d-ab32152ed259', 'Bread - biscuits', 'side', 'baked canned biscuits', '', '', false),
('7ad1a16f-5a59-40c9-890a-9d56a7172d3b', 'a34f3958-e00c-4a99-a66d-ab32152ed259', 'Pasta - Ravioli Lasagna', 'main', 'frozen ravioli layered with tomato sauce and mozzarella and Parmesan cheeses [Caesar salad, garlic bread]', '', '', false),
('65788a41-be9f-4301-8761-aa26cadf5989', 'a34f3958-e00c-4a99-a66d-ab32152ed259', 'Potatoes - potato chips', 'side', '', '', '', false),
('0ec971e0-acd1-4ec4-be85-2100e418de17', '41b4c7c3-a899-47de-b003-f528de379fa1', 'Greek Salad', 'main', '', '', '', false),
('09a9631d-4547-43a2-b7f0-440e9d7254c3', 'a34f3958-e00c-4a99-a66d-ab32152ed259', 'Cranberry Sauce', 'side', 'canned cranberry sauce', '', '', false),
('9b9b147d-6b17-4d3a-83ab-e1790dd6e0d4', '41b4c7c3-a899-47de-b003-f528de379fa1', 'Macaroni and Cheese', 'side', 'Delicious baked noodles from the USA', 'https://cooking.nytimes.com/recipes/1015825-creamy-macaroni-and-cheese', '', false),
('ecc4437c-e825-4bd7-a44c-70c5ded9a0c4', 'a34f3958-e00c-4a99-a66d-ab32152ed259', 'Soup - TJ''s French Onion Soup ', 'main', 'Trader Joe''s frozen french onion soup [spinach salad, dinner rolls]', '', '', false),
('233919b4-60c7-4333-ad41-02a68d3f2883', 'a34f3958-e00c-4a99-a66d-ab32152ed259', 'Soup - Tomato Soup', 'main', '', '', '', false),
('a9b692ed-bfd1-4433-a926-9bbee54d15bc', 'c576d15b-0d62-46a3-a62c-bf1be49e6fa5', 'Tiramisu', 'dessert', 'Delicious coffee-flavored Italian cake', 'https://cooking.nytimes.com/recipes/1018684-classic-tiramisu', '', false),
('151ea5c0-81c1-4567-90f3-3011cda1fe16', 'a34f3958-e00c-4a99-a66d-ab32152ed259', 'Potatoes - baked sweet potatoes', 'side', 'sweet potatoes', '', '', false),
('609efe6f-efab-42ec-9cad-a3d7f68ea393', 'adb964f4-fdb5-41cb-ab5d-25bb9099e6ac', 'Indian butter chickpeas', 'main', '', 'https://cooking.nytimes.com/recipes/1020739-indian-butter-chickpeas', '', false),
('797a4e4a-a3b5-456d-8101-5073afd87179', 'a34f3958-e00c-4a99-a66d-ab32152ed259', 'Angel Food Cake w/Strawberries & Vanilla Ice Cream', 'dessert', '', '', '', false),
('f00118c3-58ad-41be-b0a0-226fbd10ad1a', 'adb964f4-fdb5-41cb-ab5d-25bb9099e6ac', 'Spiced chickpeas and spinach', 'main', 'Serve over rice or a baked sweet potato', 'https://cookanyday.com/products/spiced-chickpeas-and-spinach?variant=39423690539098', '', false),
('5be6b5be-c427-4ac8-83db-0f9ce80636e7', '67c708d0-8942-47ff-bc5d-025a3f4f9ee0', 'Pizza', 'main', 'Delicious round vessel from Italy', 'https://cooking.nytimes.com/guides/1-how-to-make-pizza', '', false),
('07e6a1f6-e712-4347-b377-698e68e4e3bb', 'a34f3958-e00c-4a99-a66d-ab32152ed259', 'Potatoes - french fries', 'side', 'baked frozen fries', '', '', false),
('3f719c5b-f4a3-43db-a3c6-8e40490c45f3', 'c576d15b-0d62-46a3-a62c-bf1be49e6fa5', 'Miso Soup', 'side', '', '', '', false),
('7eef34b5-92f7-40a9-9755-6312afa9b17d', '6ff8d414-18b3-4d77-be42-640b921727d8', 'Miso Soup', 'side', '', '', '', false),
('242dc959-05f1-4866-ab73-2a79f87efd11', 'a34f3958-e00c-4a99-a66d-ab32152ed259', 'Chicken - Roasted Chicken', 'main', 'supermarket roasted chicken [Stove Top stuffing, cranberry sauce, corn OR baked sweet/white potatoes, roasted cauliflower]', '', '', false),
('46754eae-a571-4a46-9f5f-c18d6467a22a', 'a34f3958-e00c-4a99-a66d-ab32152ed259', 'Quiche - Spinach & Tomato Quiche', 'main', 'spinach, grape tomatoes, garlic, goat & feta cheeses [Spinach salad, dinner rolls]', '', '', false),
('bec7d7df-04b5-4a22-aa57-515052798915', 'a34f3958-e00c-4a99-a66d-ab32152ed259', 'Soup - tomato', 'side', 'tomato bisque soup', '', '', false),
('68c928d5-cb15-4769-83d3-d4ff9f2c1936', 'a34f3958-e00c-4a99-a66d-ab32152ed259', 'Enchiladas - Amalia''s Cocina chicken enchiladas', 'main', 'rotisserie shredded chicken, black beans, Amalia''s enchilada sauce [Mexican rice]', '', '', false),
('b9c93b6f-37ce-44f6-bddc-6d745dd4c817', '64ed428e-10b7-428e-b584-e3b6378cb171', 'Tofu', 'side', '', '', '', false),
('9f9a05b5-6b9d-4b12-a58c-367db4abe225', 'a34f3958-e00c-4a99-a66d-ab32152ed259', 'Rice - TJ''s Frz Vegetable Fried Rice', 'side', '', '', '', false),
('f23053f8-3615-4d29-b6b6-f2a837131734', 'a34f3958-e00c-4a99-a66d-ab32152ed259', 'Chicken - Chicken Pitsiule', 'main', 'chicken breast pieces, canned whole tomatoes, white potato chunks [Italian salad, quality Italian bread]', '', '', false),
('0fcef252-e91d-40e0-bb9b-937715acf737', 'a34f3958-e00c-4a99-a66d-ab32152ed259', 'Potatoes - roasted', 'side', 'roasted cut-up potatoes', '', '', false),
('ea978216-1f8b-4288-8aa0-8afb3fd4d772', '6ff8d414-18b3-4d77-be42-640b921727d8', 'Greek Salad', 'main', '', '', '', false),
('1eb4bd37-cdf6-4385-a996-5d439025cba2', 'a34f3958-e00c-4a99-a66d-ab32152ed259', 'Chicken - TJ''s Frz Orange Chicken', 'main', 'baked frozen, breaded chicken chunks, orange sauce [steamed broccoli, rice]', '', '', false),
('1b9b098a-579c-41c0-97ea-bcf71a2f028b', 'a34f3958-e00c-4a99-a66d-ab32152ed259', 'Stir-fried veggies', 'side', 'Mix of peppers, broccoli, water chesnuts', '', '', false),
('b502ff2e-ac18-4e00-ad61-eb888f2b6552', 'adb964f4-fdb5-41cb-ab5d-25bb9099e6ac', 'Mushroom risotto', 'main', '', 'https://www.seriouseats.com/pressure-cooker-mushroom-risotto-recipe', '', false),
('c4682790-8015-4fae-a89a-9c1dc86e01dc', 'a34f3958-e00c-4a99-a66d-ab32152ed259', 'Eat Out', 'main', '', '', '', false),
('c4fe7485-4eb1-4f0d-8991-33ef5656aea3', 'a34f3958-e00c-4a99-a66d-ab32152ed259', 'Onion Rings', 'side', '', '', '', false),
('b0c2e12b-854e-41ec-8a45-d1a8d1947234', 'c576d15b-0d62-46a3-a62c-bf1be49e6fa5', 'Greek Salad', 'main', '', '', '', false),
('7ba471c1-f880-4e4b-9558-2c191a19fca0', 'a34f3958-e00c-4a99-a66d-ab32152ed259', 'Rice - Spanish', 'side', 'microwaved rice from mix', '', '', false),
('e540d56d-564b-41c8-a47f-b1429cbf4f64', 'a34f3958-e00c-4a99-a66d-ab32152ed259', 'Vegetables - peas', 'side', 'canned peas', '', '', false),
('68c24e9a-516b-460b-bb68-325cb4dac214', 'a34f3958-e00c-4a99-a66d-ab32152ed259', 'Pasta - Bowtie Pasta & Spinach', 'main', 'bowtie pasta, baby spinach, sundried tomatoes, asiago & parmesan cheeses [small loaf baked bread]', '', '', false),
('c9c3dd68-5b14-485c-97a1-a14247a71fad', 'a34f3958-e00c-4a99-a66d-ab32152ed259', 'Pasta - Marry Me Orzo ', 'main', 'Marry Me Orzo Pasta Casserole (Dump and Bake) with orzo, broccoli, sun-dried tomatoes, spinach', '', '', false),
('f98e4d00-ae00-4a00-875f-83fe65e52b9a', 'a34f3958-e00c-4a99-a66d-ab32152ed259', 'Turkey - Turkey Breast', 'main', 'frozen turkey breast [gravy, stuffing, cranberry sauce, sweet potatoes]', '', '', false),
('d43b103c-a2fc-4734-abec-fee50e1b48f7', 'a34f3958-e00c-4a99-a66d-ab32152ed259', 'Rice - broccoli & cheese', 'side', 'microwaved rice from mix', '', '', false),
('0e55e08e-8e85-440a-aa9e-059d7f61be25', 'a34f3958-e00c-4a99-a66d-ab32152ed259', 'Vegetables - roasted carrots', 'side', 'carrot slices, honey', '', '', false),
('0a2bc0fa-2c20-450f-94d6-b94d743a6a48', 'a34f3958-e00c-4a99-a66d-ab32152ed259', 'Chicken - Pimento Cheese Chicken', 'main', 'Pan-fried chicken breasts with Pimento cheese sauce [orzo spinach pilaf, rolls]', '', '', false),
('2794c4f5-ce88-45f9-b482-367072c8e0ee', 'a34f3958-e00c-4a99-a66d-ab32152ed259', 'Pasta - Wagon Wheel Pasta & Broccoli', 'main', 'wagon wheel pasta, broccoli, roasted garlic, olives, parmesan cheese [small loaf baked bread]', '', '', false),
('767da9be-2a4a-49bf-bfcb-3b00e2791336', 'a34f3958-e00c-4a99-a66d-ab32152ed259', 'Chicken - Tikka Masala', 'main', 'Chicken chunks baked, then simmered in sauce and served over jasmine rice [turmeric roasted cauliflower, naan bread]', '', '', false),
('5c843f47-f67d-439b-ac6d-05d54fc053ac', 'a34f3958-e00c-4a99-a66d-ab32152ed259', 'Mac n'' cheese', 'side', '', '', '', false),
('d48dc54c-5730-4c43-871e-f2f2c758bea5', 'a34f3958-e00c-4a99-a66d-ab32152ed259', 'Sandwiches - Grilled Mozzarella & Tomato Panini Sandwiches', 'main', 'panini rolls, fresh mozzarella, tomatoes, spinach, basil, balsamic dressing [chips]', '', '', false),
('9c230f1b-a741-4435-a432-09e38cc82068', 'c576d15b-0d62-46a3-a62c-bf1be49e6fa5', 'Sweet Potato Fries', 'side', '', '', '', false),
('f67df254-48d8-4429-b993-f98b246c5854', 'a34f3958-e00c-4a99-a66d-ab32152ed259', 'Bread - fresh dinner rolls', 'side', '', '', '', false),
('cf64c0d2-2ca9-4a0b-a88e-ae6741d563b9', 'a34f3958-e00c-4a99-a66d-ab32152ed259', 'DIY', 'main', '', '', '', false),
('32008bc0-6a44-4c57-a9b5-ad1fa24fa505', 'a34f3958-e00c-4a99-a66d-ab32152ed259', 'Vegetables - TJ''s Frz Chiles Rellenos', 'main', '', '', '', false);

INSERT INTO public.dish_ingredients (dish_id, ingredient_id) VALUES
('8522d9a7-83e7-4344-84e3-be16bad84f21', 'c28d5424-cf07-480a-9cd6-713ba945ff8f'),
('8522d9a7-83e7-4344-84e3-be16bad84f21', '508b9b82-c282-4648-8bf8-a21e06750190'),
('8522d9a7-83e7-4344-84e3-be16bad84f21', '100e9959-d14d-47a2-9841-f50841c59dcc'),
('8522d9a7-83e7-4344-84e3-be16bad84f21', '9ef3f75e-8755-427e-af23-001a04ebef61'),
('8522d9a7-83e7-4344-84e3-be16bad84f21', 'ba974ff1-2723-41f9-b46b-9a9df5713319'),
('8522d9a7-83e7-4344-84e3-be16bad84f21', '502c2b23-334e-4f56-8b94-1feaa9ee2300'),
('8522d9a7-83e7-4344-84e3-be16bad84f21', 'ff927b1c-2f26-4cbd-a1d0-459187857d45'),
('8522d9a7-83e7-4344-84e3-be16bad84f21', '090e06b6-0944-47be-b023-247becf07de0'),
('8522d9a7-83e7-4344-84e3-be16bad84f21', '0f504b23-c78a-49bd-94b0-ce0a814dea8e'),
('8522d9a7-83e7-4344-84e3-be16bad84f21', '0d989091-f819-413d-8b5b-a14e48a4448d'),
('8522d9a7-83e7-4344-84e3-be16bad84f21', 'baa3e442-2c74-4458-8fdc-55e402f6a59e'),
('8522d9a7-83e7-4344-84e3-be16bad84f21', '91c13b97-75e5-45ac-a528-490e5fed9ee5'),
('8522d9a7-83e7-4344-84e3-be16bad84f21', '7c1e2b1d-e7e4-4c24-aafb-69f65156905b'),
('8522d9a7-83e7-4344-84e3-be16bad84f21', '07152003-9107-4e86-bf50-cc1140be6ff6'),
('8522d9a7-83e7-4344-84e3-be16bad84f21', 'a80c0358-8527-49c3-bf51-f5f9abb8d155'),
('17684124-1a8b-4b44-90e1-36320fe117f3', 'a6e09f66-f95b-43b3-99f2-ff339cd020f3'),
('17684124-1a8b-4b44-90e1-36320fe117f3', '3cdf8a7c-c7cc-49f5-a6f1-2ab347e29dc4'),
('17684124-1a8b-4b44-90e1-36320fe117f3', '91c13b97-75e5-45ac-a528-490e5fed9ee5'),
('17684124-1a8b-4b44-90e1-36320fe117f3', '7c1e2b1d-e7e4-4c24-aafb-69f65156905b'),
('7c1e4353-6ab2-43d2-9617-838e19c7c914', '3f5e883b-e0a5-40ca-b1d4-7ed040cf46ea'),
('7c1e4353-6ab2-43d2-9617-838e19c7c914', '7ab43c31-9e6f-4c26-878d-81684e759c22'),
('7c1e4353-6ab2-43d2-9617-838e19c7c914', '673263db-6568-42be-99a8-675f9882da44'),
('7c1e4353-6ab2-43d2-9617-838e19c7c914', '770f62d2-cc4a-425d-9ac6-cbb264580fea'),
('7c1e4353-6ab2-43d2-9617-838e19c7c914', 'ae4243f9-7a85-424e-91e4-c872ae2ffc20'),
('7c1e4353-6ab2-43d2-9617-838e19c7c914', 'c6881523-cc67-473d-b45a-02ea549281c5'),
('076901ce-d4fb-43a9-893d-6e1fa21d58d6', '00fa2719-fc2a-4994-95e0-78a8056ed7d3'),
('076901ce-d4fb-43a9-893d-6e1fa21d58d6', '238244cf-4479-4177-9e28-77875037442a'),
('076901ce-d4fb-43a9-893d-6e1fa21d58d6', '1cd8fbe0-dc9a-4aae-80de-db590d48acf1'),
('076901ce-d4fb-43a9-893d-6e1fa21d58d6', '612c2546-8fd7-4220-9ca8-d97fb3ce4138'),
('076901ce-d4fb-43a9-893d-6e1fa21d58d6', 'cfcbed9d-e805-46f4-90b5-38d8cf0b466f'),
('076901ce-d4fb-43a9-893d-6e1fa21d58d6', 'de787f05-74e5-4be8-b186-9b856dca865a'),
('076901ce-d4fb-43a9-893d-6e1fa21d58d6', '08b41cdc-65ab-4322-b151-4e828bc7d81d'),
('da30ae3c-8ea8-4379-b46a-631873273235', '950dee27-082f-491f-92f6-8a955d3203a9'),
('da30ae3c-8ea8-4379-b46a-631873273235', 'a43bea8c-7eea-4ee0-bd11-2ac76efc5a10'),
('da30ae3c-8ea8-4379-b46a-631873273235', '8dc42255-0840-4629-9614-242d26401ea9'),
('da30ae3c-8ea8-4379-b46a-631873273235', '4df3d5a1-83c7-4745-873c-4ad74b162044'),
('da30ae3c-8ea8-4379-b46a-631873273235', '5ec895f3-6124-4b56-913d-8d5ed52c9d17'),
('da30ae3c-8ea8-4379-b46a-631873273235', '35528dfc-728b-4e81-8f15-42b38a48c629'),
('da30ae3c-8ea8-4379-b46a-631873273235', 'da82a5b7-8c32-4a86-a854-0c536371a146'),
('da30ae3c-8ea8-4379-b46a-631873273235', '6677ad77-36e4-4d99-8f5b-0465112c8aaf'),
('bec00396-942b-4070-8d89-e7161aabf829', 'eace9ef6-1539-4b5e-86e5-27cb1d827ad1'),
('bec00396-942b-4070-8d89-e7161aabf829', '093a5d45-3b12-4404-b68f-f44e0a04bd18'),
('bec00396-942b-4070-8d89-e7161aabf829', '3704ab53-ee40-4c49-9736-e0d02949a23f'),
('bec00396-942b-4070-8d89-e7161aabf829', '4df3d5a1-83c7-4745-873c-4ad74b162044'),
('bec00396-942b-4070-8d89-e7161aabf829', '6677ad77-36e4-4d99-8f5b-0465112c8aaf'),
('bec00396-942b-4070-8d89-e7161aabf829', '79bfee1b-db1b-4c0d-89e5-feb096bf5355'),
('bec00396-942b-4070-8d89-e7161aabf829', '7fd0ca82-ec98-4c35-9f5d-f43e53f81328'),
('48e966ba-4333-42c7-8cbd-2982f28bb67b', '1c3b235f-73c2-43a2-bc1a-aa590b013026'),
('48e966ba-4333-42c7-8cbd-2982f28bb67b', 'b5e93386-fd1f-46e1-807d-66f9eff30db8'),
('48e966ba-4333-42c7-8cbd-2982f28bb67b', '9c049473-c7ea-4829-af3f-3a147ae7202c'),
('48e966ba-4333-42c7-8cbd-2982f28bb67b', '0d2a259d-30d3-46de-8c5c-9c252a31e35c'),
('48e966ba-4333-42c7-8cbd-2982f28bb67b', 'b0d700a2-2487-4cd8-9d12-4aac7a9e7042'),
('48e966ba-4333-42c7-8cbd-2982f28bb67b', 'c8985b5a-5d8d-47a3-a245-513859e6db6b'),
('48e966ba-4333-42c7-8cbd-2982f28bb67b', 'f437b0b4-6844-4f30-ad45-1b0f34d740b2'),
('48e966ba-4333-42c7-8cbd-2982f28bb67b', 'a43bea8c-7eea-4ee0-bd11-2ac76efc5a10'),
('48e966ba-4333-42c7-8cbd-2982f28bb67b', '7e5fef89-1d6b-407c-932c-745652803247'),
('48e966ba-4333-42c7-8cbd-2982f28bb67b', '4df3d5a1-83c7-4745-873c-4ad74b162044'),
('48e966ba-4333-42c7-8cbd-2982f28bb67b', '95753eff-21d4-489d-9919-3a011ad2eefd'),
('48e966ba-4333-42c7-8cbd-2982f28bb67b', '35528dfc-728b-4e81-8f15-42b38a48c629'),
('48e966ba-4333-42c7-8cbd-2982f28bb67b', '6677ad77-36e4-4d99-8f5b-0465112c8aaf'),
('48e966ba-4333-42c7-8cbd-2982f28bb67b', '79bfee1b-db1b-4c0d-89e5-feb096bf5355'),
('48e966ba-4333-42c7-8cbd-2982f28bb67b', '0c07b002-542e-472a-9867-429af0c5b3e0'),
('0397420b-3a49-4a42-874d-bab4880cf474', '750b1813-4f30-4260-8373-b328f5db6ccd'),
('a0e87b5f-98b7-4660-a96b-7728fde61a5c', '2230734b-6a2d-4723-8cb4-9d14113dced4'),
('a0e87b5f-98b7-4660-a96b-7728fde61a5c', 'a39aae64-d5e2-4e11-9910-b1f8dad130cc'),
('a0e87b5f-98b7-4660-a96b-7728fde61a5c', '197969ae-967e-442f-a4f9-f594e1dd9c86'),
('a0e87b5f-98b7-4660-a96b-7728fde61a5c', '1e3fe482-57a2-4514-891c-35f48ae31702'),
('a0e87b5f-98b7-4660-a96b-7728fde61a5c', 'de787f05-74e5-4be8-b186-9b856dca865a'),
('a0e87b5f-98b7-4660-a96b-7728fde61a5c', '57de17fc-746f-4cc1-b26c-ec9eadcb6256'),
('a0e87b5f-98b7-4660-a96b-7728fde61a5c', 'fcd7480a-f77a-43ed-8757-57be810c7b0c'),
('82d20646-421b-4f4f-b137-b28efa745e9e', '6880f19c-0191-4b86-8515-cc6d1c4b254b'),
('82d20646-421b-4f4f-b137-b28efa745e9e', '8dc42255-0840-4629-9614-242d26401ea9'),
('82d20646-421b-4f4f-b137-b28efa745e9e', '35528dfc-728b-4e81-8f15-42b38a48c629'),
('82d20646-421b-4f4f-b137-b28efa745e9e', '6677ad77-36e4-4d99-8f5b-0465112c8aaf'),
('f270c500-f605-404f-9564-11287443b4cd', '750b1813-4f30-4260-8373-b328f5db6ccd'),
('f270c500-f605-404f-9564-11287443b4cd', '1fd8cb47-4b19-4d9b-8861-1007be7dc1b6'),
('b60e3a90-52fa-4179-bfef-c3984df94b2a', '750b1813-4f30-4260-8373-b328f5db6ccd'),
('2a029585-183f-4874-839a-b547655448ce', '33f4dfcd-5406-4a6e-b2ca-583fa6bb47ae'),
('2a029585-183f-4874-839a-b547655448ce', 'ab0a3aad-27d2-4e31-b655-a35082646f2f'),
('2a029585-183f-4874-839a-b547655448ce', '8dc42255-0840-4629-9614-242d26401ea9'),
('2a029585-183f-4874-839a-b547655448ce', '95753eff-21d4-489d-9919-3a011ad2eefd'),
('2a029585-183f-4874-839a-b547655448ce', '1706b755-1578-4afc-a34a-c07abdbe494a'),
('2a029585-183f-4874-839a-b547655448ce', '4f028b4a-483a-479a-8445-0ac2a5608dce'),
('a6950632-ec59-444e-8e5d-f7e69b2cb875', '364517ca-2048-40ff-a94e-e732cb9c3453'),
('a6950632-ec59-444e-8e5d-f7e69b2cb875', '1b33d8a7-1eca-4e49-a177-1a3c7b4ce091'),
('cf8f21a4-faf0-42e6-abd4-c66b9428e063', 'a6a4e461-884f-407b-8f69-6aed49147252'),
('cf8f21a4-faf0-42e6-abd4-c66b9428e063', '673263db-6568-42be-99a8-675f9882da44'),
('cf8f21a4-faf0-42e6-abd4-c66b9428e063', 'cfcbed9d-e805-46f4-90b5-38d8cf0b466f'),
('cf8f21a4-faf0-42e6-abd4-c66b9428e063', 'de787f05-74e5-4be8-b186-9b856dca865a'),
('c4423f61-5a87-42e9-845b-4caeeed053a7', '00fa2719-fc2a-4994-95e0-78a8056ed7d3'),
('c4423f61-5a87-42e9-845b-4caeeed053a7', '1ab06cfb-c26d-4ef1-9893-bc0bd77ad81c'),
('c4423f61-5a87-42e9-845b-4caeeed053a7', '69d3fb74-13db-482d-8f53-0ded542a45a9'),
('c4423f61-5a87-42e9-845b-4caeeed053a7', 'd274a6cd-87e4-4a78-a8eb-109efdd07ff6'),
('c4423f61-5a87-42e9-845b-4caeeed053a7', '1cd8fbe0-dc9a-4aae-80de-db590d48acf1'),
('c4423f61-5a87-42e9-845b-4caeeed053a7', '90495ef9-118a-4358-b0ac-a03d0956daec'),
('c4423f61-5a87-42e9-845b-4caeeed053a7', '92da646e-7f33-4666-a504-0a1403fd7459'),
('c4423f61-5a87-42e9-845b-4caeeed053a7', '640359c0-474b-46ed-a7e8-8c63449da6ab'),
('c4423f61-5a87-42e9-845b-4caeeed053a7', '78977fd0-b513-490b-b7bc-4d846b82534b'),
('c4423f61-5a87-42e9-845b-4caeeed053a7', '1e3fe482-57a2-4514-891c-35f48ae31702'),
('c4423f61-5a87-42e9-845b-4caeeed053a7', '770f62d2-cc4a-425d-9ac6-cbb264580fea'),
('c4423f61-5a87-42e9-845b-4caeeed053a7', 'cfcbed9d-e805-46f4-90b5-38d8cf0b466f'),
('c4423f61-5a87-42e9-845b-4caeeed053a7', 'de787f05-74e5-4be8-b186-9b856dca865a'),
('c4423f61-5a87-42e9-845b-4caeeed053a7', '57de17fc-746f-4cc1-b26c-ec9eadcb6256'),
('c4423f61-5a87-42e9-845b-4caeeed053a7', '8d1463aa-fbb1-4f7c-a7eb-9f728c74e3d7'),
('c1784411-d7c8-4b9f-865d-134e07b5c389', '849b381f-5ee5-4b27-be33-4c9953f13dc9'),
('c1784411-d7c8-4b9f-865d-134e07b5c389', '090e06b6-0944-47be-b023-247becf07de0'),
('c1784411-d7c8-4b9f-865d-134e07b5c389', '3cdf8a7c-c7cc-49f5-a6f1-2ab347e29dc4'),
('c1784411-d7c8-4b9f-865d-134e07b5c389', '0d989091-f819-413d-8b5b-a14e48a4448d'),
('c1784411-d7c8-4b9f-865d-134e07b5c389', 'af28d85e-7ed9-4dd0-868c-2c3199c7f46a'),
('c1784411-d7c8-4b9f-865d-134e07b5c389', '91c13b97-75e5-45ac-a528-490e5fed9ee5'),
('c1784411-d7c8-4b9f-865d-134e07b5c389', '0fe3c09b-1b65-47a7-8c82-803be6e53bd4'),
('c1784411-d7c8-4b9f-865d-134e07b5c389', '7c1e2b1d-e7e4-4c24-aafb-69f65156905b'),
('7f492b6f-16f6-4ad3-a741-eee4e9bd5deb', 'c7490f53-6764-4400-b431-ca14a4d4cd87'),
('7f492b6f-16f6-4ad3-a741-eee4e9bd5deb', '32dd8bf6-b8c9-476d-9f2a-55355a4948e5'),
('7f492b6f-16f6-4ad3-a741-eee4e9bd5deb', 'fb5cccbd-c1f8-4693-977d-a7c6578438e9'),
('7f492b6f-16f6-4ad3-a741-eee4e9bd5deb', '0d989091-f819-413d-8b5b-a14e48a4448d'),
('7f492b6f-16f6-4ad3-a741-eee4e9bd5deb', '7c1e2b1d-e7e4-4c24-aafb-69f65156905b'),
('7f492b6f-16f6-4ad3-a741-eee4e9bd5deb', '07152003-9107-4e86-bf50-cc1140be6ff6'),
('7f492b6f-16f6-4ad3-a741-eee4e9bd5deb', 'd31fdf78-4417-4be1-a5e4-f6c9cfd4913c'),
('58a70ec9-af05-4237-9f97-4250c1363b07', '1c3b235f-73c2-43a2-bc1a-aa590b013026'),
('58a70ec9-af05-4237-9f97-4250c1363b07', 'e70d6976-3ab0-44f1-ad2b-e024267bd48b'),
('58a70ec9-af05-4237-9f97-4250c1363b07', 'b0d700a2-2487-4cd8-9d12-4aac7a9e7042'),
('58a70ec9-af05-4237-9f97-4250c1363b07', '5ec895f3-6124-4b56-913d-8d5ed52c9d17'),
('58a70ec9-af05-4237-9f97-4250c1363b07', '35528dfc-728b-4e81-8f15-42b38a48c629'),
('58a70ec9-af05-4237-9f97-4250c1363b07', '6677ad77-36e4-4d99-8f5b-0465112c8aaf'),
('58a70ec9-af05-4237-9f97-4250c1363b07', '2c017cd7-9e9c-470d-8f84-4bee52b230d8'),
('5a9b70c7-3a6e-4d72-afb7-c0af18d930cb', 'c28d5424-cf07-480a-9cd6-713ba945ff8f'),
('5a9b70c7-3a6e-4d72-afb7-c0af18d930cb', 'ed75cd86-f524-4dfe-a9b7-46eff11b29a1'),
('5a9b70c7-3a6e-4d72-afb7-c0af18d930cb', 'ba974ff1-2723-41f9-b46b-9a9df5713319'),
('5a9b70c7-3a6e-4d72-afb7-c0af18d930cb', 'af28d85e-7ed9-4dd0-868c-2c3199c7f46a'),
('5a9b70c7-3a6e-4d72-afb7-c0af18d930cb', '91c13b97-75e5-45ac-a528-490e5fed9ee5'),
('5a9b70c7-3a6e-4d72-afb7-c0af18d930cb', '7c1e2b1d-e7e4-4c24-aafb-69f65156905b'),
('5a9b70c7-3a6e-4d72-afb7-c0af18d930cb', '0ddbb646-4dce-47d2-883c-8de37e4e8a46'),
('bc559407-d1e6-4fee-9ef5-920ac0a9fafe', 'e81ac0e4-e402-4f6d-ac58-8c46f369699c'),
('bc559407-d1e6-4fee-9ef5-920ac0a9fafe', '640359c0-474b-46ed-a7e8-8c63449da6ab'),
('bc559407-d1e6-4fee-9ef5-920ac0a9fafe', '673263db-6568-42be-99a8-675f9882da44'),
('bc559407-d1e6-4fee-9ef5-920ac0a9fafe', '1e3fe482-57a2-4514-891c-35f48ae31702'),
('bc559407-d1e6-4fee-9ef5-920ac0a9fafe', '612c2546-8fd7-4220-9ca8-d97fb3ce4138'),
('bc559407-d1e6-4fee-9ef5-920ac0a9fafe', 'cfcbed9d-e805-46f4-90b5-38d8cf0b466f'),
('bc559407-d1e6-4fee-9ef5-920ac0a9fafe', '464f1632-38f0-4765-86f6-4243480a49e0'),
('bc559407-d1e6-4fee-9ef5-920ac0a9fafe', 'de787f05-74e5-4be8-b186-9b856dca865a'),
('5be6b5be-c427-4ac8-83db-0f9ce80636e7', 'b0dd5e0d-6f6f-4758-b57c-420dfe4a08a3'),
('5be6b5be-c427-4ac8-83db-0f9ce80636e7', '0f5fdbb4-4def-4a08-8500-928d7415cb1d'),
('5be6b5be-c427-4ac8-83db-0f9ce80636e7', '3cdf8a7c-c7cc-49f5-a6f1-2ab347e29dc4'),
('5be6b5be-c427-4ac8-83db-0f9ce80636e7', 'baa3e442-2c74-4458-8fdc-55e402f6a59e'),
('5be6b5be-c427-4ac8-83db-0f9ce80636e7', 'dbc3bc03-f39f-4271-ad92-df86ac6fc589'),
('5be6b5be-c427-4ac8-83db-0f9ce80636e7', '10ee61e3-5d3d-47c3-88a7-9231ef81cfa7'),
('c9c3dd68-5b14-485c-97a1-a14247a71fad', '750b1813-4f30-4260-8373-b328f5db6ccd');

INSERT INTO public.dish_tags (dish_id, tag_id) VALUES
('87717594-7507-4d65-87ee-e382e925841b', '4836d28a-76e3-4e9c-ad59-d36b8b851a10'),
('87717594-7507-4d65-87ee-e382e925841b', 'cb124de8-6d7d-41b1-8f65-449d4dd0dad1'),
('9a30bc66-c722-469c-93bb-c5cece8133e3', '376c163c-6f10-46c7-ad9f-729760d8678b'),
('4d8f1a4c-3049-46a9-b450-b846f38f68c4', 'd86763fb-a7ac-4203-9b10-efe6b7c7d5ab'),
('4d8f1a4c-3049-46a9-b450-b846f38f68c4', '8e5007d2-1fca-4f7a-bdc4-86a31e876830'),
('8eb11cbf-aee6-4cc3-af17-62a28691df34', 'cecf35a6-84e3-4093-8c2f-776ae2a9a7aa'),
('8eb11cbf-aee6-4cc3-af17-62a28691df34', '85fffa20-65e3-4874-bf0a-56249992284c'),
('c4ea67ad-5d5a-4b5c-aab6-01d356e9eee9', 'cb124de8-6d7d-41b1-8f65-449d4dd0dad1'),
('2786e98f-e5ed-4da6-8191-d3ee64e66d38', 'b2f1f5fd-f527-47a5-a0ec-762851a2ee4b'),
('c41cd1df-6a60-4bc1-88c2-857a2e20d7a7', 'f778fed8-d251-4707-af3e-7aa995597e5a'),
('c41cd1df-6a60-4bc1-88c2-857a2e20d7a7', '85fffa20-65e3-4874-bf0a-56249992284c'),
('17684124-1a8b-4b44-90e1-36320fe117f3', 'c035c70f-8c64-4ad9-b9fe-f0f4a40d4b29'),
('17684124-1a8b-4b44-90e1-36320fe117f3', 'd86763fb-a7ac-4203-9b10-efe6b7c7d5ab'),
('17684124-1a8b-4b44-90e1-36320fe117f3', '8e5007d2-1fca-4f7a-bdc4-86a31e876830'),
('8f2c1a03-d595-4aa7-ac63-489f64dbd3eb', '4836d28a-76e3-4e9c-ad59-d36b8b851a10'),
('8f2c1a03-d595-4aa7-ac63-489f64dbd3eb', 'bc1ef5f4-fd3b-443b-9856-d705ca53df6c'),
('8f2c1a03-d595-4aa7-ac63-489f64dbd3eb', 'cb124de8-6d7d-41b1-8f65-449d4dd0dad1'),
('3272d163-94ee-4537-b34e-8f4586ba9979', 'f778fed8-d251-4707-af3e-7aa995597e5a'),
('db657d52-0edf-4532-a5b8-d8fc68f82698', 'f778fed8-d251-4707-af3e-7aa995597e5a'),
('db657d52-0edf-4532-a5b8-d8fc68f82698', '85fffa20-65e3-4874-bf0a-56249992284c'),
('7c1e4353-6ab2-43d2-9617-838e19c7c914', '42fb036d-0eff-465b-acdc-ae4ae8ca10dc'),
('4a2fc727-a582-40f0-9358-cbb0e2c11ec0', 'cecf35a6-84e3-4093-8c2f-776ae2a9a7aa'),
('4a2fc727-a582-40f0-9358-cbb0e2c11ec0', '85fffa20-65e3-4874-bf0a-56249992284c'),
('b3ab426f-c3bd-4a87-b977-2927b3cd248f', '5e65ec66-9c27-4e92-badd-d51ec0e250ac'),
('076901ce-d4fb-43a9-893d-6e1fa21d58d6', '2babe567-05ac-4b85-af26-f845fda8bca6'),
('076901ce-d4fb-43a9-893d-6e1fa21d58d6', '42fb036d-0eff-465b-acdc-ae4ae8ca10dc'),
('f81e0ba7-8189-4514-aacd-c288fcb0e54d', 'f840fa9b-c374-4b71-a2be-723511c7651e'),
('f81e0ba7-8189-4514-aacd-c288fcb0e54d', '76cd4131-d785-4f19-b795-cd9ace949741'),
('facfa993-d3c9-4746-b67c-cdc227a43e6c', 'cecf35a6-84e3-4093-8c2f-776ae2a9a7aa'),
('facfa993-d3c9-4746-b67c-cdc227a43e6c', '85fffa20-65e3-4874-bf0a-56249992284c'),
('da30ae3c-8ea8-4379-b46a-631873273235', '376c163c-6f10-46c7-ad9f-729760d8678b'),
('82a44e3f-6c38-42ea-b5f8-b7f838ba43d0', 'cecf35a6-84e3-4093-8c2f-776ae2a9a7aa'),
('82a44e3f-6c38-42ea-b5f8-b7f838ba43d0', '85fffa20-65e3-4874-bf0a-56249992284c'),
('e7c20dfd-fd12-41d0-a432-e308ed099c9e', 'bfe34de1-1ca7-4da7-a412-203fe2dabdc9'),
('e7c20dfd-fd12-41d0-a432-e308ed099c9e', '85fffa20-65e3-4874-bf0a-56249992284c'),
('60b7330c-3878-45b6-8d49-3e0e8e04042c', 'f778fed8-d251-4707-af3e-7aa995597e5a'),
('bec00396-942b-4070-8d89-e7161aabf829', 'a798f4ec-f64d-46da-a587-ea6a9efd1569'),
('bec00396-942b-4070-8d89-e7161aabf829', '376c163c-6f10-46c7-ad9f-729760d8678b'),
('bec00396-942b-4070-8d89-e7161aabf829', '805e25b7-ef01-4972-8c06-c111677a8362'),
('2f8024c8-f0d1-4105-9d9e-9c437d165cb8', 'eaff64a4-0570-4908-a564-2f3d009f9f9a'),
('0ac2d051-7c1c-49f3-b72f-98f47d81aa99', 'f778fed8-d251-4707-af3e-7aa995597e5a'),
('0bbcb25b-14ad-4f66-99dd-1295fafe3d73', 'f8752cf0-333a-4769-88ed-46a28c0b8867'),
('0bbcb25b-14ad-4f66-99dd-1295fafe3d73', 'a4cbc409-5f6d-4e9b-8786-b1df529e9bcf'),
('0bbcb25b-14ad-4f66-99dd-1295fafe3d73', '6bfe7dae-3035-4a47-acdb-9e00061ea243'),
('df965e37-ea3a-4571-aefe-3c4aecb330b7', 'cecf35a6-84e3-4093-8c2f-776ae2a9a7aa'),
('9cc985b1-d4dc-4c4d-9bd3-a59c3bb7d278', 'cecf35a6-84e3-4093-8c2f-776ae2a9a7aa'),
('6cdfaba9-4d12-40ab-aeec-1aa399182bb5', '336a7813-f467-4445-a88c-bf4f918219b4'),
('6cdfaba9-4d12-40ab-aeec-1aa399182bb5', '5e65ec66-9c27-4e92-badd-d51ec0e250ac'),
('6cdfaba9-4d12-40ab-aeec-1aa399182bb5', '669914e5-b8ac-44cd-acc8-2e4728db0f26'),
('21809b00-3873-4c07-b8eb-eebb58b1c101', '8780bad3-237a-45f5-8a2a-8bf88ef7c429'),
('98ec4595-9d44-443b-bf2a-600573e98038', '85fffa20-65e3-4874-bf0a-56249992284c'),
('d253c964-99ec-43cb-baab-67b4d72d3388', '9418cfff-a00d-4a75-ab32-c25635ef1766'),
('e105ff58-02e1-4aec-9f5f-5bea457d3f2a', 'bfe34de1-1ca7-4da7-a412-203fe2dabdc9'),
('e105ff58-02e1-4aec-9f5f-5bea457d3f2a', '85fffa20-65e3-4874-bf0a-56249992284c'),
('8aa128ba-8563-4713-838d-c4e1dfc3c5f4', 'f778fed8-d251-4707-af3e-7aa995597e5a'),
('32de8b11-01c8-4a2b-8ba8-8bc1ff51d1b4', '86bf23eb-65b8-467e-b27c-803f98baf538'),
('3672da2c-cd57-4fed-a1e7-58637428f7a3', 'bfe34de1-1ca7-4da7-a412-203fe2dabdc9'),
('3672da2c-cd57-4fed-a1e7-58637428f7a3', 'cecf35a6-84e3-4093-8c2f-776ae2a9a7aa'),
('9f90fcc5-6dbd-432b-88e3-76331e710b6e', '5e65ec66-9c27-4e92-badd-d51ec0e250ac'),
('799d16e1-60da-491e-aa2d-c1c2fabcdc0c', 'd86763fb-a7ac-4203-9b10-efe6b7c7d5ab'),
('799d16e1-60da-491e-aa2d-c1c2fabcdc0c', '8e5007d2-1fca-4f7a-bdc4-86a31e876830'),
('267512d6-1522-43a7-b515-2083ccbcf83d', 'f778fed8-d251-4707-af3e-7aa995597e5a'),
('267512d6-1522-43a7-b515-2083ccbcf83d', '85fffa20-65e3-4874-bf0a-56249992284c'),
('efcd8688-2ab3-48c0-81fd-97afe1b52155', '85fffa20-65e3-4874-bf0a-56249992284c'),
('75ed38b1-3ee7-4ef7-b9ca-85bb16903206', '8e5007d2-1fca-4f7a-bdc4-86a31e876830'),
('f500fd57-4233-4136-b728-3c50c8e02bb4', 'bfe34de1-1ca7-4da7-a412-203fe2dabdc9'),
('f500fd57-4233-4136-b728-3c50c8e02bb4', '85fffa20-65e3-4874-bf0a-56249992284c'),
('0397420b-3a49-4a42-874d-bab4880cf474', '5e65ec66-9c27-4e92-badd-d51ec0e250ac'),
('0397420b-3a49-4a42-874d-bab4880cf474', 'cecf35a6-84e3-4093-8c2f-776ae2a9a7aa'),
('7cce3d62-a680-4d14-9669-51272db4e380', '86bf23eb-65b8-467e-b27c-803f98baf538'),
('7cce3d62-a680-4d14-9669-51272db4e380', 'b08ca0aa-2071-4bb1-8aba-a3af27c9497c'),
('50ac0e48-33d8-4ccf-bed6-f7b135d9f31c', 'bfe34de1-1ca7-4da7-a412-203fe2dabdc9'),
('50ac0e48-33d8-4ccf-bed6-f7b135d9f31c', '85fffa20-65e3-4874-bf0a-56249992284c'),
('98a4bcaf-746b-44e5-9215-297fe05599f0', 'bfe34de1-1ca7-4da7-a412-203fe2dabdc9'),
('98a4bcaf-746b-44e5-9215-297fe05599f0', '85fffa20-65e3-4874-bf0a-56249992284c'),
('4824650f-2a3e-4237-b1cd-f78e1ddee014', 'f778fed8-d251-4707-af3e-7aa995597e5a'),
('86cfef9d-88e0-4f27-9936-01b8b218e342', '3e22f142-a348-4c19-8ac7-104d378e820e'),
('07884dc3-4ea5-48d2-92ea-4b2c54ef0ac7', '3e22f142-a348-4c19-8ac7-104d378e820e'),
('ce0eab5e-49d9-48ba-8db3-7032beb06efd', 'bfe34de1-1ca7-4da7-a412-203fe2dabdc9'),
('ce0eab5e-49d9-48ba-8db3-7032beb06efd', 'cecf35a6-84e3-4093-8c2f-776ae2a9a7aa'),
('ce0eab5e-49d9-48ba-8db3-7032beb06efd', '85fffa20-65e3-4874-bf0a-56249992284c'),
('37dab4f1-dec6-4b5b-a955-1157438d350f', 'bfe34de1-1ca7-4da7-a412-203fe2dabdc9'),
('37dab4f1-dec6-4b5b-a955-1157438d350f', '85fffa20-65e3-4874-bf0a-56249992284c'),
('4608a870-6659-4398-acb9-8c865711e245', 'ed29f377-5341-4a06-9a2b-ad20bca7442b'),
('a0e87b5f-98b7-4660-a96b-7728fde61a5c', '3c0a85ad-b284-4c6f-aeb7-8f97a30b6839'),
('a0e87b5f-98b7-4660-a96b-7728fde61a5c', '42fb036d-0eff-465b-acdc-ae4ae8ca10dc'),
('a0e87b5f-98b7-4660-a96b-7728fde61a5c', '2babe567-05ac-4b85-af26-f845fda8bca6'),
('1aa8cd08-8b88-4ee1-b814-4d4bb3b027bb', 'bfe34de1-1ca7-4da7-a412-203fe2dabdc9'),
('1aa8cd08-8b88-4ee1-b814-4d4bb3b027bb', '85fffa20-65e3-4874-bf0a-56249992284c'),
('58736568-686a-49a8-9ee0-56b3af6e6ac8', '5e65ec66-9c27-4e92-badd-d51ec0e250ac'),
('58736568-686a-49a8-9ee0-56b3af6e6ac8', 'bfe34de1-1ca7-4da7-a412-203fe2dabdc9'),
('58736568-686a-49a8-9ee0-56b3af6e6ac8', 'cecf35a6-84e3-4093-8c2f-776ae2a9a7aa'),
('93ce0e09-a416-4f5e-9f3c-65f655654556', '8780bad3-237a-45f5-8a2a-8bf88ef7c429'),
('39159244-32b8-40dd-b953-2649ad8e725c', 'f840fa9b-c374-4b71-a2be-723511c7651e'),
('39159244-32b8-40dd-b953-2649ad8e725c', '336a7813-f467-4445-a88c-bf4f918219b4'),
('39159244-32b8-40dd-b953-2649ad8e725c', '85fffa20-65e3-4874-bf0a-56249992284c'),
('db8de262-4a0f-4ab9-a1ca-1e27f4325337', '659fab41-7fed-4f97-9345-692445dbd85e'),
('b280d708-9143-4eb5-8ebd-2238e05dc35a', '988a642a-73d1-4b5b-ab02-343bf4a99a51'),
('b280d708-9143-4eb5-8ebd-2238e05dc35a', '8780bad3-237a-45f5-8a2a-8bf88ef7c429'),
('b280d708-9143-4eb5-8ebd-2238e05dc35a', 'cecf35a6-84e3-4093-8c2f-776ae2a9a7aa'),
('b280d708-9143-4eb5-8ebd-2238e05dc35a', '85fffa20-65e3-4874-bf0a-56249992284c'),
('f8f34879-cef8-4a64-970f-b982b50db617', 'cecf35a6-84e3-4093-8c2f-776ae2a9a7aa'),
('ba7a7478-9437-431a-a507-ca828302f499', 'cecf35a6-84e3-4093-8c2f-776ae2a9a7aa'),
('ba7a7478-9437-431a-a507-ca828302f499', '85fffa20-65e3-4874-bf0a-56249992284c'),
('cd207502-9106-4a7c-b742-8e9b65ae79a6', '8780bad3-237a-45f5-8a2a-8bf88ef7c429'),
('82d20646-421b-4f4f-b137-b28efa745e9e', 'a798f4ec-f64d-46da-a587-ea6a9efd1569'),
('82d20646-421b-4f4f-b137-b28efa745e9e', '805e25b7-ef01-4972-8c06-c111677a8362'),
('82d20646-421b-4f4f-b137-b28efa745e9e', '376c163c-6f10-46c7-ad9f-729760d8678b'),
('8422e2f0-8868-403e-ac6a-ab3c29a7d09b', '336a7813-f467-4445-a88c-bf4f918219b4'),
('8422e2f0-8868-403e-ac6a-ab3c29a7d09b', '85fffa20-65e3-4874-bf0a-56249992284c'),
('3e232d97-2927-48f8-a6d1-9458cced09a0', 'f778fed8-d251-4707-af3e-7aa995597e5a'),
('bb437b2f-6227-4f11-a6b9-761fd96eb812', 'cecf35a6-84e3-4093-8c2f-776ae2a9a7aa'),
('6ad73d14-b410-43f4-860b-af28c258b572', '85fffa20-65e3-4874-bf0a-56249992284c'),
('462d4217-5648-496b-a981-ba516715d5a9', '4886b1a7-648e-4f49-8a26-4ff41448e144'),
('462d4217-5648-496b-a981-ba516715d5a9', 'cecf35a6-84e3-4093-8c2f-776ae2a9a7aa'),
('4e7aaec7-005b-464b-90c0-ba746c754b8b', '5e65ec66-9c27-4e92-badd-d51ec0e250ac'),
('4e7aaec7-005b-464b-90c0-ba746c754b8b', 'b08ca0aa-2071-4bb1-8aba-a3af27c9497c'),
('3a618909-a8ab-46b3-bad3-a472cb56c56a', 'a4cbc409-5f6d-4e9b-8786-b1df529e9bcf'),
('3a618909-a8ab-46b3-bad3-a472cb56c56a', '6bfe7dae-3035-4a47-acdb-9e00061ea243'),
('3cde939f-8b96-486d-9eb5-48069fc4500f', 'f778fed8-d251-4707-af3e-7aa995597e5a'),
('31a2363a-d0f4-48eb-96bc-9cb34f49482b', 'bfe34de1-1ca7-4da7-a412-203fe2dabdc9'),
('31a2363a-d0f4-48eb-96bc-9cb34f49482b', '8780bad3-237a-45f5-8a2a-8bf88ef7c429'),
('31a2363a-d0f4-48eb-96bc-9cb34f49482b', 'cecf35a6-84e3-4093-8c2f-776ae2a9a7aa'),
('31a2363a-d0f4-48eb-96bc-9cb34f49482b', '85fffa20-65e3-4874-bf0a-56249992284c'),
('60387cbd-0566-4cd6-b7cc-146afb683bf3', '9418cfff-a00d-4a75-ab32-c25635ef1766'),
('cc00c42a-38b1-463a-81c7-706ce2af8f5e', 'cecf35a6-84e3-4093-8c2f-776ae2a9a7aa'),
('75f2b4df-baeb-4339-b505-9a6c17ea823b', '4836d28a-76e3-4e9c-ad59-d36b8b851a10'),
('75f2b4df-baeb-4339-b505-9a6c17ea823b', 'bc1ef5f4-fd3b-443b-9856-d705ca53df6c'),
('75f2b4df-baeb-4339-b505-9a6c17ea823b', 'cb124de8-6d7d-41b1-8f65-449d4dd0dad1'),
('024fc8ef-d178-44b3-b125-5a3f6fc3d4d9', '8e5007d2-1fca-4f7a-bdc4-86a31e876830'),
('1cdee76e-0537-417a-8dac-e3c02e67d44a', 'eaff64a4-0570-4908-a564-2f3d009f9f9a'),
('4f18ce15-51ee-41bd-8fc4-e3b8097b3e40', 'b2f1f5fd-f527-47a5-a0ec-762851a2ee4b'),
('9d754ec6-6dd6-48e7-a015-da8d976bb6b3', 'cecf35a6-84e3-4093-8c2f-776ae2a9a7aa'),
('9d754ec6-6dd6-48e7-a015-da8d976bb6b3', '85fffa20-65e3-4874-bf0a-56249992284c'),
('07eb0fe8-c08d-484f-a3f9-1ea09542fa59', 'c1fb9718-1ac7-4a69-9baf-0f52631edad4'),
('07eb0fe8-c08d-484f-a3f9-1ea09542fa59', '5e65ec66-9c27-4e92-badd-d51ec0e250ac'),
('07eb0fe8-c08d-484f-a3f9-1ea09542fa59', 'cecf35a6-84e3-4093-8c2f-776ae2a9a7aa'),
('07eb0fe8-c08d-484f-a3f9-1ea09542fa59', '85fffa20-65e3-4874-bf0a-56249992284c'),
('2910945b-9c67-4c1f-859a-eb1cad8409aa', '6bfe7dae-3035-4a47-acdb-9e00061ea243'),
('68f6a614-6f58-4119-8718-3a900fafb44b', '336a7813-f467-4445-a88c-bf4f918219b4'),
('4f136fdb-ea0d-4eb5-8a86-a45a20cb3799', 'bc1ef5f4-fd3b-443b-9856-d705ca53df6c'),
('4f136fdb-ea0d-4eb5-8a86-a45a20cb3799', 'cb124de8-6d7d-41b1-8f65-449d4dd0dad1'),
('f270c500-f605-404f-9564-11287443b4cd', 'c1fb9718-1ac7-4a69-9baf-0f52631edad4'),
('f270c500-f605-404f-9564-11287443b4cd', '669914e5-b8ac-44cd-acc8-2e4728db0f26'),
('f270c500-f605-404f-9564-11287443b4cd', 'cecf35a6-84e3-4093-8c2f-776ae2a9a7aa'),
('f270c500-f605-404f-9564-11287443b4cd', '85fffa20-65e3-4874-bf0a-56249992284c'),
('10b82988-7c61-4223-9c0f-e11433422d5e', '4836d28a-76e3-4e9c-ad59-d36b8b851a10'),
('10b82988-7c61-4223-9c0f-e11433422d5e', 'bc1ef5f4-fd3b-443b-9856-d705ca53df6c'),
('10b82988-7c61-4223-9c0f-e11433422d5e', 'cb124de8-6d7d-41b1-8f65-449d4dd0dad1'),
('61a7aa60-2c1a-450a-bdd0-8d08c29f3470', '659fab41-7fed-4f97-9345-692445dbd85e'),
('1d8baeb1-7b5c-4056-9fba-5ceb5ff6c4f4', '2babe567-05ac-4b85-af26-f845fda8bca6'),
('1d8baeb1-7b5c-4056-9fba-5ceb5ff6c4f4', '42fb036d-0eff-465b-acdc-ae4ae8ca10dc'),
('e036e054-d86c-4767-a647-8130e4d35917', 'f840fa9b-c374-4b71-a2be-723511c7651e'),
('e036e054-d86c-4767-a647-8130e4d35917', '86bf23eb-65b8-467e-b27c-803f98baf538'),
('c0eb23fd-5b6a-4506-97b5-e14e2f4d20fb', '6bfe7dae-3035-4a47-acdb-9e00061ea243'),
('3eea4b6e-5321-4859-9b83-2028486eea4f', '8780bad3-237a-45f5-8a2a-8bf88ef7c429'),
('3eea4b6e-5321-4859-9b83-2028486eea4f', 'cecf35a6-84e3-4093-8c2f-776ae2a9a7aa'),
('3eea4b6e-5321-4859-9b83-2028486eea4f', '85fffa20-65e3-4874-bf0a-56249992284c'),
('4755793e-c13b-4b69-9d98-b4ddea336509', '86bf23eb-65b8-467e-b27c-803f98baf538'),
('6b538256-8b33-467e-935a-112ef80756b9', '5e65ec66-9c27-4e92-badd-d51ec0e250ac'),
('6b538256-8b33-467e-935a-112ef80756b9', '76cd4131-d785-4f19-b795-cd9ace949741'),
('c130e4d3-f741-49d4-9103-0f0e257298ea', 'f778fed8-d251-4707-af3e-7aa995597e5a'),
('c130e4d3-f741-49d4-9103-0f0e257298ea', 'bfe34de1-1ca7-4da7-a412-203fe2dabdc9'),
('c130e4d3-f741-49d4-9103-0f0e257298ea', 'cecf35a6-84e3-4093-8c2f-776ae2a9a7aa'),
('c130e4d3-f741-49d4-9103-0f0e257298ea', '85fffa20-65e3-4874-bf0a-56249992284c'),
('187f2a50-2a41-4950-a0da-7a0a02adc8c7', 'f840fa9b-c374-4b71-a2be-723511c7651e'),
('187f2a50-2a41-4950-a0da-7a0a02adc8c7', '5e65ec66-9c27-4e92-badd-d51ec0e250ac'),
('0dad1149-9366-42c3-90d4-b8292d50de07', '541c6411-7267-4b66-b4c2-dc1e07cc86a8'),
('e3203298-713a-414b-92dd-9465cba0c204', 'f840fa9b-c374-4b71-a2be-723511c7651e'),
('e3203298-713a-414b-92dd-9465cba0c204', '76cd4131-d785-4f19-b795-cd9ace949741'),
('ebae32d3-d9e2-4ca0-8500-b2a29e155321', 'c1fb9718-1ac7-4a69-9baf-0f52631edad4'),
('ebae32d3-d9e2-4ca0-8500-b2a29e155321', '669914e5-b8ac-44cd-acc8-2e4728db0f26'),
('ebae32d3-d9e2-4ca0-8500-b2a29e155321', 'cecf35a6-84e3-4093-8c2f-776ae2a9a7aa'),
('ebae32d3-d9e2-4ca0-8500-b2a29e155321', '85fffa20-65e3-4874-bf0a-56249992284c'),
('9b707f7a-ce9b-4ea1-a1ee-a55ed9050ef0', 'bc1ef5f4-fd3b-443b-9856-d705ca53df6c'),
('9b707f7a-ce9b-4ea1-a1ee-a55ed9050ef0', 'cb124de8-6d7d-41b1-8f65-449d4dd0dad1'),
('8c3f77a3-1d27-47b7-9785-119e805d4786', '86bf23eb-65b8-467e-b27c-803f98baf538'),
('8c3f77a3-1d27-47b7-9785-119e805d4786', 'b08ca0aa-2071-4bb1-8aba-a3af27c9497c'),
('4edadc4c-ae5b-409e-9a2a-6205a50bf180', '541c6411-7267-4b66-b4c2-dc1e07cc86a8'),
('b60e3a90-52fa-4179-bfef-c3984df94b2a', 'bfe34de1-1ca7-4da7-a412-203fe2dabdc9'),
('b60e3a90-52fa-4179-bfef-c3984df94b2a', 'cecf35a6-84e3-4093-8c2f-776ae2a9a7aa'),
('b60e3a90-52fa-4179-bfef-c3984df94b2a', '85fffa20-65e3-4874-bf0a-56249992284c'),
('8202e659-2332-4f19-926a-cd93cb83ecbd', '376c163c-6f10-46c7-ad9f-729760d8678b'),
('97b075c6-a9c3-4552-8925-678c3aded95a', '805e25b7-ef01-4972-8c06-c111677a8362'),
('97b075c6-a9c3-4552-8925-678c3aded95a', '376c163c-6f10-46c7-ad9f-729760d8678b'),
('2a029585-183f-4874-839a-b547655448ce', '376c163c-6f10-46c7-ad9f-729760d8678b'),
('1f196de0-590f-4449-9ad2-bc1989b7927f', 'cecf35a6-84e3-4093-8c2f-776ae2a9a7aa'),
('1f196de0-590f-4449-9ad2-bc1989b7927f', '85fffa20-65e3-4874-bf0a-56249992284c'),
('476a632a-005a-4609-8cdf-fcff91c34c40', '6bfe7dae-3035-4a47-acdb-9e00061ea243'),
('b7d72b95-aadd-4f94-a3c0-35a062d1fc89', '8780bad3-237a-45f5-8a2a-8bf88ef7c429'),
('a7d4698b-19a3-43cc-98c4-06c9e0f62354', '988a642a-73d1-4b5b-ab02-343bf4a99a51'),
('a7d4698b-19a3-43cc-98c4-06c9e0f62354', 'cecf35a6-84e3-4093-8c2f-776ae2a9a7aa'),
('a7d4698b-19a3-43cc-98c4-06c9e0f62354', '85fffa20-65e3-4874-bf0a-56249992284c'),
('43739412-2b08-40a4-bbff-9eabba4261b3', '5e65ec66-9c27-4e92-badd-d51ec0e250ac'),
('a6950632-ec59-444e-8e5d-f7e69b2cb875', 'bc1ef5f4-fd3b-443b-9856-d705ca53df6c'),
('a6950632-ec59-444e-8e5d-f7e69b2cb875', 'cb124de8-6d7d-41b1-8f65-449d4dd0dad1'),
('c155d19c-abd0-4af2-befb-49a33baeef8b', 'cecf35a6-84e3-4093-8c2f-776ae2a9a7aa'),
('c155d19c-abd0-4af2-befb-49a33baeef8b', '85fffa20-65e3-4874-bf0a-56249992284c'),
('c23c2e1c-1805-45be-a457-03de2f6e6083', '2babe567-05ac-4b85-af26-f845fda8bca6'),
('c23c2e1c-1805-45be-a457-03de2f6e6083', '42fb036d-0eff-465b-acdc-ae4ae8ca10dc'),
('3b50cbc0-6530-4f18-9f24-cdde25d9ca92', 'f778fed8-d251-4707-af3e-7aa995597e5a'),
('8398e8e7-151e-4793-93f9-72d568d1df81', 'bfe34de1-1ca7-4da7-a412-203fe2dabdc9'),
('8398e8e7-151e-4793-93f9-72d568d1df81', '85fffa20-65e3-4874-bf0a-56249992284c'),
('2a963ca9-9367-4a51-ac9b-31c34d0c570a', 'c1fb9718-1ac7-4a69-9baf-0f52631edad4'),
('2a963ca9-9367-4a51-ac9b-31c34d0c570a', 'f840fa9b-c374-4b71-a2be-723511c7651e'),
('2a963ca9-9367-4a51-ac9b-31c34d0c570a', 'cecf35a6-84e3-4093-8c2f-776ae2a9a7aa'),
('c9981269-d5e1-4526-9520-18628b3da681', 'cecf35a6-84e3-4093-8c2f-776ae2a9a7aa'),
('cf8f21a4-faf0-42e6-abd4-c66b9428e063', '3c0a85ad-b284-4c6f-aeb7-8f97a30b6839'),
('cf8f21a4-faf0-42e6-abd4-c66b9428e063', '2babe567-05ac-4b85-af26-f845fda8bca6'),
('cf8f21a4-faf0-42e6-abd4-c66b9428e063', '42fb036d-0eff-465b-acdc-ae4ae8ca10dc'),
('d952a1b3-159c-44db-8e6e-803f669b5e3d', 'f778fed8-d251-4707-af3e-7aa995597e5a'),
('d952a1b3-159c-44db-8e6e-803f669b5e3d', '85fffa20-65e3-4874-bf0a-56249992284c'),
('71b63984-9ad9-4977-a45f-a1388de8d06b', 'f840fa9b-c374-4b71-a2be-723511c7651e'),
('71b63984-9ad9-4977-a45f-a1388de8d06b', 'cecf35a6-84e3-4093-8c2f-776ae2a9a7aa'),
('c1627c33-c837-4968-a614-e23f62250d1e', '336a7813-f467-4445-a88c-bf4f918219b4'),
('c1627c33-c837-4968-a614-e23f62250d1e', '669914e5-b8ac-44cd-acc8-2e4728db0f26'),
('c1627c33-c837-4968-a614-e23f62250d1e', 'cecf35a6-84e3-4093-8c2f-776ae2a9a7aa'),
('c1627c33-c837-4968-a614-e23f62250d1e', '85fffa20-65e3-4874-bf0a-56249992284c'),
('8f10e0c0-0018-4d1d-8169-b846ddad40ef', 'cb124de8-6d7d-41b1-8f65-449d4dd0dad1'),
('d0a87a62-b795-476b-b066-9ea91462962f', 'bc1ef5f4-fd3b-443b-9856-d705ca53df6c'),
('c1784411-d7c8-4b9f-865d-134e07b5c389', '8e5007d2-1fca-4f7a-bdc4-86a31e876830'),
('adc1f97a-afa3-4525-820c-d69ba613ae29', 'a798f4ec-f64d-46da-a587-ea6a9efd1569'),
('adc1f97a-afa3-4525-820c-d69ba613ae29', '805e25b7-ef01-4972-8c06-c111677a8362'),
('adc1f97a-afa3-4525-820c-d69ba613ae29', '376c163c-6f10-46c7-ad9f-729760d8678b'),
('f4a45359-fa8a-4bee-a9ed-b181bac0968a', '5e65ec66-9c27-4e92-badd-d51ec0e250ac'),
('8cd5c74b-8932-467a-99b9-4dc99671bd15', '988a642a-73d1-4b5b-ab02-343bf4a99a51'),
('0f53c76d-a201-4adb-aa41-506bef0b5525', '86bf23eb-65b8-467e-b27c-803f98baf538'),
('7f492b6f-16f6-4ad3-a741-eee4e9bd5deb', 'c035c70f-8c64-4ad9-b9fe-f0f4a40d4b29'),
('7f492b6f-16f6-4ad3-a741-eee4e9bd5deb', '8e5007d2-1fca-4f7a-bdc4-86a31e876830'),
('7f492b6f-16f6-4ad3-a741-eee4e9bd5deb', 'd86763fb-a7ac-4203-9b10-efe6b7c7d5ab'),
('2e06bf9d-ab96-4c41-80fc-06b6e763279b', '5e65ec66-9c27-4e92-badd-d51ec0e250ac'),
('2e06bf9d-ab96-4c41-80fc-06b6e763279b', 'bfe34de1-1ca7-4da7-a412-203fe2dabdc9'),
('2e06bf9d-ab96-4c41-80fc-06b6e763279b', 'cecf35a6-84e3-4093-8c2f-776ae2a9a7aa'),
('71b6aafc-2c09-4ca3-b409-298750d4f350', '669914e5-b8ac-44cd-acc8-2e4728db0f26'),
('b553e1bf-987f-438f-b7af-8126d2f496c4', 'cecf35a6-84e3-4093-8c2f-776ae2a9a7aa'),
('1f699924-f3cf-43a9-948d-0f947fd96d9d', '8780bad3-237a-45f5-8a2a-8bf88ef7c429'),
('1f699924-f3cf-43a9-948d-0f947fd96d9d', 'cecf35a6-84e3-4093-8c2f-776ae2a9a7aa'),
('1f699924-f3cf-43a9-948d-0f947fd96d9d', '85fffa20-65e3-4874-bf0a-56249992284c'),
('7c796521-16b4-4006-90d6-6bab591e4bd1', '86bf23eb-65b8-467e-b27c-803f98baf538'),
('c587d9a2-6fa7-4685-9a2c-1b5de13ed058', 'f840fa9b-c374-4b71-a2be-723511c7651e'),
('c587d9a2-6fa7-4685-9a2c-1b5de13ed058', 'b08ca0aa-2071-4bb1-8aba-a3af27c9497c'),
('3c42f46a-6dbd-49b9-a6bc-d622b811815b', '5e65ec66-9c27-4e92-badd-d51ec0e250ac'),
('58407610-1d37-4886-9350-3f45165e3fde', '746d09d4-6337-49bb-a63c-3fbf5c934888'),
('f5023b2e-9c2b-4d5b-88c5-5ddc130184f9', '8e5007d2-1fca-4f7a-bdc4-86a31e876830'),
('97e2516f-b3ea-4146-ae4e-ce573a94a04c', '5e65ec66-9c27-4e92-badd-d51ec0e250ac'),
('68805a5a-9ff1-40cf-9aab-b31a0918e6a1', 'f778fed8-d251-4707-af3e-7aa995597e5a'),
('d3283070-5f96-4666-8d2c-f5e0505fabe8', 'bfe34de1-1ca7-4da7-a412-203fe2dabdc9'),
('d3283070-5f96-4666-8d2c-f5e0505fabe8', '85fffa20-65e3-4874-bf0a-56249992284c'),
('5dae54e0-5c2a-4650-88b1-9bb1ccac47c2', '8780bad3-237a-45f5-8a2a-8bf88ef7c429'),
('fc597eac-c363-404e-b985-45f428634079', 'cecf35a6-84e3-4093-8c2f-776ae2a9a7aa'),
('fc597eac-c363-404e-b985-45f428634079', '85fffa20-65e3-4874-bf0a-56249992284c'),
('aaa111fd-7d31-4d7b-abba-c6fd5f01a60d', 'f840fa9b-c374-4b71-a2be-723511c7651e'),
('d8368525-0ea2-4bf3-b47f-a7ab86d4fa2b', 'b08ca0aa-2071-4bb1-8aba-a3af27c9497c'),
('d8368525-0ea2-4bf3-b47f-a7ab86d4fa2b', '85fffa20-65e3-4874-bf0a-56249992284c'),
('a3ed7d3c-7ba5-42ad-8041-942fd913583d', '4836d28a-76e3-4e9c-ad59-d36b8b851a10'),
('a3ed7d3c-7ba5-42ad-8041-942fd913583d', 'cb124de8-6d7d-41b1-8f65-449d4dd0dad1'),
('5a02d76c-9f96-4d16-a91d-c8a04ee99fa1', '86bf23eb-65b8-467e-b27c-803f98baf538'),
('d1b49843-9528-43d3-a6b2-ea99c80aea0b', 'cecf35a6-84e3-4093-8c2f-776ae2a9a7aa'),
('676dc102-8ae4-4d5c-a51e-e23e17d38f46', 'bfe34de1-1ca7-4da7-a412-203fe2dabdc9'),
('676dc102-8ae4-4d5c-a51e-e23e17d38f46', '8780bad3-237a-45f5-8a2a-8bf88ef7c429'),
('217cb21a-ed1c-489e-8cac-27eae78c47d9', 'cb124de8-6d7d-41b1-8f65-449d4dd0dad1'),
('a72b4ed6-3a0b-402b-9f36-9e3c72cdae3f', '8780bad3-237a-45f5-8a2a-8bf88ef7c429'),
('204f3689-436b-4dd4-91fa-f65a6d3649c1', '988a642a-73d1-4b5b-ab02-343bf4a99a51'),
('3011ee19-4c55-4d2a-b922-bb83f221e1a9', 'f840fa9b-c374-4b71-a2be-723511c7651e'),
('3011ee19-4c55-4d2a-b922-bb83f221e1a9', '76cd4131-d785-4f19-b795-cd9ace949741'),
('3011ee19-4c55-4d2a-b922-bb83f221e1a9', '85fffa20-65e3-4874-bf0a-56249992284c'),
('de8107ab-2858-4b7c-b7fc-caebc1d7283c', 'bfe34de1-1ca7-4da7-a412-203fe2dabdc9'),
('de8107ab-2858-4b7c-b7fc-caebc1d7283c', '85fffa20-65e3-4874-bf0a-56249992284c'),
('b2967ada-c40f-4a55-9bdd-d8dd1c29ec18', '42fb036d-0eff-465b-acdc-ae4ae8ca10dc'),
('00ace8b0-02b8-4073-b434-29cf73396913', '3c0a85ad-b284-4c6f-aeb7-8f97a30b6839'),
('00ace8b0-02b8-4073-b434-29cf73396913', '2babe567-05ac-4b85-af26-f845fda8bca6'),
('00ace8b0-02b8-4073-b434-29cf73396913', '42fb036d-0eff-465b-acdc-ae4ae8ca10dc'),
('3ca042da-bbde-42a5-a6a7-ccfc4731722c', '336a7813-f467-4445-a88c-bf4f918219b4'),
('3ca042da-bbde-42a5-a6a7-ccfc4731722c', '5e65ec66-9c27-4e92-badd-d51ec0e250ac'),
('ae524cb9-fb27-46da-b3d0-0d932b09c6bb', 'f8752cf0-333a-4769-88ed-46a28c0b8867'),
('ae524cb9-fb27-46da-b3d0-0d932b09c6bb', 'a4cbc409-5f6d-4e9b-8786-b1df529e9bcf'),
('ae524cb9-fb27-46da-b3d0-0d932b09c6bb', '6bfe7dae-3035-4a47-acdb-9e00061ea243'),
('68846bd2-3fc0-499b-8d19-d87a2dcf028d', '5e65ec66-9c27-4e92-badd-d51ec0e250ac'),
('68846bd2-3fc0-499b-8d19-d87a2dcf028d', '76cd4131-d785-4f19-b795-cd9ace949741'),
('36a65a6f-fa9c-4b1a-b9e5-04c7079645a7', 'c035c70f-8c64-4ad9-b9fe-f0f4a40d4b29'),
('36a65a6f-fa9c-4b1a-b9e5-04c7079645a7', 'd86763fb-a7ac-4203-9b10-efe6b7c7d5ab'),
('36a65a6f-fa9c-4b1a-b9e5-04c7079645a7', '8e5007d2-1fca-4f7a-bdc4-86a31e876830'),
('8781a76c-2fc2-44fa-993f-585c0f17145c', 'cecf35a6-84e3-4093-8c2f-776ae2a9a7aa'),
('8781a76c-2fc2-44fa-993f-585c0f17145c', '85fffa20-65e3-4874-bf0a-56249992284c'),
('58a70ec9-af05-4237-9f97-4250c1363b07', '805e25b7-ef01-4972-8c06-c111677a8362'),
('58a70ec9-af05-4237-9f97-4250c1363b07', '376c163c-6f10-46c7-ad9f-729760d8678b'),
('1b66a9f1-413a-4ddf-9d78-885900f1581b', 'bfe34de1-1ca7-4da7-a412-203fe2dabdc9'),
('1b66a9f1-413a-4ddf-9d78-885900f1581b', '86bf23eb-65b8-467e-b27c-803f98baf538'),
('1b66a9f1-413a-4ddf-9d78-885900f1581b', '85fffa20-65e3-4874-bf0a-56249992284c'),
('5a9b70c7-3a6e-4d72-afb7-c0af18d930cb', 'd86763fb-a7ac-4203-9b10-efe6b7c7d5ab'),
('5a9b70c7-3a6e-4d72-afb7-c0af18d930cb', '8e5007d2-1fca-4f7a-bdc4-86a31e876830'),
('bc559407-d1e6-4fee-9ef5-920ac0a9fafe', '42fb036d-0eff-465b-acdc-ae4ae8ca10dc'),
('910a084c-b999-4ce5-8b67-101c332b1bc1', '5e65ec66-9c27-4e92-badd-d51ec0e250ac'),
('910a084c-b999-4ce5-8b67-101c332b1bc1', '336a7813-f467-4445-a88c-bf4f918219b4'),
('910a084c-b999-4ce5-8b67-101c332b1bc1', '85fffa20-65e3-4874-bf0a-56249992284c'),
('46b923dc-5ae3-40f1-b411-65ec540b9181', 'f778fed8-d251-4707-af3e-7aa995597e5a'),
('8e5c1cff-70c8-4231-a4ef-f82b159ff13e', 'f778fed8-d251-4707-af3e-7aa995597e5a'),
('8e5c1cff-70c8-4231-a4ef-f82b159ff13e', 'cecf35a6-84e3-4093-8c2f-776ae2a9a7aa'),
('8e5c1cff-70c8-4231-a4ef-f82b159ff13e', '85fffa20-65e3-4874-bf0a-56249992284c'),
('4ad590b7-5521-445a-a17a-25fb956561d0', 'bfe34de1-1ca7-4da7-a412-203fe2dabdc9'),
('4ad590b7-5521-445a-a17a-25fb956561d0', '86bf23eb-65b8-467e-b27c-803f98baf538'),
('4ad590b7-5521-445a-a17a-25fb956561d0', '85fffa20-65e3-4874-bf0a-56249992284c'),
('9467878e-1c82-4c58-99ab-db9d5f77df94', '4836d28a-76e3-4e9c-ad59-d36b8b851a10'),
('9467878e-1c82-4c58-99ab-db9d5f77df94', 'cb124de8-6d7d-41b1-8f65-449d4dd0dad1'),
('c09f4def-9622-47f3-bfc7-68bbf3958439', 'f778fed8-d251-4707-af3e-7aa995597e5a'),
('7ad1a16f-5a59-40c9-890a-9d56a7172d3b', 'bfe34de1-1ca7-4da7-a412-203fe2dabdc9'),
('7ad1a16f-5a59-40c9-890a-9d56a7172d3b', '85fffa20-65e3-4874-bf0a-56249992284c'),
('65788a41-be9f-4301-8761-aa26cadf5989', '988a642a-73d1-4b5b-ab02-343bf4a99a51'),
('0ec971e0-acd1-4ec4-be85-2100e418de17', '42fb036d-0eff-465b-acdc-ae4ae8ca10dc'),
('09a9631d-4547-43a2-b7f0-440e9d7254c3', '746d09d4-6337-49bb-a63c-3fbf5c934888'),
('9b9b147d-6b17-4d3a-83ab-e1790dd6e0d4', '42fb036d-0eff-465b-acdc-ae4ae8ca10dc'),
('ecc4437c-e825-4bd7-a44c-70c5ded9a0c4', '4886b1a7-648e-4f49-8a26-4ff41448e144'),
('ecc4437c-e825-4bd7-a44c-70c5ded9a0c4', '85fffa20-65e3-4874-bf0a-56249992284c'),
('233919b4-60c7-4333-ad41-02a68d3f2883', '4886b1a7-648e-4f49-8a26-4ff41448e144'),
('233919b4-60c7-4333-ad41-02a68d3f2883', 'cecf35a6-84e3-4093-8c2f-776ae2a9a7aa'),
('233919b4-60c7-4333-ad41-02a68d3f2883', '85fffa20-65e3-4874-bf0a-56249992284c'),
('151ea5c0-81c1-4567-90f3-3011cda1fe16', '988a642a-73d1-4b5b-ab02-343bf4a99a51'),
('609efe6f-efab-42ec-9cad-a3d7f68ea393', 'cb124de8-6d7d-41b1-8f65-449d4dd0dad1'),
('797a4e4a-a3b5-456d-8101-5073afd87179', '85fffa20-65e3-4874-bf0a-56249992284c'),
('f00118c3-58ad-41be-b0a0-226fbd10ad1a', '4836d28a-76e3-4e9c-ad59-d36b8b851a10'),
('f00118c3-58ad-41be-b0a0-226fbd10ad1a', 'bc1ef5f4-fd3b-443b-9856-d705ca53df6c'),
('f00118c3-58ad-41be-b0a0-226fbd10ad1a', 'cb124de8-6d7d-41b1-8f65-449d4dd0dad1'),
('5be6b5be-c427-4ac8-83db-0f9ce80636e7', '8e5007d2-1fca-4f7a-bdc4-86a31e876830'),
('07e6a1f6-e712-4347-b377-698e68e4e3bb', '988a642a-73d1-4b5b-ab02-343bf4a99a51'),
('3f719c5b-f4a3-43db-a3c6-8e40490c45f3', 'a4cbc409-5f6d-4e9b-8786-b1df529e9bcf'),
('3f719c5b-f4a3-43db-a3c6-8e40490c45f3', '6bfe7dae-3035-4a47-acdb-9e00061ea243'),
('7eef34b5-92f7-40a9-9755-6312afa9b17d', '805e25b7-ef01-4972-8c06-c111677a8362'),
('7eef34b5-92f7-40a9-9755-6312afa9b17d', '376c163c-6f10-46c7-ad9f-729760d8678b'),
('242dc959-05f1-4866-ab73-2a79f87efd11', '5e65ec66-9c27-4e92-badd-d51ec0e250ac'),
('46754eae-a571-4a46-9f5f-c18d6467a22a', '85fffa20-65e3-4874-bf0a-56249992284c'),
('bec7d7df-04b5-4a22-aa57-515052798915', '4886b1a7-648e-4f49-8a26-4ff41448e144'),
('68c928d5-cb15-4769-83d3-d4ff9f2c1936', '5e65ec66-9c27-4e92-badd-d51ec0e250ac'),
('68c928d5-cb15-4769-83d3-d4ff9f2c1936', '336a7813-f467-4445-a88c-bf4f918219b4'),
('9f9a05b5-6b9d-4b12-a58c-367db4abe225', 'c1fb9718-1ac7-4a69-9baf-0f52631edad4'),
('9f9a05b5-6b9d-4b12-a58c-367db4abe225', '669914e5-b8ac-44cd-acc8-2e4728db0f26'),
('9f9a05b5-6b9d-4b12-a58c-367db4abe225', 'cecf35a6-84e3-4093-8c2f-776ae2a9a7aa'),
('9f9a05b5-6b9d-4b12-a58c-367db4abe225', '85fffa20-65e3-4874-bf0a-56249992284c'),
('f23053f8-3615-4d29-b6b6-f2a837131734', '5e65ec66-9c27-4e92-badd-d51ec0e250ac'),
('f23053f8-3615-4d29-b6b6-f2a837131734', '988a642a-73d1-4b5b-ab02-343bf4a99a51'),
('0fcef252-e91d-40e0-bb9b-937715acf737', '988a642a-73d1-4b5b-ab02-343bf4a99a51'),
('0fcef252-e91d-40e0-bb9b-937715acf737', 'cecf35a6-84e3-4093-8c2f-776ae2a9a7aa'),
('0fcef252-e91d-40e0-bb9b-937715acf737', '85fffa20-65e3-4874-bf0a-56249992284c'),
('ea978216-1f8b-4288-8aa0-8afb3fd4d772', '376c163c-6f10-46c7-ad9f-729760d8678b'),
('1eb4bd37-cdf6-4385-a996-5d439025cba2', 'c1fb9718-1ac7-4a69-9baf-0f52631edad4'),
('1eb4bd37-cdf6-4385-a996-5d439025cba2', '5e65ec66-9c27-4e92-badd-d51ec0e250ac'),
('1b9b098a-579c-41c0-97ea-bcf71a2f028b', 'c1fb9718-1ac7-4a69-9baf-0f52631edad4'),
('1b9b098a-579c-41c0-97ea-bcf71a2f028b', 'cecf35a6-84e3-4093-8c2f-776ae2a9a7aa'),
('1b9b098a-579c-41c0-97ea-bcf71a2f028b', '85fffa20-65e3-4874-bf0a-56249992284c'),
('b502ff2e-ac18-4e00-ad61-eb888f2b6552', 'cb124de8-6d7d-41b1-8f65-449d4dd0dad1'),
('c4fe7485-4eb1-4f0d-8991-33ef5656aea3', 'cecf35a6-84e3-4093-8c2f-776ae2a9a7aa'),
('b0c2e12b-854e-41ec-8a45-d1a8d1947234', '6bfe7dae-3035-4a47-acdb-9e00061ea243'),
('7ba471c1-f880-4e4b-9558-2c191a19fca0', '336a7813-f467-4445-a88c-bf4f918219b4'),
('7ba471c1-f880-4e4b-9558-2c191a19fca0', '669914e5-b8ac-44cd-acc8-2e4728db0f26'),
('e540d56d-564b-41c8-a47f-b1429cbf4f64', 'cecf35a6-84e3-4093-8c2f-776ae2a9a7aa'),
('68c24e9a-516b-460b-bb68-325cb4dac214', 'bfe34de1-1ca7-4da7-a412-203fe2dabdc9'),
('68c24e9a-516b-460b-bb68-325cb4dac214', '85fffa20-65e3-4874-bf0a-56249992284c'),
('c9c3dd68-5b14-485c-97a1-a14247a71fad', 'bfe34de1-1ca7-4da7-a412-203fe2dabdc9'),
('c9c3dd68-5b14-485c-97a1-a14247a71fad', 'cecf35a6-84e3-4093-8c2f-776ae2a9a7aa'),
('c9c3dd68-5b14-485c-97a1-a14247a71fad', '85fffa20-65e3-4874-bf0a-56249992284c'),
('f98e4d00-ae00-4a00-875f-83fe65e52b9a', 'b021d7e0-abb0-4af9-bb7b-1e6595f584cd'),
('d43b103c-a2fc-4734-abec-fee50e1b48f7', '669914e5-b8ac-44cd-acc8-2e4728db0f26'),
('0e55e08e-8e85-440a-aa9e-059d7f61be25', 'cecf35a6-84e3-4093-8c2f-776ae2a9a7aa'),
('0a2bc0fa-2c20-450f-94d6-b94d743a6a48', '5e65ec66-9c27-4e92-badd-d51ec0e250ac'),
('2794c4f5-ce88-45f9-b482-367072c8e0ee', 'bfe34de1-1ca7-4da7-a412-203fe2dabdc9'),
('2794c4f5-ce88-45f9-b482-367072c8e0ee', '85fffa20-65e3-4874-bf0a-56249992284c'),
('767da9be-2a4a-49bf-bfcb-3b00e2791336', '5e65ec66-9c27-4e92-badd-d51ec0e250ac'),
('767da9be-2a4a-49bf-bfcb-3b00e2791336', '669914e5-b8ac-44cd-acc8-2e4728db0f26'),
('5c843f47-f67d-439b-ac6d-05d54fc053ac', 'bfe34de1-1ca7-4da7-a412-203fe2dabdc9'),
('5c843f47-f67d-439b-ac6d-05d54fc053ac', '85fffa20-65e3-4874-bf0a-56249992284c'),
('d48dc54c-5730-4c43-871e-f2f2c758bea5', 'b08ca0aa-2071-4bb1-8aba-a3af27c9497c'),
('d48dc54c-5730-4c43-871e-f2f2c758bea5', '85fffa20-65e3-4874-bf0a-56249992284c'),
('9c230f1b-a741-4435-a432-09e38cc82068', 'a4cbc409-5f6d-4e9b-8786-b1df529e9bcf'),
('9c230f1b-a741-4435-a432-09e38cc82068', '6bfe7dae-3035-4a47-acdb-9e00061ea243'),
('f67df254-48d8-4429-b993-f98b246c5854', 'f778fed8-d251-4707-af3e-7aa995597e5a'),
('32008bc0-6a44-4c57-a9b5-ad1fa24fa505', '336a7813-f467-4445-a88c-bf4f918219b4'),
('32008bc0-6a44-4c57-a9b5-ad1fa24fa505', 'cecf35a6-84e3-4093-8c2f-776ae2a9a7aa'),
('32008bc0-6a44-4c57-a9b5-ad1fa24fa505', '85fffa20-65e3-4874-bf0a-56249992284c');

INSERT INTO public.meals (id, user_id, name, description) VALUES
('7735a7bb-2743-4246-b4a9-468301205d3a', 'a34f3958-e00c-4a99-a66d-ab32152ed259', 'Eat Out', 'Eat Out'),
('4ccaa383-6b77-4fdd-b497-917db140f23f', 'a34f3958-e00c-4a99-a66d-ab32152ed259', 'Stonewall Kitchen Chicken Curry ', 'Pan-fried chicken chunks in Stonewall Kitchen curry sauce & added spinach, jasmine rice'),
('53decf56-f456-41ee-84c1-444b056dc430', 'a34f3958-e00c-4a99-a66d-ab32152ed259', 'Meatloaf - Classic', ''),
('c1988ae3-9eee-48bb-b2b4-3df35109a95c', 'a34f3958-e00c-4a99-a66d-ab32152ed259', 'Meatloaf - Asian ', ''),
('ede90f94-353b-49b6-8ca2-6a1093f4acbd', 'a34f3958-e00c-4a99-a66d-ab32152ed259', 'Coppola Classic Pasta', 'pasta with tomato sauce,  optional meatballs [Caesar salad, garlic bread]'),
('f121c53b-bc37-4720-b9f7-830a0cf1e1cc', 'a34f3958-e00c-4a99-a66d-ab32152ed259', 'Order Pizza', ''),
('488ee505-786e-48e1-a953-5c74b3d97abf', 'a34f3958-e00c-4a99-a66d-ab32152ed259', 'TJ''s Orange Chicken & Rice & Broccoli', ''),
('ed204b6e-357d-41fe-81e6-342f82d4c859', 'a34f3958-e00c-4a99-a66d-ab32152ed259', 'Hamburgers on Grill', ''),
('b3b14acc-0d33-4fba-adb6-977ad53ec0e6', 'a34f3958-e00c-4a99-a66d-ab32152ed259', 'NYT Honey Garlic Chicken Meal', ''),
('26ea5b2f-2968-4706-aa04-c8539226f859', 'a34f3958-e00c-4a99-a66d-ab32152ed259', 'DIY', 'DIY'),
('9de3c82e-a2b8-4b4a-a90d-23b66971c2ed', 'a34f3958-e00c-4a99-a66d-ab32152ed259', 'Dad''s Pot Roast', 'Dad''s pot roast with carrots, onions, potatoes [bread for dipping]'),
('f05a3583-9b6f-4bd0-b341-a176d789c5d6', 'a34f3958-e00c-4a99-a66d-ab32152ed259', 'Zucchini Enchiladas', ''),
('2964ecb0-5c90-4342-addc-b2a3d9cd6883', 'adb964f4-fdb5-41cb-ab5d-25bb9099e6ac', 'Burger ''n Fries', 'Nature''s Grill at home'),
('2f0b6504-3a6e-4603-a58c-c771dfd6fef3', '64ed428e-10b7-428e-b584-e3b6378cb171', 'V Night', 'VVVVVVVVVVV'),
('e361e67f-f546-41fc-8825-f713e757e826', 'a34f3958-e00c-4a99-a66d-ab32152ed259', 'Blue Apron''s Lemon Bucatini Pasta Dinner', ''),
('10859bb4-1648-4846-a449-e715e48138d4', 'a34f3958-e00c-4a99-a66d-ab32152ed259', 'BBQ Chicken on Grill', 'Chicken - brushed with BBQ sauce, cooked on grill'),
('a77f27ac-d115-419b-a623-3be9b7f637b0', 'a34f3958-e00c-4a99-a66d-ab32152ed259', 'Bowtie Pasta & Spinach', ''),
('fe8b2f77-584a-4840-b0f2-8bebb2ef8d09', 'a34f3958-e00c-4a99-a66d-ab32152ed259', 'Ravioli Lasagna', 'Frozen cheese ravioli in 2 layers in lasagna pan with mozz & Parm, 1 jar pasta sauce [Caesar salad, garlic bread]'),
('c05a02cc-23c9-47c1-aca1-1752c1c35f94', 'a34f3958-e00c-4a99-a66d-ab32152ed259', 'Caprese Panini Sandwiches', ''),
('04497f63-ff03-4f01-9ff6-2201d476fa09', 'a34f3958-e00c-4a99-a66d-ab32152ed259', 'PHX Children''s Tomato & Mozzarella Panini Sandwiches', 'Ciabatta Rolls w/ tomatoes, fresh mozz, basil, baby spinach, balsamic dressing'),
('18da5816-82fe-4a6c-b67a-59f3e45baf45', 'a34f3958-e00c-4a99-a66d-ab32152ed259', 'Best Chicken Enchiladas', 'shr. chicken w/ black beans, corn, tomatoes rolled in flour tortillas covered in enchilada sauce & cheese [Spanish rice, nacho chips]'),
('5e874050-2998-4cee-ae07-df4827ad8c10', 'a34f3958-e00c-4a99-a66d-ab32152ed259', 'Huli Huli - That''s Fun to Say', ''),
('17634f64-b7f7-4e3d-b0ea-8e613b70bdf9', 'a34f3958-e00c-4a99-a66d-ab32152ed259', 'Taco Night', ''),
('c7a9f2d5-aac4-41ea-87ba-03f32e6b3888', 'a34f3958-e00c-4a99-a66d-ab32152ed259', 'Spag & Broc', ''),
('ba80596b-74c9-4cf0-a484-da57fd939378', 'a34f3958-e00c-4a99-a66d-ab32152ed259', 'Sloppy Joe''s', ''),
('f7c36199-1db6-441a-ad08-7257c6964c98', 'a34f3958-e00c-4a99-a66d-ab32152ed259', 'Pizza Pizza', ''),
('84e8cf1d-5d72-41e1-83a7-48292c620b53', 'c576d15b-0d62-46a3-a62c-bf1be49e6fa5', 'Southern Classic', ''),
('30945387-f5be-4295-84a5-616344a6a56e', 'a34f3958-e00c-4a99-a66d-ab32152ed259', 'Grilled Cheese & Tom Soup', ''),
('cf31f426-a35d-45fc-b2fc-7b9e6b7e7bea', '41b4c7c3-a899-47de-b003-f528de379fa1', 'Mexican Medley', ''),
('d4bfe872-abdf-4d16-a28b-8d024ec8e721', 'a34f3958-e00c-4a99-a66d-ab32152ed259', 'BLTs', ''),
('08314ea8-9ce3-4549-9add-494c3e947cff', 'a34f3958-e00c-4a99-a66d-ab32152ed259', 'TJ''s French Onion Soup & Salad', ''),
('570cc50b-cf8f-4d2f-bcb1-4e44f3d42183', 'a34f3958-e00c-4a99-a66d-ab32152ed259', 'Crispy Pork Chops', ''),
('131bdbaa-3178-4529-9bbe-492cd2e33f0a', 'a34f3958-e00c-4a99-a66d-ab32152ed259', 'Slow-Cooker Chipotle Chicken Tacos', ''),
('6d335eaf-b8e5-4355-9e38-c53df764d3e7', '6ff8d414-18b3-4d77-be42-640b921727d8', 'Sushi Dinner', ''),
('462cdaba-d2ef-42a8-a01c-61f7178c8917', 'a34f3958-e00c-4a99-a66d-ab32152ed259', 'Puttin'' on the Ritz', ''),
('74e948bf-cd02-4fb2-8aff-b5dec9f9050a', 'a34f3958-e00c-4a99-a66d-ab32152ed259', 'Tik Tok Feta Pasta', ''),
('8e1ebdbf-1b7c-4aef-9b02-6d0de1cfe2d6', 'a34f3958-e00c-4a99-a66d-ab32152ed259', 'Shakshuka', ''),
('d955e69a-efd2-4bde-9caf-8d31d789b15e', '6ff8d414-18b3-4d77-be42-640b921727d8', 'Mexican Medley', ''),
('46ec9be5-afb8-4b9b-b273-cae3212313b1', 'a34f3958-e00c-4a99-a66d-ab32152ed259', 'NYT Chicken Florentine', 'Pan-fried chicken breasts with wine, cream & spinach sauce [roasted potatoes]'),
('ea3f26c5-2e0c-4e2d-b4f1-4b59d1b898f9', 'a34f3958-e00c-4a99-a66d-ab32152ed259', 'Marry Me Orzo ', 'Marry Me orzo pasta casserol, bread'),
('5fac9686-9506-4ea5-a666-a27be292e940', '6ff8d414-18b3-4d77-be42-640b921727d8', 'Southern Classic', ''),
('74b6b29f-b0bf-4e46-af1c-99e157dcb912', 'a34f3958-e00c-4a99-a66d-ab32152ed259', 'Tiki - Tikka Masala', ''),
('497ef4dc-4d8d-4102-9835-f37539d93e8e', 'a34f3958-e00c-4a99-a66d-ab32152ed259', 'Martha''s Gnocchi', ''),
('ad37fddd-2669-4f7d-b9b5-e4ea415a37d6', '67c708d0-8942-47ff-bc5d-025a3f4f9ee0', 'Sushi Dinner', ''),
('db4dbea5-d897-490d-89bd-28b2e728d9a8', 'a34f3958-e00c-4a99-a66d-ab32152ed259', 'Asparagus Risotto in Instant Pot', ''),
('33ec916f-601c-4d24-a810-388a1b1a2abb', 'a34f3958-e00c-4a99-a66d-ab32152ed259', 'TJ''s Beef & Broccoli Stir Fry', 'One TJ''s Beef and Broccoli, One TJ''s Frozen Vegetable Fried Rice (all frozen)'),
('b8b542d7-7d9e-4bbf-9100-1d163f0783c3', 'a34f3958-e00c-4a99-a66d-ab32152ed259', 'Mark''s Chicken Parm', 'Breaded, fried chicken with tomato sauce, mozzarella cheese and sides of pasta, salad, Italian bread'),
('9fd0cfd0-6d1c-4d34-866b-871880a12fbd', 'a34f3958-e00c-4a99-a66d-ab32152ed259', 'Chicken - One Pot Lemon Pasta with Asparagus & Chicken', 'meal cooked in Dutch oven: chicken breasts, asparagus, pasta, cream, lemon, Parmesan [bread]'),
('6cc0d76b-92f2-455a-a531-a79fffa55a8d', '41b4c7c3-a899-47de-b003-f528de379fa1', 'Sushi Dinner', ''),
('fa8b833b-ccea-4242-baf3-c20723060c7e', 'a34f3958-e00c-4a99-a66d-ab32152ed259', 'Hot Dogs on Grill', ''),
('196e94de-a74b-4213-9684-ab0bd6808405', 'a34f3958-e00c-4a99-a66d-ab32152ed259', 'Cheese Ravioli (Fresh or Frozen)', 'Cheese Ravioli with tomato sauce [garlic bread, Caesar salad, maybe meatballs]'),
('3e14ac2a-e530-43dd-9516-4b0981192d26', 'a34f3958-e00c-4a99-a66d-ab32152ed259', 'Wagon Wheel Pasta & Broccoli', ''),
('275d6081-dd96-41e5-8dc0-ade498aa63cd', 'a34f3958-e00c-4a99-a66d-ab32152ed259', 'Spinach Lasagna', ''),
('b2eb6f44-556f-47d1-9db7-96ace6056ac6', '67c708d0-8942-47ff-bc5d-025a3f4f9ee0', 'Southern Classic', ''),
('2708a465-cd15-4448-8b55-848bc322f876', 'a34f3958-e00c-4a99-a66d-ab32152ed259', 'Lemon Chicken Dinner', ''),
('8ffa6ae3-1d9a-4992-96eb-fe05611f988f', 'a34f3958-e00c-4a99-a66d-ab32152ed259', 'Dad''s Chicken Salad Sandwiches', ''),
('30dec431-6e64-4c4c-b942-537484d921a2', '41b4c7c3-a899-47de-b003-f528de379fa1', 'Southern Classic', ''),
('edad611f-95f8-453d-aadd-477202e2bfcf', 'a34f3958-e00c-4a99-a66d-ab32152ed259', 'Quiche Be With You', ''),
('24f10742-1133-4670-ad1f-8d3207f9de81', 'c576d15b-0d62-46a3-a62c-bf1be49e6fa5', 'Sushi Dinner', ''),
('cabae998-12f6-4b84-ab95-ccfc97d6e565', '67c708d0-8942-47ff-bc5d-025a3f4f9ee0', 'Mexican Medley', ''),
('a2593219-2cdf-41f1-a671-d3a17f8506a6', 'a34f3958-e00c-4a99-a66d-ab32152ed259', 'Blue Apron Z''atar Roasted Cauliflower', 'Z''atar roasted cauliflower, dates, peppers, feta over TJ''s Harvest Blend [pita chips]');

INSERT INTO public.meal_dishes (meal_id, dish_id, sort_order) VALUES
('7735a7bb-2743-4246-b4a9-468301205d3a', 'c4682790-8015-4fae-a89a-9c1dc86e01dc', 0),
('4ccaa383-6b77-4fdd-b497-917db140f23f', '07eb0fe8-c08d-484f-a3f9-1ea09542fa59', 0),
('4ccaa383-6b77-4fdd-b497-917db140f23f', '71b6aafc-2c09-4ca3-b409-298750d4f350', 1),
('4ccaa383-6b77-4fdd-b497-917db140f23f', 'c6f7654f-777f-4176-88b8-00c0ed98c8ba', 2),
('53decf56-f456-41ee-84c1-444b056dc430', 'aaa111fd-7d31-4d7b-abba-c6fd5f01a60d', 0),
('53decf56-f456-41ee-84c1-444b056dc430', '8cd5c74b-8932-467a-99b9-4dc99671bd15', 1),
('53decf56-f456-41ee-84c1-444b056dc430', 'f8f34879-cef8-4a64-970f-b982b50db617', 2),
('c1988ae3-9eee-48bb-b2b4-3df35109a95c', '32de8b11-01c8-4a2b-8ba8-8bc1ff51d1b4', 0),
('c1988ae3-9eee-48bb-b2b4-3df35109a95c', '8cd5c74b-8932-467a-99b9-4dc99671bd15', 1),
('c1988ae3-9eee-48bb-b2b4-3df35109a95c', 'f8f34879-cef8-4a64-970f-b982b50db617', 2),
('ede90f94-353b-49b6-8ca2-6a1093f4acbd', '46b923dc-5ae3-40f1-b411-65ec540b9181', 0),
('ede90f94-353b-49b6-8ca2-6a1093f4acbd', '4ad590b7-5521-445a-a17a-25fb956561d0', 1),
('ede90f94-353b-49b6-8ca2-6a1093f4acbd', '93ce0e09-a416-4f5e-9f3c-65f655654556', 2),
('f121c53b-bc37-4720-b9f7-830a0cf1e1cc', 'd5a185de-2b5f-4cb9-872a-11bd2f25124e', 0),
('488ee505-786e-48e1-a953-5c74b3d97abf', '1eb4bd37-cdf6-4385-a996-5d439025cba2', 0),
('488ee505-786e-48e1-a953-5c74b3d97abf', '71b6aafc-2c09-4ca3-b409-298750d4f350', 1),
('488ee505-786e-48e1-a953-5c74b3d97abf', 'df965e37-ea3a-4571-aefe-3c4aecb330b7', 2),
('ed204b6e-357d-41fe-81e6-342f82d4c859', '3011ee19-4c55-4d2a-b922-bb83f221e1a9', 0),
('ed204b6e-357d-41fe-81e6-342f82d4c859', '5c843f47-f67d-439b-ac6d-05d54fc053ac', 1),
('ed204b6e-357d-41fe-81e6-342f82d4c859', '65788a41-be9f-4301-8761-aa26cadf5989', 2),
('b3b14acc-0d33-4fba-adb6-977ad53ec0e6', '97e2516f-b3ea-4146-ae4e-ce573a94a04c', 0),
('b3b14acc-0d33-4fba-adb6-977ad53ec0e6', '204f3689-436b-4dd4-91fa-f65a6d3649c1', 1),
('b3b14acc-0d33-4fba-adb6-977ad53ec0e6', '0e55e08e-8e85-440a-aa9e-059d7f61be25', 2),
('26ea5b2f-2968-4706-aa04-c8539226f859', 'cf64c0d2-2ca9-4a0b-a88e-ae6741d563b9', 0),
('9de3c82e-a2b8-4b4a-a90d-23b66971c2ed', '71b63984-9ad9-4977-a45f-a1388de8d06b', 0),
('9de3c82e-a2b8-4b4a-a90d-23b66971c2ed', 'f67df254-48d8-4429-b993-f98b246c5854', 1),
('f05a3583-9b6f-4bd0-b341-a176d789c5d6', '8422e2f0-8868-403e-ac6a-ab3c29a7d09b', 0),
('f05a3583-9b6f-4bd0-b341-a176d789c5d6', '68f6a614-6f58-4119-8718-3a900fafb44b', 1),
('2964ecb0-5c90-4342-addc-b2a3d9cd6883', 'd253c964-99ec-43cb-baab-67b4d72d3388', 0),
('2964ecb0-5c90-4342-addc-b2a3d9cd6883', 'a6950632-ec59-444e-8e5d-f7e69b2cb875', 1),
('2f0b6504-3a6e-4603-a58c-c771dfd6fef3', '4659de64-eb32-4b4c-9bd3-4a853feb5f44', 0),
('2f0b6504-3a6e-4603-a58c-c771dfd6fef3', '21c6e676-98f4-4563-b3a8-8f1f06e79eab', 1),
('2f0b6504-3a6e-4603-a58c-c771dfd6fef3', 'd3503ed0-478b-467a-b9c6-0c48f0a6ff10', 2),
('2f0b6504-3a6e-4603-a58c-c771dfd6fef3', 'e7b53eb2-aa95-4c3e-92d5-8e6fd2d7c4d8', 3),
('2f0b6504-3a6e-4603-a58c-c771dfd6fef3', 'b50444ba-0867-43c1-96fa-456bade0e1d3', 4),
('e361e67f-f546-41fc-8825-f713e757e826', 'de8107ab-2858-4b7c-b7fc-caebc1d7283c', 0),
('e361e67f-f546-41fc-8825-f713e757e826', '60b7330c-3878-45b6-8d49-3e0e8e04042c', 1),
('e361e67f-f546-41fc-8825-f713e757e826', 'cd207502-9106-4a7c-b742-8e9b65ae79a6', 2),
('10859bb4-1648-4846-a449-e715e48138d4', 'd6cfff8e-d5ce-41b6-91c5-945cc7445812', 0),
('10859bb4-1648-4846-a449-e715e48138d4', '8aa128ba-8563-4713-838d-c4e1dfc3c5f4', 1),
('10859bb4-1648-4846-a449-e715e48138d4', '6b538256-8b33-467e-935a-112ef80756b9', 2),
('10859bb4-1648-4846-a449-e715e48138d4', '151ea5c0-81c1-4567-90f3-3011cda1fe16', 3),
('10859bb4-1648-4846-a449-e715e48138d4', '8cd5c74b-8932-467a-99b9-4dc99671bd15', 4),
('10859bb4-1648-4846-a449-e715e48138d4', 'facfa993-d3c9-4746-b67c-cdc227a43e6c', 5),
('a77f27ac-d115-419b-a623-3be9b7f637b0', '68c24e9a-516b-460b-bb68-325cb4dac214', 0),
('a77f27ac-d115-419b-a623-3be9b7f637b0', '60b7330c-3878-45b6-8d49-3e0e8e04042c', 1),
('fe8b2f77-584a-4840-b0f2-8bebb2ef8d09', '46b923dc-5ae3-40f1-b411-65ec540b9181', 0),
('fe8b2f77-584a-4840-b0f2-8bebb2ef8d09', '7ad1a16f-5a59-40c9-890a-9d56a7172d3b', 1),
('fe8b2f77-584a-4840-b0f2-8bebb2ef8d09', '93ce0e09-a416-4f5e-9f3c-65f655654556', 2),
('c05a02cc-23c9-47c1-aca1-1752c1c35f94', '65788a41-be9f-4301-8761-aa26cadf5989', 0),
('c05a02cc-23c9-47c1-aca1-1752c1c35f94', 'd48dc54c-5730-4c43-871e-f2f2c758bea5', 1),
('04497f63-ff03-4f01-9ff6-2201d476fa09', 'd48dc54c-5730-4c43-871e-f2f2c758bea5', 0),
('18da5816-82fe-4a6c-b67a-59f3e45baf45', '6cdfaba9-4d12-40ab-aeec-1aa399182bb5', 0),
('18da5816-82fe-4a6c-b67a-59f3e45baf45', '68f6a614-6f58-4119-8718-3a900fafb44b', 1),
('18da5816-82fe-4a6c-b67a-59f3e45baf45', '7ba471c1-f880-4e4b-9558-2c191a19fca0', 2),
('5e874050-2998-4cee-ae07-df4827ad8c10', '68846bd2-3fc0-499b-8d19-d87a2dcf028d', 0),
('5e874050-2998-4cee-ae07-df4827ad8c10', '8aa128ba-8563-4713-838d-c4e1dfc3c5f4', 1),
('5e874050-2998-4cee-ae07-df4827ad8c10', '151ea5c0-81c1-4567-90f3-3011cda1fe16', 2),
('5e874050-2998-4cee-ae07-df4827ad8c10', '8cd5c74b-8932-467a-99b9-4dc99671bd15', 3),
('5e874050-2998-4cee-ae07-df4827ad8c10', 'b553e1bf-987f-438f-b7af-8126d2f496c4', 4),
('17634f64-b7f7-4e3d-b0ea-8e613b70bdf9', '39159244-32b8-40dd-b953-2649ad8e725c', 0),
('17634f64-b7f7-4e3d-b0ea-8e613b70bdf9', '7ba471c1-f880-4e4b-9558-2c191a19fca0', 1),
('c7a9f2d5-aac4-41ea-87ba-03f32e6b3888', '1aa8cd08-8b88-4ee1-b814-4d4bb3b027bb', 0),
('c7a9f2d5-aac4-41ea-87ba-03f32e6b3888', '4824650f-2a3e-4237-b1cd-f78e1ddee014', 1),
('c7a9f2d5-aac4-41ea-87ba-03f32e6b3888', 'bb437b2f-6227-4f11-a6b9-761fd96eb812', 2),
('ba80596b-74c9-4cf0-a484-da57fd939378', 'c587d9a2-6fa7-4685-9a2c-1b5de13ed058', 0),
('ba80596b-74c9-4cf0-a484-da57fd939378', '65788a41-be9f-4301-8761-aa26cadf5989', 1),
('f7c36199-1db6-441a-ad08-7257c6964c98', '98ec4595-9d44-443b-bf2a-600573e98038', 0),
('f7c36199-1db6-441a-ad08-7257c6964c98', '6ad73d14-b410-43f4-860b-af28c258b572', 1),
('84e8cf1d-5d72-41e1-83a7-48292c620b53', '2910945b-9c67-4c1f-859a-eb1cad8409aa', 0),
('84e8cf1d-5d72-41e1-83a7-48292c620b53', '4aff91a9-115b-410d-ac4e-8774a1696c3d', 1),
('84e8cf1d-5d72-41e1-83a7-48292c620b53', '476a632a-005a-4609-8cdf-fcff91c34c40', 2),
('30945387-f5be-4295-84a5-616344a6a56e', '07e6a1f6-e712-4347-b377-698e68e4e3bb', 0),
('30945387-f5be-4295-84a5-616344a6a56e', '65788a41-be9f-4301-8761-aa26cadf5989', 1),
('30945387-f5be-4295-84a5-616344a6a56e', 'd8368525-0ea2-4bf3-b47f-a7ab86d4fa2b', 2),
('30945387-f5be-4295-84a5-616344a6a56e', 'bec7d7df-04b5-4a22-aa57-515052798915', 3),
('cf31f426-a35d-45fc-b2fc-7b9e6b7e7bea', 'c4423f61-5a87-42e9-845b-4caeeed053a7', 0),
('cf31f426-a35d-45fc-b2fc-7b9e6b7e7bea', 'a0e87b5f-98b7-4660-a96b-7728fde61a5c', 1),
('d4bfe872-abdf-4d16-a28b-8d024ec8e721', '8c3f77a3-1d27-47b7-9785-119e805d4786', 0),
('d4bfe872-abdf-4d16-a28b-8d024ec8e721', '65788a41-be9f-4301-8761-aa26cadf5989', 1),
('08314ea8-9ce3-4549-9add-494c3e947cff', '267512d6-1522-43a7-b515-2083ccbcf83d', 0),
('08314ea8-9ce3-4549-9add-494c3e947cff', '1f699924-f3cf-43a9-948d-0f947fd96d9d', 1),
('08314ea8-9ce3-4549-9add-494c3e947cff', 'ecc4437c-e825-4bd7-a44c-70c5ded9a0c4', 2),
('570cc50b-cf8f-4d2f-bcb1-4e44f3d42183', '58407610-1d37-4886-9350-3f45165e3fde', 0),
('570cc50b-cf8f-4d2f-bcb1-4e44f3d42183', 'f67df254-48d8-4429-b993-f98b246c5854', 1),
('570cc50b-cf8f-4d2f-bcb1-4e44f3d42183', '7c796521-16b4-4006-90d6-6bab591e4bd1', 2),
('570cc50b-cf8f-4d2f-bcb1-4e44f3d42183', '0e55e08e-8e85-440a-aa9e-059d7f61be25', 3),
('131bdbaa-3178-4529-9bbe-492cd2e33f0a', '68f6a614-6f58-4119-8718-3a900fafb44b', 0),
('131bdbaa-3178-4529-9bbe-492cd2e33f0a', '7ba471c1-f880-4e4b-9558-2c191a19fca0', 1),
('131bdbaa-3178-4529-9bbe-492cd2e33f0a', '910a084c-b999-4ce5-8b67-101c332b1bc1', 2),
('6d335eaf-b8e5-4355-9e38-c53df764d3e7', '0dad1149-9366-42c3-90d4-b8292d50de07', 0),
('6d335eaf-b8e5-4355-9e38-c53df764d3e7', '7eef34b5-92f7-40a9-9755-6312afa9b17d', 1),
('462cdaba-d2ef-42a8-a01c-61f7178c8917', '9f90fcc5-6dbd-432b-88e3-76331e710b6e', 0),
('462cdaba-d2ef-42a8-a01c-61f7178c8917', '204f3689-436b-4dd4-91fa-f65a6d3649c1', 1),
('462cdaba-d2ef-42a8-a01c-61f7178c8917', 'a72b4ed6-3a0b-402b-9f36-9e3c72cdae3f', 2),
('74e948bf-cd02-4fb2-8aff-b5dec9f9050a', '50ac0e48-33d8-4ccf-bed6-f7b135d9f31c', 0),
('74e948bf-cd02-4fb2-8aff-b5dec9f9050a', '60b7330c-3878-45b6-8d49-3e0e8e04042c', 1),
('8e1ebdbf-1b7c-4aef-9b02-6d0de1cfe2d6', 'c155d19c-abd0-4af2-befb-49a33baeef8b', 0),
('8e1ebdbf-1b7c-4aef-9b02-6d0de1cfe2d6', '68805a5a-9ff1-40cf-9aab-b31a0918e6a1', 1),
('d955e69a-efd2-4bde-9caf-8d31d789b15e', '48e966ba-4333-42c7-8cbd-2982f28bb67b', 0),
('d955e69a-efd2-4bde-9caf-8d31d789b15e', 'bec00396-942b-4070-8d89-e7161aabf829', 1),
('46ec9be5-afb8-4b9b-b273-cae3212313b1', '0397420b-3a49-4a42-874d-bab4880cf474', 0),
('46ec9be5-afb8-4b9b-b273-cae3212313b1', '0fcef252-e91d-40e0-bb9b-937715acf737', 1),
('ea3f26c5-2e0c-4e2d-b4f1-4b59d1b898f9', '3e232d97-2927-48f8-a6d1-9458cced09a0', 0),
('ea3f26c5-2e0c-4e2d-b4f1-4b59d1b898f9', 'c9c3dd68-5b14-485c-97a1-a14247a71fad', 1),
('5fac9686-9506-4ea5-a666-a27be292e940', '9a30bc66-c722-469c-93bb-c5cece8133e3', 0),
('5fac9686-9506-4ea5-a666-a27be292e940', '2e2f3d57-a320-4f29-9ed5-f1b7a0772838', 1),
('5fac9686-9506-4ea5-a666-a27be292e940', '8202e659-2332-4f19-926a-cd93cb83ecbd', 2),
('74b6b29f-b0bf-4e46-af1c-99e157dcb912', '767da9be-2a4a-49bf-bfcb-3b00e2791336', 0),
('74b6b29f-b0bf-4e46-af1c-99e157dcb912', '71b6aafc-2c09-4ca3-b409-298750d4f350', 1),
('74b6b29f-b0bf-4e46-af1c-99e157dcb912', 'b553e1bf-987f-438f-b7af-8126d2f496c4', 2),
('497ef4dc-4d8d-4102-9835-f37539d93e8e', '3e232d97-2927-48f8-a6d1-9458cced09a0', 0),
('497ef4dc-4d8d-4102-9835-f37539d93e8e', 'c130e4d3-f741-49d4-9103-0f0e257298ea', 1),
('ad37fddd-2669-4f7d-b9b5-e4ea415a37d6', '61a7aa60-2c1a-450a-bdd0-8d08c29f3470', 0),
('ad37fddd-2669-4f7d-b9b5-e4ea415a37d6', '4d8f1a4c-3049-46a9-b450-b846f38f68c4', 1),
('db4dbea5-d897-490d-89bd-28b2e728d9a8', 'efcd8688-2ab3-48c0-81fd-97afe1b52155', 0),
('db4dbea5-d897-490d-89bd-28b2e728d9a8', '3cde939f-8b96-486d-9eb5-48069fc4500f', 1),
('db4dbea5-d897-490d-89bd-28b2e728d9a8', '5dae54e0-5c2a-4650-88b1-9bb1ccac47c2', 2),
('33ec916f-601c-4d24-a810-388a1b1a2abb', '2a963ca9-9367-4a51-ac9b-31c34d0c570a', 0),
('33ec916f-601c-4d24-a810-388a1b1a2abb', '9f9a05b5-6b9d-4b12-a58c-367db4abe225', 1),
('b8b542d7-7d9e-4bbf-9100-1d163f0783c3', '43739412-2b08-40a4-bbff-9eabba4261b3', 0),
('b8b542d7-7d9e-4bbf-9100-1d163f0783c3', '3e232d97-2927-48f8-a6d1-9458cced09a0', 1),
('b8b542d7-7d9e-4bbf-9100-1d163f0783c3', 'f500fd57-4233-4136-b728-3c50c8e02bb4', 2),
('b8b542d7-7d9e-4bbf-9100-1d163f0783c3', 'b7d72b95-aadd-4f94-a3c0-35a062d1fc89', 3),
('9fd0cfd0-6d1c-4d34-866b-871880a12fbd', '3e232d97-2927-48f8-a6d1-9458cced09a0', 0),
('9fd0cfd0-6d1c-4d34-866b-871880a12fbd', '2e06bf9d-ab96-4c41-80fc-06b6e763279b', 1),
('6cc0d76b-92f2-455a-a531-a79fffa55a8d', '2f8024c8-f0d1-4105-9d9e-9c437d165cb8', 0),
('6cc0d76b-92f2-455a-a531-a79fffa55a8d', 'c23c2e1c-1805-45be-a457-03de2f6e6083', 1),
('fa8b833b-ccea-4242-baf3-c20723060c7e', 'e3203298-713a-414b-92dd-9465cba0c204', 0),
('fa8b833b-ccea-4242-baf3-c20723060c7e', 'd6cfff8e-d5ce-41b6-91c5-945cc7445812', 1),
('fa8b833b-ccea-4242-baf3-c20723060c7e', '65788a41-be9f-4301-8761-aa26cadf5989', 2),
('196e94de-a74b-4213-9684-ab0bd6808405', '46b923dc-5ae3-40f1-b411-65ec540b9181', 0),
('196e94de-a74b-4213-9684-ab0bd6808405', '1b66a9f1-413a-4ddf-9d78-885900f1581b', 1),
('196e94de-a74b-4213-9684-ab0bd6808405', '93ce0e09-a416-4f5e-9f3c-65f655654556', 2),
('3e14ac2a-e530-43dd-9516-4b0981192d26', '2794c4f5-ce88-45f9-b482-367072c8e0ee', 0),
('3e14ac2a-e530-43dd-9516-4b0981192d26', '60b7330c-3878-45b6-8d49-3e0e8e04042c', 1),
('275d6081-dd96-41e5-8dc0-ade498aa63cd', '46b923dc-5ae3-40f1-b411-65ec540b9181', 0),
('275d6081-dd96-41e5-8dc0-ade498aa63cd', 'e105ff58-02e1-4aec-9f5f-5bea457d3f2a', 1),
('275d6081-dd96-41e5-8dc0-ade498aa63cd', 'b7d72b95-aadd-4f94-a3c0-35a062d1fc89', 2),
('b2eb6f44-556f-47d1-9db7-96ace6056ac6', '024fc8ef-d178-44b3-b125-5a3f6fc3d4d9', 0),
('b2eb6f44-556f-47d1-9db7-96ace6056ac6', '21d743bd-3f0d-43bf-98a2-c9d8428182aa', 1),
('b2eb6f44-556f-47d1-9db7-96ace6056ac6', 'f5023b2e-9c2b-4d5b-88c5-5ddc130184f9', 2),
('2708a465-cd15-4448-8b55-848bc322f876', '3c42f46a-6dbd-49b9-a6bc-d622b811815b', 0),
('2708a465-cd15-4448-8b55-848bc322f876', '3272d163-94ee-4537-b34e-8f4586ba9979', 1),
('2708a465-cd15-4448-8b55-848bc322f876', 'd43b103c-a2fc-4734-abec-fee50e1b48f7', 2),
('2708a465-cd15-4448-8b55-848bc322f876', 'e540d56d-564b-41c8-a47f-b1429cbf4f64', 3),
('8ffa6ae3-1d9a-4992-96eb-fe05611f988f', '4e7aaec7-005b-464b-90c0-ba746c754b8b', 0),
('8ffa6ae3-1d9a-4992-96eb-fe05611f988f', '65788a41-be9f-4301-8761-aa26cadf5989', 1),
('30dec431-6e64-4c4c-b942-537484d921a2', 'b2967ada-c40f-4a55-9bdd-d8dd1c29ec18', 0),
('30dec431-6e64-4c4c-b942-537484d921a2', 'b2e4739d-bbfa-4c51-b7dd-75a55656378b', 1),
('30dec431-6e64-4c4c-b942-537484d921a2', '9b9b147d-6b17-4d3a-83ab-e1790dd6e0d4', 2),
('edad611f-95f8-453d-aadd-477202e2bfcf', '46754eae-a571-4a46-9f5f-c18d6467a22a', 0),
('edad611f-95f8-453d-aadd-477202e2bfcf', '3cde939f-8b96-486d-9eb5-48069fc4500f', 1),
('edad611f-95f8-453d-aadd-477202e2bfcf', '5dae54e0-5c2a-4650-88b1-9bb1ccac47c2', 2),
('24f10742-1133-4670-ad1f-8d3207f9de81', '86cfef9d-88e0-4f27-9936-01b8b218e342', 0),
('24f10742-1133-4670-ad1f-8d3207f9de81', '3f719c5b-f4a3-43db-a3c6-8e40490c45f3', 1),
('cabae998-12f6-4b84-ab95-ccfc97d6e565', '8522d9a7-83e7-4344-84e3-be16bad84f21', 0),
('cabae998-12f6-4b84-ab95-ccfc97d6e565', '7f492b6f-16f6-4ad3-a741-eee4e9bd5deb', 1),
('a2593219-2cdf-41f1-a671-d3a17f8506a6', '68805a5a-9ff1-40cf-9aab-b31a0918e6a1', 0),
('a2593219-2cdf-41f1-a671-d3a17f8506a6', 'e7c20dfd-fd12-41d0-a432-e308ed099c9e', 1),
('a2593219-2cdf-41f1-a671-d3a17f8506a6', '1f196de0-590f-4449-9ad2-bc1989b7927f', 2);

INSERT INTO public.meal_tags (meal_id, tag_id) VALUES
('4ccaa383-6b77-4fdd-b497-917db140f23f', 'c1fb9718-1ac7-4a69-9baf-0f52631edad4'),
('4ccaa383-6b77-4fdd-b497-917db140f23f', '5e65ec66-9c27-4e92-badd-d51ec0e250ac'),
('4ccaa383-6b77-4fdd-b497-917db140f23f', '669914e5-b8ac-44cd-acc8-2e4728db0f26'),
('4ccaa383-6b77-4fdd-b497-917db140f23f', 'cecf35a6-84e3-4093-8c2f-776ae2a9a7aa'),
('53decf56-f456-41ee-84c1-444b056dc430', 'f840fa9b-c374-4b71-a2be-723511c7651e'),
('53decf56-f456-41ee-84c1-444b056dc430', '988a642a-73d1-4b5b-ab02-343bf4a99a51'),
('53decf56-f456-41ee-84c1-444b056dc430', 'cecf35a6-84e3-4093-8c2f-776ae2a9a7aa'),
('c1988ae3-9eee-48bb-b2b4-3df35109a95c', '86bf23eb-65b8-467e-b27c-803f98baf538'),
('c1988ae3-9eee-48bb-b2b4-3df35109a95c', '988a642a-73d1-4b5b-ab02-343bf4a99a51'),
('c1988ae3-9eee-48bb-b2b4-3df35109a95c', 'cecf35a6-84e3-4093-8c2f-776ae2a9a7aa'),
('ede90f94-353b-49b6-8ca2-6a1093f4acbd', 'f778fed8-d251-4707-af3e-7aa995597e5a'),
('ede90f94-353b-49b6-8ca2-6a1093f4acbd', 'bfe34de1-1ca7-4da7-a412-203fe2dabdc9'),
('ede90f94-353b-49b6-8ca2-6a1093f4acbd', '8780bad3-237a-45f5-8a2a-8bf88ef7c429'),
('488ee505-786e-48e1-a953-5c74b3d97abf', 'c1fb9718-1ac7-4a69-9baf-0f52631edad4'),
('488ee505-786e-48e1-a953-5c74b3d97abf', '5e65ec66-9c27-4e92-badd-d51ec0e250ac'),
('488ee505-786e-48e1-a953-5c74b3d97abf', '669914e5-b8ac-44cd-acc8-2e4728db0f26'),
('488ee505-786e-48e1-a953-5c74b3d97abf', 'cecf35a6-84e3-4093-8c2f-776ae2a9a7aa'),
('ed204b6e-357d-41fe-81e6-342f82d4c859', 'f840fa9b-c374-4b71-a2be-723511c7651e'),
('ed204b6e-357d-41fe-81e6-342f82d4c859', '76cd4131-d785-4f19-b795-cd9ace949741'),
('ed204b6e-357d-41fe-81e6-342f82d4c859', '85fffa20-65e3-4874-bf0a-56249992284c'),
('b3b14acc-0d33-4fba-adb6-977ad53ec0e6', '5e65ec66-9c27-4e92-badd-d51ec0e250ac'),
('b3b14acc-0d33-4fba-adb6-977ad53ec0e6', '988a642a-73d1-4b5b-ab02-343bf4a99a51'),
('b3b14acc-0d33-4fba-adb6-977ad53ec0e6', 'cecf35a6-84e3-4093-8c2f-776ae2a9a7aa'),
('9de3c82e-a2b8-4b4a-a90d-23b66971c2ed', 'f840fa9b-c374-4b71-a2be-723511c7651e'),
('9de3c82e-a2b8-4b4a-a90d-23b66971c2ed', 'f778fed8-d251-4707-af3e-7aa995597e5a'),
('9de3c82e-a2b8-4b4a-a90d-23b66971c2ed', '988a642a-73d1-4b5b-ab02-343bf4a99a51'),
('9de3c82e-a2b8-4b4a-a90d-23b66971c2ed', 'cecf35a6-84e3-4093-8c2f-776ae2a9a7aa'),
('f05a3583-9b6f-4bd0-b341-a176d789c5d6', '336a7813-f467-4445-a88c-bf4f918219b4'),
('f05a3583-9b6f-4bd0-b341-a176d789c5d6', '85fffa20-65e3-4874-bf0a-56249992284c'),
('2964ecb0-5c90-4342-addc-b2a3d9cd6883', '9418cfff-a00d-4a75-ab32-c25635ef1766'),
('e361e67f-f546-41fc-8825-f713e757e826', 'f778fed8-d251-4707-af3e-7aa995597e5a'),
('e361e67f-f546-41fc-8825-f713e757e826', 'bfe34de1-1ca7-4da7-a412-203fe2dabdc9'),
('e361e67f-f546-41fc-8825-f713e757e826', '8780bad3-237a-45f5-8a2a-8bf88ef7c429'),
('e361e67f-f546-41fc-8825-f713e757e826', '85fffa20-65e3-4874-bf0a-56249992284c'),
('10859bb4-1648-4846-a449-e715e48138d4', 'f778fed8-d251-4707-af3e-7aa995597e5a'),
('10859bb4-1648-4846-a449-e715e48138d4', '5e65ec66-9c27-4e92-badd-d51ec0e250ac'),
('10859bb4-1648-4846-a449-e715e48138d4', '76cd4131-d785-4f19-b795-cd9ace949741'),
('10859bb4-1648-4846-a449-e715e48138d4', 'cecf35a6-84e3-4093-8c2f-776ae2a9a7aa'),
('a77f27ac-d115-419b-a623-3be9b7f637b0', 'f778fed8-d251-4707-af3e-7aa995597e5a'),
('a77f27ac-d115-419b-a623-3be9b7f637b0', 'bfe34de1-1ca7-4da7-a412-203fe2dabdc9'),
('a77f27ac-d115-419b-a623-3be9b7f637b0', '85fffa20-65e3-4874-bf0a-56249992284c'),
('fe8b2f77-584a-4840-b0f2-8bebb2ef8d09', 'bfe34de1-1ca7-4da7-a412-203fe2dabdc9'),
('fe8b2f77-584a-4840-b0f2-8bebb2ef8d09', 'cecf35a6-84e3-4093-8c2f-776ae2a9a7aa'),
('fe8b2f77-584a-4840-b0f2-8bebb2ef8d09', '85fffa20-65e3-4874-bf0a-56249992284c'),
('c05a02cc-23c9-47c1-aca1-1752c1c35f94', 'b08ca0aa-2071-4bb1-8aba-a3af27c9497c'),
('c05a02cc-23c9-47c1-aca1-1752c1c35f94', '85fffa20-65e3-4874-bf0a-56249992284c'),
('04497f63-ff03-4f01-9ff6-2201d476fa09', 'f778fed8-d251-4707-af3e-7aa995597e5a'),
('04497f63-ff03-4f01-9ff6-2201d476fa09', 'b08ca0aa-2071-4bb1-8aba-a3af27c9497c'),
('04497f63-ff03-4f01-9ff6-2201d476fa09', 'cecf35a6-84e3-4093-8c2f-776ae2a9a7aa'),
('04497f63-ff03-4f01-9ff6-2201d476fa09', '85fffa20-65e3-4874-bf0a-56249992284c'),
('18da5816-82fe-4a6c-b67a-59f3e45baf45', '336a7813-f467-4445-a88c-bf4f918219b4'),
('18da5816-82fe-4a6c-b67a-59f3e45baf45', '5e65ec66-9c27-4e92-badd-d51ec0e250ac'),
('18da5816-82fe-4a6c-b67a-59f3e45baf45', '669914e5-b8ac-44cd-acc8-2e4728db0f26'),
('18da5816-82fe-4a6c-b67a-59f3e45baf45', 'cecf35a6-84e3-4093-8c2f-776ae2a9a7aa'),
('5e874050-2998-4cee-ae07-df4827ad8c10', 'f778fed8-d251-4707-af3e-7aa995597e5a'),
('5e874050-2998-4cee-ae07-df4827ad8c10', '5e65ec66-9c27-4e92-badd-d51ec0e250ac'),
('5e874050-2998-4cee-ae07-df4827ad8c10', '988a642a-73d1-4b5b-ab02-343bf4a99a51'),
('5e874050-2998-4cee-ae07-df4827ad8c10', 'cecf35a6-84e3-4093-8c2f-776ae2a9a7aa'),
('17634f64-b7f7-4e3d-b0ea-8e613b70bdf9', 'f840fa9b-c374-4b71-a2be-723511c7651e'),
('17634f64-b7f7-4e3d-b0ea-8e613b70bdf9', '336a7813-f467-4445-a88c-bf4f918219b4'),
('17634f64-b7f7-4e3d-b0ea-8e613b70bdf9', '669914e5-b8ac-44cd-acc8-2e4728db0f26'),
('c7a9f2d5-aac4-41ea-87ba-03f32e6b3888', 'f778fed8-d251-4707-af3e-7aa995597e5a'),
('c7a9f2d5-aac4-41ea-87ba-03f32e6b3888', 'bfe34de1-1ca7-4da7-a412-203fe2dabdc9'),
('c7a9f2d5-aac4-41ea-87ba-03f32e6b3888', 'cecf35a6-84e3-4093-8c2f-776ae2a9a7aa'),
('c7a9f2d5-aac4-41ea-87ba-03f32e6b3888', '85fffa20-65e3-4874-bf0a-56249992284c'),
('ba80596b-74c9-4cf0-a484-da57fd939378', 'f840fa9b-c374-4b71-a2be-723511c7651e'),
('ba80596b-74c9-4cf0-a484-da57fd939378', 'b08ca0aa-2071-4bb1-8aba-a3af27c9497c'),
('ba80596b-74c9-4cf0-a484-da57fd939378', 'cecf35a6-84e3-4093-8c2f-776ae2a9a7aa'),
('f7c36199-1db6-441a-ad08-7257c6964c98', '85fffa20-65e3-4874-bf0a-56249992284c'),
('30945387-f5be-4295-84a5-616344a6a56e', 'b08ca0aa-2071-4bb1-8aba-a3af27c9497c'),
('30945387-f5be-4295-84a5-616344a6a56e', '4886b1a7-648e-4f49-8a26-4ff41448e144'),
('30945387-f5be-4295-84a5-616344a6a56e', '85fffa20-65e3-4874-bf0a-56249992284c'),
('d4bfe872-abdf-4d16-a28b-8d024ec8e721', '86bf23eb-65b8-467e-b27c-803f98baf538'),
('d4bfe872-abdf-4d16-a28b-8d024ec8e721', 'b08ca0aa-2071-4bb1-8aba-a3af27c9497c'),
('08314ea8-9ce3-4549-9add-494c3e947cff', 'f778fed8-d251-4707-af3e-7aa995597e5a'),
('08314ea8-9ce3-4549-9add-494c3e947cff', '8780bad3-237a-45f5-8a2a-8bf88ef7c429'),
('08314ea8-9ce3-4549-9add-494c3e947cff', '4886b1a7-648e-4f49-8a26-4ff41448e144'),
('08314ea8-9ce3-4549-9add-494c3e947cff', 'cecf35a6-84e3-4093-8c2f-776ae2a9a7aa'),
('08314ea8-9ce3-4549-9add-494c3e947cff', '85fffa20-65e3-4874-bf0a-56249992284c'),
('570cc50b-cf8f-4d2f-bcb1-4e44f3d42183', 'f778fed8-d251-4707-af3e-7aa995597e5a'),
('570cc50b-cf8f-4d2f-bcb1-4e44f3d42183', '746d09d4-6337-49bb-a63c-3fbf5c934888'),
('570cc50b-cf8f-4d2f-bcb1-4e44f3d42183', '86bf23eb-65b8-467e-b27c-803f98baf538'),
('570cc50b-cf8f-4d2f-bcb1-4e44f3d42183', 'cecf35a6-84e3-4093-8c2f-776ae2a9a7aa'),
('131bdbaa-3178-4529-9bbe-492cd2e33f0a', '336a7813-f467-4445-a88c-bf4f918219b4'),
('131bdbaa-3178-4529-9bbe-492cd2e33f0a', '5e65ec66-9c27-4e92-badd-d51ec0e250ac'),
('131bdbaa-3178-4529-9bbe-492cd2e33f0a', '669914e5-b8ac-44cd-acc8-2e4728db0f26'),
('6d335eaf-b8e5-4355-9e38-c53df764d3e7', '541c6411-7267-4b66-b4c2-dc1e07cc86a8'),
('462cdaba-d2ef-42a8-a01c-61f7178c8917', '5e65ec66-9c27-4e92-badd-d51ec0e250ac'),
('462cdaba-d2ef-42a8-a01c-61f7178c8917', '988a642a-73d1-4b5b-ab02-343bf4a99a51'),
('462cdaba-d2ef-42a8-a01c-61f7178c8917', '8780bad3-237a-45f5-8a2a-8bf88ef7c429'),
('74e948bf-cd02-4fb2-8aff-b5dec9f9050a', 'bfe34de1-1ca7-4da7-a412-203fe2dabdc9'),
('74e948bf-cd02-4fb2-8aff-b5dec9f9050a', '85fffa20-65e3-4874-bf0a-56249992284c'),
('8e1ebdbf-1b7c-4aef-9b02-6d0de1cfe2d6', 'f778fed8-d251-4707-af3e-7aa995597e5a'),
('8e1ebdbf-1b7c-4aef-9b02-6d0de1cfe2d6', '85fffa20-65e3-4874-bf0a-56249992284c'),
('46ec9be5-afb8-4b9b-b273-cae3212313b1', '5e65ec66-9c27-4e92-badd-d51ec0e250ac'),
('46ec9be5-afb8-4b9b-b273-cae3212313b1', '988a642a-73d1-4b5b-ab02-343bf4a99a51'),
('46ec9be5-afb8-4b9b-b273-cae3212313b1', 'cecf35a6-84e3-4093-8c2f-776ae2a9a7aa'),
('ea3f26c5-2e0c-4e2d-b4f1-4b59d1b898f9', 'f778fed8-d251-4707-af3e-7aa995597e5a'),
('ea3f26c5-2e0c-4e2d-b4f1-4b59d1b898f9', 'bfe34de1-1ca7-4da7-a412-203fe2dabdc9'),
('ea3f26c5-2e0c-4e2d-b4f1-4b59d1b898f9', 'cecf35a6-84e3-4093-8c2f-776ae2a9a7aa'),
('ea3f26c5-2e0c-4e2d-b4f1-4b59d1b898f9', '85fffa20-65e3-4874-bf0a-56249992284c'),
('74b6b29f-b0bf-4e46-af1c-99e157dcb912', 'f778fed8-d251-4707-af3e-7aa995597e5a'),
('74b6b29f-b0bf-4e46-af1c-99e157dcb912', '5e65ec66-9c27-4e92-badd-d51ec0e250ac'),
('74b6b29f-b0bf-4e46-af1c-99e157dcb912', '669914e5-b8ac-44cd-acc8-2e4728db0f26'),
('74b6b29f-b0bf-4e46-af1c-99e157dcb912', 'cecf35a6-84e3-4093-8c2f-776ae2a9a7aa'),
('ad37fddd-2669-4f7d-b9b5-e4ea415a37d6', '659fab41-7fed-4f97-9345-692445dbd85e'),
('db4dbea5-d897-490d-89bd-28b2e728d9a8', 'f778fed8-d251-4707-af3e-7aa995597e5a'),
('db4dbea5-d897-490d-89bd-28b2e728d9a8', '8780bad3-237a-45f5-8a2a-8bf88ef7c429'),
('db4dbea5-d897-490d-89bd-28b2e728d9a8', '85fffa20-65e3-4874-bf0a-56249992284c'),
('33ec916f-601c-4d24-a810-388a1b1a2abb', 'c1fb9718-1ac7-4a69-9baf-0f52631edad4'),
('33ec916f-601c-4d24-a810-388a1b1a2abb', 'f840fa9b-c374-4b71-a2be-723511c7651e'),
('33ec916f-601c-4d24-a810-388a1b1a2abb', '669914e5-b8ac-44cd-acc8-2e4728db0f26'),
('33ec916f-601c-4d24-a810-388a1b1a2abb', 'cecf35a6-84e3-4093-8c2f-776ae2a9a7aa'),
('b8b542d7-7d9e-4bbf-9100-1d163f0783c3', 'f778fed8-d251-4707-af3e-7aa995597e5a'),
('b8b542d7-7d9e-4bbf-9100-1d163f0783c3', '5e65ec66-9c27-4e92-badd-d51ec0e250ac'),
('b8b542d7-7d9e-4bbf-9100-1d163f0783c3', 'bfe34de1-1ca7-4da7-a412-203fe2dabdc9'),
('b8b542d7-7d9e-4bbf-9100-1d163f0783c3', '8780bad3-237a-45f5-8a2a-8bf88ef7c429'),
('9fd0cfd0-6d1c-4d34-866b-871880a12fbd', 'f778fed8-d251-4707-af3e-7aa995597e5a'),
('9fd0cfd0-6d1c-4d34-866b-871880a12fbd', '5e65ec66-9c27-4e92-badd-d51ec0e250ac'),
('9fd0cfd0-6d1c-4d34-866b-871880a12fbd', 'bfe34de1-1ca7-4da7-a412-203fe2dabdc9'),
('9fd0cfd0-6d1c-4d34-866b-871880a12fbd', 'cecf35a6-84e3-4093-8c2f-776ae2a9a7aa'),
('6cc0d76b-92f2-455a-a531-a79fffa55a8d', 'eaff64a4-0570-4908-a564-2f3d009f9f9a'),
('fa8b833b-ccea-4242-baf3-c20723060c7e', 'f840fa9b-c374-4b71-a2be-723511c7651e'),
('fa8b833b-ccea-4242-baf3-c20723060c7e', '76cd4131-d785-4f19-b795-cd9ace949741'),
('196e94de-a74b-4213-9684-ab0bd6808405', 'f778fed8-d251-4707-af3e-7aa995597e5a'),
('196e94de-a74b-4213-9684-ab0bd6808405', 'bfe34de1-1ca7-4da7-a412-203fe2dabdc9'),
('196e94de-a74b-4213-9684-ab0bd6808405', '8780bad3-237a-45f5-8a2a-8bf88ef7c429'),
('196e94de-a74b-4213-9684-ab0bd6808405', 'cecf35a6-84e3-4093-8c2f-776ae2a9a7aa'),
('3e14ac2a-e530-43dd-9516-4b0981192d26', 'f778fed8-d251-4707-af3e-7aa995597e5a'),
('3e14ac2a-e530-43dd-9516-4b0981192d26', 'bfe34de1-1ca7-4da7-a412-203fe2dabdc9'),
('3e14ac2a-e530-43dd-9516-4b0981192d26', '85fffa20-65e3-4874-bf0a-56249992284c'),
('275d6081-dd96-41e5-8dc0-ade498aa63cd', 'f778fed8-d251-4707-af3e-7aa995597e5a'),
('275d6081-dd96-41e5-8dc0-ade498aa63cd', 'bfe34de1-1ca7-4da7-a412-203fe2dabdc9'),
('275d6081-dd96-41e5-8dc0-ade498aa63cd', '8780bad3-237a-45f5-8a2a-8bf88ef7c429'),
('275d6081-dd96-41e5-8dc0-ade498aa63cd', 'cecf35a6-84e3-4093-8c2f-776ae2a9a7aa'),
('275d6081-dd96-41e5-8dc0-ade498aa63cd', '85fffa20-65e3-4874-bf0a-56249992284c'),
('2708a465-cd15-4448-8b55-848bc322f876', 'f778fed8-d251-4707-af3e-7aa995597e5a'),
('2708a465-cd15-4448-8b55-848bc322f876', '5e65ec66-9c27-4e92-badd-d51ec0e250ac'),
('2708a465-cd15-4448-8b55-848bc322f876', '669914e5-b8ac-44cd-acc8-2e4728db0f26'),
('2708a465-cd15-4448-8b55-848bc322f876', 'cecf35a6-84e3-4093-8c2f-776ae2a9a7aa'),
('8ffa6ae3-1d9a-4992-96eb-fe05611f988f', '5e65ec66-9c27-4e92-badd-d51ec0e250ac'),
('8ffa6ae3-1d9a-4992-96eb-fe05611f988f', 'b08ca0aa-2071-4bb1-8aba-a3af27c9497c'),
('edad611f-95f8-453d-aadd-477202e2bfcf', 'f778fed8-d251-4707-af3e-7aa995597e5a'),
('edad611f-95f8-453d-aadd-477202e2bfcf', '8780bad3-237a-45f5-8a2a-8bf88ef7c429'),
('edad611f-95f8-453d-aadd-477202e2bfcf', '85fffa20-65e3-4874-bf0a-56249992284c'),
('a2593219-2cdf-41f1-a671-d3a17f8506a6', 'f778fed8-d251-4707-af3e-7aa995597e5a'),
('a2593219-2cdf-41f1-a671-d3a17f8506a6', 'cecf35a6-84e3-4093-8c2f-776ae2a9a7aa'),
('a2593219-2cdf-41f1-a671-d3a17f8506a6', '85fffa20-65e3-4874-bf0a-56249992284c');

INSERT INTO public.menus (id, user_id, name, favorited, start_day) VALUES
('59259f22-3993-4bf7-8ed0-b37ca0898cc7', 'a34f3958-e00c-4a99-a66d-ab32152ed259', '6/6', false, 'Thursday'),
('02ab1bb6-fd92-4421-b41f-69c7d7181c3a', 'a34f3958-e00c-4a99-a66d-ab32152ed259', '9/11', false, 'Wednesday'),
('faa08faf-12e1-43be-a0ab-d4dac31324de', 'a34f3958-e00c-4a99-a66d-ab32152ed259', '3 - 12/15', false, 'Monday'),
('c7f899cd-ea78-4c15-8102-b7fe2252b013', 'a34f3958-e00c-4a99-a66d-ab32152ed259', '10/17/23-10/23/23', false, 'Tuesday'),
('2a639c7d-c9f3-4bd9-a14c-f0fa7e2e3d55', 'a34f3958-e00c-4a99-a66d-ab32152ed259', '2/20', false, 'Tuesday'),
('5291420c-573d-438a-b2a3-48af1e6596d6', 'a34f3958-e00c-4a99-a66d-ab32152ed259', '7/30/24', false, 'Tuesday'),
('139921f5-a205-4f84-bb21-82b9c9206b1c', 'a34f3958-e00c-4a99-a66d-ab32152ed259', '12/18', false, 'Wednesday'),
('cea59c3f-ed57-4b71-b4b6-1d1de68af5a1', '6ff8d414-18b3-4d77-be42-640b921727d8', 'Menu #1', false, 'Monday'),
('75dbed6d-662a-47e4-95db-9fb27ed8d4cf', 'a34f3958-e00c-4a99-a66d-ab32152ed259', '4/18 - 4/24/23', false, 'Tuesday'),
('e849a9f5-09dc-47c1-ae9d-e1a9be1f44a2', 'a34f3958-e00c-4a99-a66d-ab32152ed259', '2  - 12/2', false, 'Wednesday'),
('75017e29-b235-4aba-a74e-0c585ccc7ff3', 'a34f3958-e00c-4a99-a66d-ab32152ed259', '4/8', false, 'Wednesday'),
('f40ab11a-705b-4d6b-9421-cecb512ad6e0', 'a34f3958-e00c-4a99-a66d-ab32152ed259', '4/25-5/2/23', false, 'Tuesday'),
('00cc0e94-6794-485f-bd23-a02fc1cc89aa', 'a34f3958-e00c-4a99-a66d-ab32152ed259', '6/20/23-6/26/23', false, 'Tuesday'),
('00645f79-d9d6-4c66-bb3b-c70ceeeb5874', 'a34f3958-e00c-4a99-a66d-ab32152ed259', '12/21/21-12/29/21', false, 'Tuesday'),
('b9052d35-ca38-4f24-a0c8-6c4eabb0de15', 'a34f3958-e00c-4a99-a66d-ab32152ed259', '10/8', false, 'Tuesday'),
('f7cd24bb-8147-4070-899a-5eef9091327b', 'a34f3958-e00c-4a99-a66d-ab32152ed259', '6/13/23-6/19/23', false, 'Tuesday'),
('5ba4246b-9a68-41c3-9e2e-15db1410af50', 'a34f3958-e00c-4a99-a66d-ab32152ed259', '4/8/22-4/14/22', false, 'Friday'),
('cce60af3-8a89-445b-a711-d82fb01d0b1b', 'a34f3958-e00c-4a99-a66d-ab32152ed259', '1/27', false, 'Tuesday'),
('9f7f962f-19c8-4144-8479-25f013cf32f3', 'a34f3958-e00c-4a99-a66d-ab32152ed259', '4/28', false, 'Monday'),
('af3fbcc8-8c57-4dba-9b53-aa539326a6df', 'a34f3958-e00c-4a99-a66d-ab32152ed259', '12/28/21-1/2/22', false, 'Tuesday'),
('4f54dacf-8e62-4205-8ef5-5583931debf0', 'a34f3958-e00c-4a99-a66d-ab32152ed259', '12/22/23', false, 'Friday'),
('d2ab6db9-0190-42d0-9c27-774cf11a38f4', 'a34f3958-e00c-4a99-a66d-ab32152ed259', '10/4/23-10/10/23', false, 'Wednesday'),
('d607fb6e-a655-47f2-8dbf-af4c9a8f0d8d', 'a34f3958-e00c-4a99-a66d-ab32152ed259', '11/29/21-12/5/21', false, 'Monday'),
('37f7ea58-c595-4290-bd30-99449ca4b89c', 'a34f3958-e00c-4a99-a66d-ab32152ed259', '3/9/22-3/15/22', false, 'Wednesday'),
('f0281de7-7cb7-4c73-9be7-f9c4e62ec613', 'a34f3958-e00c-4a99-a66d-ab32152ed259', '11/11', false, 'Monday'),
('eda92234-ddfe-40e3-83cf-bda095d7b39d', 'a34f3958-e00c-4a99-a66d-ab32152ed259', '3/5/24', false, 'Wednesday'),
('7e81b08c-a1b9-4088-ab29-8354951c1078', 'a34f3958-e00c-4a99-a66d-ab32152ed259', '7/23', false, 'Tuesday'),
('ec825b93-ca06-4228-94b8-bc3619e74848', 'a34f3958-e00c-4a99-a66d-ab32152ed259', 'ONE  -  11/25', false, 'Tuesday'),
('93a1c8f0-a414-4cbe-a416-27f534ebb90b', 'c576d15b-0d62-46a3-a62c-bf1be49e6fa5', 'Menu #1', false, 'Monday'),
('4d22e8b3-172d-4a86-b5d0-f09c790ecf26', 'a34f3958-e00c-4a99-a66d-ab32152ed259', '3/31/22-4/6/22', false, 'Thursday'),
('6c03ee22-3843-4f1a-b8ed-62f5d95003c6', 'a34f3958-e00c-4a99-a66d-ab32152ed259', '9/10/23-9/16/23', false, 'Sunday'),
('ba8d1fa5-e72a-48bd-bc43-f46ad3a8ad34', 'a34f3958-e00c-4a99-a66d-ab32152ed259', '12/13/21 - 12/19/21', false, 'Monday'),
('efa6cdb3-6701-48ca-a424-b13a08e1c74c', 'a34f3958-e00c-4a99-a66d-ab32152ed259', '4/17', false, 'Wednesday'),
('865a3bf1-0b22-4488-9650-dcb27afad4ed', 'a34f3958-e00c-4a99-a66d-ab32152ed259', '7/1', false, 'Monday'),
('b493b0ac-32aa-435e-ad2e-c6c4ed2a6262', 'a34f3958-e00c-4a99-a66d-ab32152ed259', '7/21/23-7/27/23', false, 'Friday'),
('00a33eac-4e85-4937-af97-90ffb0634e24', 'a34f3958-e00c-4a99-a66d-ab32152ed259', '4/24/22-4/30/22', false, 'Sunday'),
('47205646-0ca6-448a-8cab-0bb62d962dc1', 'a34f3958-e00c-4a99-a66d-ab32152ed259', '2 - 12/15', false, 'Monday'),
('a8a9e05a-7ad2-4ff2-b9f0-0011b4b4c955', 'a34f3958-e00c-4a99-a66d-ab32152ed259', '1 - 1/5/26', false, 'Monday'),
('d3574a5e-0939-4ddc-82e1-79d4f24e8f47', '64ed428e-10b7-428e-b584-e3b6378cb171', 'My Menu', false, 'Monday'),
('b71d800b-64c0-4ff2-a32b-397e21127af2', '41b4c7c3-a899-47de-b003-f528de379fa1', 'Menu #1', false, 'Monday'),
('af561d1d-1c0c-4ae8-a5fb-3d0f4c78b0fd', 'a34f3958-e00c-4a99-a66d-ab32152ed259', '10/29', false, 'Tuesday'),
('bd297142-6707-4270-92ad-0434e040da80', 'a34f3958-e00c-4a99-a66d-ab32152ed259', '5/30', false, 'Thursday'),
('3d24c38f-8c05-44ef-882d-fad17f595044', 'a34f3958-e00c-4a99-a66d-ab32152ed259', '3/24', false, 'Tuesday'),
('740c27f1-2b01-47ca-9178-faf158da09c8', 'a34f3958-e00c-4a99-a66d-ab32152ed259', '2/16', false, 'Friday'),
('3f0504c1-92d8-4346-99e5-7bb5fcd7d897', 'a34f3958-e00c-4a99-a66d-ab32152ed259', '4 - 12/29', false, 'Monday'),
('8797ec6f-ad41-44aa-afa5-98ff01557e69', 'a34f3958-e00c-4a99-a66d-ab32152ed259', '8/15/23-8/21/23', false, 'Tuesday'),
('119ed4b4-3255-46f7-a802-154cb12295aa', 'a34f3958-e00c-4a99-a66d-ab32152ed259', '12/6/21-12/12/21', false, 'Monday'),
('ba788b8d-2ee9-475b-bd00-e07fd954330e', 'a34f3958-e00c-4a99-a66d-ab32152ed259', '4/8', false, 'Tuesday'),
('bac58448-bbd0-4b1f-90d2-638a3d30feb7', 'adb964f4-fdb5-41cb-ab5d-25bb9099e6ac', 'Balanced', false, 'Monday'),
('08ba3d65-266c-4035-9594-51f5c33f2eb6', 'a34f3958-e00c-4a99-a66d-ab32152ed259', '4/12/23-4/17/23', false, 'Wednesday'),
('4fbcb165-2dee-44b9-8a32-479ead130ff3', 'a34f3958-e00c-4a99-a66d-ab32152ed259', '3/13', false, 'Wednesday'),
('166c681b-072a-47f9-95d8-68058144abf5', 'abaf1de7-05ca-4bd0-b7fd-7a57a7a37870', 'My First Menu', false, 'Monday'),
('5d698f7a-e10c-4bd7-98cb-42c8be074a66', 'a34f3958-e00c-4a99-a66d-ab32152ed259', '3/5/24', false, 'Friday'),
('077a0d87-b20d-48b7-bc39-cd3d3a7df5a8', 'a34f3958-e00c-4a99-a66d-ab32152ed259', '10/1', false, 'Tuesday'),
('81b0e955-6e11-4a8f-aaf1-fa035be7acc3', 'a34f3958-e00c-4a99-a66d-ab32152ed259', '6/24', false, 'Tuesday'),
('523c775e-0ca1-4cc7-9515-5373f62fb944', 'a34f3958-e00c-4a99-a66d-ab32152ed259', '8/22', false, 'Thursday'),
('5f35e27a-5883-45c4-a972-41e9c1d07e79', 'a34f3958-e00c-4a99-a66d-ab32152ed259', '12/11-12-17/23', false, 'Monday'),
('d744f985-7d6d-4901-8e63-774cc0411530', 'a34f3958-e00c-4a99-a66d-ab32152ed259', '6/18', false, 'Tuesday'),
('9f5c244a-c6af-40b0-9cea-962d08e8a577', 'a34f3958-e00c-4a99-a66d-ab32152ed259', '3/2/22-3/8/22', false, 'Wednesday'),
('cb87a334-1be6-483f-a860-5e6db185fde0', 'a34f3958-e00c-4a99-a66d-ab32152ed259', '11/18', false, 'Monday'),
('a8bd44f1-b699-478e-ae07-d5b9bde41519', 'a34f3958-e00c-4a99-a66d-ab32152ed259', '12/12', false, 'Wednesday'),
('4088c08b-bfd3-4c3d-ac6e-487c1a657296', 'a34f3958-e00c-4a99-a66d-ab32152ed259', '9/19/23-9/25/23', false, 'Tuesday'),
('3569f246-4310-4f77-bab6-9be627f4e51a', 'a34f3958-e00c-4a99-a66d-ab32152ed259', '1/30/24', false, 'Tuesday'),
('0a000f4a-c38b-4544-ae84-95fe7aa96ad1', 'a34f3958-e00c-4a99-a66d-ab32152ed259', '5/6/25', false, 'Tuesday'),
('08d2cb9d-4a70-4c2c-b553-bfe0a6beb115', 'a34f3958-e00c-4a99-a66d-ab32152ed259', '6/27/23-7/4/23', false, 'Tuesday'),
('247758e4-c42d-4f7c-a6d2-84798396b1d1', 'a34f3958-e00c-4a99-a66d-ab32152ed259', '8/23/23-8/29/23', false, 'Wednesday'),
('c86d933b-b196-456b-bc39-6175a94971ce', 'a34f3958-e00c-4a99-a66d-ab32152ed259', '9/4', false, 'Wednesday'),
('0d9e3e4d-74d4-4a09-bd6e-43a86290764c', 'a34f3958-e00c-4a99-a66d-ab32152ed259', '2/15/22-2/21/22', false, 'Tuesday'),
('b2c4ff69-a34d-4b49-9275-3c3122698560', 'a34f3958-e00c-4a99-a66d-ab32152ed259', '3/27', false, 'Wednesday'),
('c0b83dbf-0738-4a18-8648-b63d700fa1c3', 'a34f3958-e00c-4a99-a66d-ab32152ed259', '9/25', false, 'Wednesday'),
('27fc0f7f-ed54-4814-82d4-1cdfee5d7aa2', 'a34f3958-e00c-4a99-a66d-ab32152ed259', '8/7/23-8/13/23', false, 'Monday'),
('4831925d-64af-4207-a47f-2eb5a735e80b', '67c708d0-8942-47ff-bc5d-025a3f4f9ee0', 'Menu #1', false, 'Monday'),
('7aaff158-7e35-49d6-b9c6-6aea6a0c95c0', 'a34f3958-e00c-4a99-a66d-ab32152ed259', '4 - 12/20', false, 'Saturday'),
('67faae5a-9dd3-4a2c-a789-48efbc36a598', 'a34f3958-e00c-4a99-a66d-ab32152ed259', '11/15/21-11/21/21', false, 'Monday'),
('1831dd77-a301-4f3b-9a97-c647029f0d01', 'a34f3958-e00c-4a99-a66d-ab32152ed259', '8/31/23-9/6/23', false, 'Thursday'),
('8275ce31-4af7-4eb1-aafa-4ea7ca2486e1', 'a34f3958-e00c-4a99-a66d-ab32152ed259', '7/14/23-7/20/23', false, 'Friday'),
('c5970f6f-c9a0-4e61-927a-a1a42f9df31d', 'a34f3958-e00c-4a99-a66d-ab32152ed259', 'Nov. 8-14 ''21', false, 'Monday'),
('04f3e219-18d1-48fe-abae-673e53c61fcc', 'a34f3958-e00c-4a99-a66d-ab32152ed259', '2/1/22-2/7/22', false, 'Tuesday'),
('da92f7e6-4785-47be-bb46-cf9e77b29120', 'a34f3958-e00c-4a99-a66d-ab32152ed259', '7/31/23-1/6/23', false, 'Monday'),
('c72d08ed-c79d-4d2e-9f9f-40f97042ca32', 'a34f3958-e00c-4a99-a66d-ab32152ed259', '1/4/22-1/10/22', false, 'Tuesday'),
('8b7ae310-25ae-4f79-9e19-2401dca424a6', 'a34f3958-e00c-4a99-a66d-ab32152ed259', '11/22/21-11/28/21', false, 'Monday'),
('be7759dc-2889-4189-b967-8bb4d2a6eaef', 'a34f3958-e00c-4a99-a66d-ab32152ed259', '5/1', false, 'Wednesday'),
('3dc583ea-96dd-4747-9102-da41d3cb5ac5', 'a34f3958-e00c-4a99-a66d-ab32152ed259', '3/16/22-3/21/22', false, 'Wednesday'),
('10e527fc-0502-4b99-bb53-4052fcecec12', 'a34f3958-e00c-4a99-a66d-ab32152ed259', '3/24/22-3/30/22', false, 'Thursday');

INSERT INTO public.menu_entries (id, menu_id, day, dish_id, sort_order) VALUES
('182b8bf8-77ce-47a1-9741-294e5ae3a023', '59259f22-3993-4bf7-8ed0-b37ca0898cc7', 'Thursday', '0a2bc0fa-2c20-450f-94d6-b94d743a6a48', 0),
('1abfb61e-d91e-44c3-86bc-6e7a8490c94a', '59259f22-3993-4bf7-8ed0-b37ca0898cc7', 'Thursday', 'b60e3a90-52fa-4179-bfef-c3984df94b2a', 1),
('81786552-2ded-4f87-ace2-d59e42eca86d', '59259f22-3993-4bf7-8ed0-b37ca0898cc7', 'Thursday', 'f67df254-48d8-4429-b993-f98b246c5854', 2),
('cc6c3079-fe7f-47f6-8b22-0a3dc06117f6', '59259f22-3993-4bf7-8ed0-b37ca0898cc7', 'Friday', '98ec4595-9d44-443b-bf2a-600573e98038', 0),
('3bfa9e47-e7bb-4c08-a2e3-ad650e23fb60', '59259f22-3993-4bf7-8ed0-b37ca0898cc7', 'Friday', '6ad73d14-b410-43f4-860b-af28c258b572', 1),
('e0738227-f960-42d3-ad46-8dd87c96b18f', '59259f22-3993-4bf7-8ed0-b37ca0898cc7', 'Saturday', 'c4682790-8015-4fae-a89a-9c1dc86e01dc', 0),
('abdd9595-4aba-4a6c-81e7-ea403ede97e9', '59259f22-3993-4bf7-8ed0-b37ca0898cc7', 'Sunday', '3b50cbc0-6530-4f18-9f24-cdde25d9ca92', 0),
('e303d5d4-f087-484c-abe1-1585da449ec3', '59259f22-3993-4bf7-8ed0-b37ca0898cc7', 'Sunday', '4ad590b7-5521-445a-a17a-25fb956561d0', 1),
('d54b764b-1b94-4b10-b95c-036515e45615', '59259f22-3993-4bf7-8ed0-b37ca0898cc7', 'Sunday', '93ce0e09-a416-4f5e-9f3c-65f655654556', 2),
('5248f5d6-94e7-40a0-890c-6fdd06797129', '59259f22-3993-4bf7-8ed0-b37ca0898cc7', 'Monday', '65788a41-be9f-4301-8761-aa26cadf5989', 0),
('415d127b-0c63-4eda-9884-3aca7c5ae7ea', '59259f22-3993-4bf7-8ed0-b37ca0898cc7', 'Monday', '8c3f77a3-1d27-47b7-9785-119e805d4786', 1),
('89188ec4-e5dc-4e84-a138-cf2e87612b3c', '59259f22-3993-4bf7-8ed0-b37ca0898cc7', 'Tuesday', '3cde939f-8b96-486d-9eb5-48069fc4500f', 0),
('6851b41a-2bc5-4f8e-9956-c31b7392ed0f', '59259f22-3993-4bf7-8ed0-b37ca0898cc7', 'Tuesday', '5dae54e0-5c2a-4650-88b1-9bb1ccac47c2', 1),
('12880961-f496-45d7-940f-f6d19b44af67', '59259f22-3993-4bf7-8ed0-b37ca0898cc7', 'Tuesday', 'ecc4437c-e825-4bd7-a44c-70c5ded9a0c4', 2),
('e691ad44-a512-48ae-8fd8-c29d1169437f', '59259f22-3993-4bf7-8ed0-b37ca0898cc7', 'Wednesday', '3e232d97-2927-48f8-a6d1-9458cced09a0', 0),
('4a7024e5-d91f-4ff4-b984-daa0663a00f7', '59259f22-3993-4bf7-8ed0-b37ca0898cc7', 'Wednesday', '2e06bf9d-ab96-4c41-80fc-06b6e763279b', 1),
('0646baaa-ae34-4845-8e33-817ecdaed680', '02ab1bb6-fd92-4421-b41f-69c7d7181c3a', 'Wednesday', '7ba471c1-f880-4e4b-9558-2c191a19fca0', 0),
('81ac2622-8ba1-44b7-ae70-9eaa6e0e97f6', '02ab1bb6-fd92-4421-b41f-69c7d7181c3a', 'Wednesday', '39159244-32b8-40dd-b953-2649ad8e725c', 1),
('1d50f728-76d1-4559-a3d7-43e1573bc382', '02ab1bb6-fd92-4421-b41f-69c7d7181c3a', 'Thursday', '65788a41-be9f-4301-8761-aa26cadf5989', 0),
('40328a2b-8626-4874-916d-de8227d8a54a', '02ab1bb6-fd92-4421-b41f-69c7d7181c3a', 'Thursday', '8c3f77a3-1d27-47b7-9785-119e805d4786', 1),
('ac51d505-b187-45fc-a1ed-dd7354dbea18', '02ab1bb6-fd92-4421-b41f-69c7d7181c3a', 'Monday', '07e6a1f6-e712-4347-b377-698e68e4e3bb', 0),
('c3b107a3-0eca-4bec-b4b6-c29551c95da3', '02ab1bb6-fd92-4421-b41f-69c7d7181c3a', 'Monday', '65788a41-be9f-4301-8761-aa26cadf5989', 1),
('38ddda56-a97c-4537-a8dd-70080d8f485f', '02ab1bb6-fd92-4421-b41f-69c7d7181c3a', 'Monday', 'd8368525-0ea2-4bf3-b47f-a7ab86d4fa2b', 2),
('bd763101-6977-4d1a-83b2-caca9986d87f', '02ab1bb6-fd92-4421-b41f-69c7d7181c3a', 'Monday', 'bec7d7df-04b5-4a22-aa57-515052798915', 3),
('8c3d10fe-2cc6-4818-8554-a83f8b35d42e', '02ab1bb6-fd92-4421-b41f-69c7d7181c3a', 'Friday', '98ec4595-9d44-443b-bf2a-600573e98038', 0),
('1ef43d3f-d4e4-43ea-94dc-093f1cb70cfc', '02ab1bb6-fd92-4421-b41f-69c7d7181c3a', 'Friday', '6ad73d14-b410-43f4-860b-af28c258b572', 1),
('ba2ad097-4150-4abd-945c-e7708f426f4a', '02ab1bb6-fd92-4421-b41f-69c7d7181c3a', 'Saturday', 'c4682790-8015-4fae-a89a-9c1dc86e01dc', 0),
('569ce85b-df05-4713-a2a7-297512bedee6', '02ab1bb6-fd92-4421-b41f-69c7d7181c3a', 'Sunday', '3b50cbc0-6530-4f18-9f24-cdde25d9ca92', 0),
('dc332f9e-3d13-4da2-86a9-689523c8b7b2', '02ab1bb6-fd92-4421-b41f-69c7d7181c3a', 'Sunday', '4ad590b7-5521-445a-a17a-25fb956561d0', 1),
('6313f8dd-9fd3-4625-aca6-b22f056135b1', '02ab1bb6-fd92-4421-b41f-69c7d7181c3a', 'Sunday', '93ce0e09-a416-4f5e-9f3c-65f655654556', 2),
('feead895-76a5-4f0b-94fc-87f70ad09e2c', 'faa08faf-12e1-43be-a0ab-d4dac31324de', 'Friday', '98ec4595-9d44-443b-bf2a-600573e98038', 0),
('adca30ac-3ef6-4a43-82c7-617e6c066a33', 'faa08faf-12e1-43be-a0ab-d4dac31324de', 'Friday', '6ad73d14-b410-43f4-860b-af28c258b572', 1),
('33af72b3-5d42-45fc-84b5-8b1c8ae24370', 'faa08faf-12e1-43be-a0ab-d4dac31324de', 'Wednesday', '60b7330c-3878-45b6-8d49-3e0e8e04042c', 0),
('5cdcba19-78dd-45c9-9528-53fdf73c573d', 'faa08faf-12e1-43be-a0ab-d4dac31324de', 'Wednesday', '2794c4f5-ce88-45f9-b482-367072c8e0ee', 1),
('10d03a0e-abea-48eb-b937-c0d233289b56', 'faa08faf-12e1-43be-a0ab-d4dac31324de', 'Tuesday', '767da9be-2a4a-49bf-bfcb-3b00e2791336', 0),
('82ed40e0-44e1-4339-8c0a-ead4e8b03c85', 'faa08faf-12e1-43be-a0ab-d4dac31324de', 'Tuesday', '71b6aafc-2c09-4ca3-b409-298750d4f350', 1),
('070dbc0b-cf69-4aee-935d-77fea5285342', 'faa08faf-12e1-43be-a0ab-d4dac31324de', 'Tuesday', 'b553e1bf-987f-438f-b7af-8126d2f496c4', 2),
('6909e80f-bdad-440b-9ead-1279ae8faf64', 'faa08faf-12e1-43be-a0ab-d4dac31324de', 'Thursday', 'c587d9a2-6fa7-4685-9a2c-1b5de13ed058', 0),
('cce7b63d-953c-4587-a194-572e8be47610', 'faa08faf-12e1-43be-a0ab-d4dac31324de', 'Thursday', '65788a41-be9f-4301-8761-aa26cadf5989', 1),
('ebc76ea7-f053-4114-8e8c-c727e3e4605b', 'faa08faf-12e1-43be-a0ab-d4dac31324de', 'Monday', '3cde939f-8b96-486d-9eb5-48069fc4500f', 0),
('94a5ae08-56c6-467d-8878-940cecfc4f68', 'faa08faf-12e1-43be-a0ab-d4dac31324de', 'Monday', '46754eae-a571-4a46-9f5f-c18d6467a22a', 1),
('97fb4ae4-bee1-40f3-8583-9f8a68374c60', 'faa08faf-12e1-43be-a0ab-d4dac31324de', 'Monday', '5dae54e0-5c2a-4650-88b1-9bb1ccac47c2', 2),
('eadab687-d224-4651-aac9-8e3f3506fc39', 'faa08faf-12e1-43be-a0ab-d4dac31324de', 'Saturday', '65788a41-be9f-4301-8761-aa26cadf5989', 0),
('5592f917-a1ab-4c9e-9553-5c3df22a7a4a', 'faa08faf-12e1-43be-a0ab-d4dac31324de', 'Saturday', '4e7aaec7-005b-464b-90c0-ba746c754b8b', 1),
('74e50944-6924-4f17-9ca2-190977351e0a', 'faa08faf-12e1-43be-a0ab-d4dac31324de', 'Sunday', '46b923dc-5ae3-40f1-b411-65ec540b9181', 0),
('b0da4efc-a8be-4d05-ba96-04c9ebcf82d3', 'faa08faf-12e1-43be-a0ab-d4dac31324de', 'Sunday', '4ad590b7-5521-445a-a17a-25fb956561d0', 1),
('6b4cc86b-59d2-4d91-af62-19a319090e54', 'faa08faf-12e1-43be-a0ab-d4dac31324de', 'Sunday', '93ce0e09-a416-4f5e-9f3c-65f655654556', 2),
('6ca08b41-c58b-4352-917d-ed696e386852', 'c7f899cd-ea78-4c15-8102-b7fe2252b013', 'Tuesday', 'd6cfff8e-d5ce-41b6-91c5-945cc7445812', 0),
('05c98517-d24e-48fe-a24d-11b4fb1f45d1', 'c7f899cd-ea78-4c15-8102-b7fe2252b013', 'Tuesday', 'e3203298-713a-414b-92dd-9465cba0c204', 1),
('6ed9787d-6299-40ad-ab51-7d72e8eb68f6', 'c7f899cd-ea78-4c15-8102-b7fe2252b013', 'Tuesday', '65788a41-be9f-4301-8761-aa26cadf5989', 2),
('5cb155f6-5399-461f-b166-1467d6f3f42a', 'c7f899cd-ea78-4c15-8102-b7fe2252b013', 'Wednesday', '60b7330c-3878-45b6-8d49-3e0e8e04042c', 0),
('a1a1980b-7f67-457f-8597-97039946044e', 'c7f899cd-ea78-4c15-8102-b7fe2252b013', 'Wednesday', '68c24e9a-516b-460b-bb68-325cb4dac214', 1),
('174265df-3b47-4c06-957b-0cabadf8f5d5', 'c7f899cd-ea78-4c15-8102-b7fe2252b013', 'Thursday', '58407610-1d37-4886-9350-3f45165e3fde', 0),
('a5dcc807-c4dc-479c-9dd7-2e4f563c23ea', 'c7f899cd-ea78-4c15-8102-b7fe2252b013', 'Thursday', 'f67df254-48d8-4429-b993-f98b246c5854', 1),
('4f213025-0f29-4a9a-9d42-e369ede3ca29', 'c7f899cd-ea78-4c15-8102-b7fe2252b013', 'Thursday', '7c796521-16b4-4006-90d6-6bab591e4bd1', 2),
('ddc2f5b8-39e6-41ac-b565-12cda918450d', 'c7f899cd-ea78-4c15-8102-b7fe2252b013', 'Thursday', '0e55e08e-8e85-440a-aa9e-059d7f61be25', 3),
('00dc4a47-eda2-4e01-98da-e59e9325c37c', 'c7f899cd-ea78-4c15-8102-b7fe2252b013', 'Friday', '98ec4595-9d44-443b-bf2a-600573e98038', 0),
('8743ab32-4cae-4f25-8c91-0aedbf3cec1f', 'c7f899cd-ea78-4c15-8102-b7fe2252b013', 'Friday', '6ad73d14-b410-43f4-860b-af28c258b572', 1),
('0f8a6061-884a-459b-87ec-c8ced27b858e', 'c7f899cd-ea78-4c15-8102-b7fe2252b013', 'Saturday', '3272d163-94ee-4537-b34e-8f4586ba9979', 0),
('ca67511f-33a7-485f-a741-728f6fe07a94', 'c7f899cd-ea78-4c15-8102-b7fe2252b013', 'Saturday', '3c42f46a-6dbd-49b9-a6bc-d622b811815b', 1),
('f954e729-2955-48e9-83b6-8f61b3874a9b', 'c7f899cd-ea78-4c15-8102-b7fe2252b013', 'Saturday', 'd43b103c-a2fc-4734-abec-fee50e1b48f7', 2),
('a68346aa-073f-48d0-80f1-5ac289f74b1b', 'c7f899cd-ea78-4c15-8102-b7fe2252b013', 'Saturday', 'e540d56d-564b-41c8-a47f-b1429cbf4f64', 3),
('bf007e05-1d3f-4b5a-8540-460f008db21e', 'c7f899cd-ea78-4c15-8102-b7fe2252b013', 'Sunday', '3b50cbc0-6530-4f18-9f24-cdde25d9ca92', 0),
('318f2c02-bf49-4e7c-b54f-1aa6196e1121', 'c7f899cd-ea78-4c15-8102-b7fe2252b013', 'Sunday', '4ad590b7-5521-445a-a17a-25fb956561d0', 1),
('531af677-e303-43cb-aed6-ba99437b2294', 'c7f899cd-ea78-4c15-8102-b7fe2252b013', 'Sunday', '93ce0e09-a416-4f5e-9f3c-65f655654556', 2),
('1af2843c-9f67-4d6e-b31c-dee37d7b82b4', 'c7f899cd-ea78-4c15-8102-b7fe2252b013', 'Monday', 'db657d52-0edf-4532-a5b8-d8fc68f82698', 0),
('c554824b-e6a8-487f-9f5c-a6d3e5aa557a', 'c7f899cd-ea78-4c15-8102-b7fe2252b013', 'Monday', '5a02d76c-9f96-4d16-a91d-c8a04ee99fa1', 1),
('bf2c3ad0-a112-4d80-8dc7-65765d4dfddf', '2a639c7d-c9f3-4bd9-a14c-f0fa7e2e3d55', 'Tuesday', '07e6a1f6-e712-4347-b377-698e68e4e3bb', 0),
('cb471e88-d599-4dda-8f3c-c71b633d4524', '2a639c7d-c9f3-4bd9-a14c-f0fa7e2e3d55', 'Tuesday', 'd8368525-0ea2-4bf3-b47f-a7ab86d4fa2b', 1),
('e8eb786b-2c0c-4038-b7cd-73d2e7a61d05', '2a639c7d-c9f3-4bd9-a14c-f0fa7e2e3d55', 'Tuesday', 'bec7d7df-04b5-4a22-aa57-515052798915', 2),
('2e088dbb-0308-4a54-830f-b080772e743c', '2a639c7d-c9f3-4bd9-a14c-f0fa7e2e3d55', 'Wednesday', '68805a5a-9ff1-40cf-9aab-b31a0918e6a1', 0),
('6546305f-0676-4b68-98f2-e6d2f00389b1', '2a639c7d-c9f3-4bd9-a14c-f0fa7e2e3d55', 'Wednesday', 'c155d19c-abd0-4af2-befb-49a33baeef8b', 1),
('0c6e201b-cbe6-4f7f-a4f4-edab74574d6f', '2a639c7d-c9f3-4bd9-a14c-f0fa7e2e3d55', 'Friday', '98ec4595-9d44-443b-bf2a-600573e98038', 0),
('425f8a1b-d807-488d-b468-3b036a6e47da', '2a639c7d-c9f3-4bd9-a14c-f0fa7e2e3d55', 'Friday', '6ad73d14-b410-43f4-860b-af28c258b572', 1),
('297cf340-e1d0-4964-92c9-6d4c4a9ad6ff', '2a639c7d-c9f3-4bd9-a14c-f0fa7e2e3d55', 'Sunday', '65788a41-be9f-4301-8761-aa26cadf5989', 0),
('d005e74a-e685-45b7-ae53-c78bd6c5ea90', '2a639c7d-c9f3-4bd9-a14c-f0fa7e2e3d55', 'Sunday', '4e7aaec7-005b-464b-90c0-ba746c754b8b', 1),
('345629ef-6f92-465d-91fb-bea4c6a95d43', '2a639c7d-c9f3-4bd9-a14c-f0fa7e2e3d55', 'Monday', '3b50cbc0-6530-4f18-9f24-cdde25d9ca92', 0),
('169f260e-b0d9-4388-bbeb-6b2ed99b52b7', '2a639c7d-c9f3-4bd9-a14c-f0fa7e2e3d55', 'Monday', '4ad590b7-5521-445a-a17a-25fb956561d0', 1),
('4abe9fa3-177a-4a1e-b8e4-63aea20af80f', '2a639c7d-c9f3-4bd9-a14c-f0fa7e2e3d55', 'Monday', '93ce0e09-a416-4f5e-9f3c-65f655654556', 2),
('33233bfb-ce88-49ab-a9a0-e7359703efa8', '2a639c7d-c9f3-4bd9-a14c-f0fa7e2e3d55', 'Thursday', 'cf64c0d2-2ca9-4a0b-a88e-ae6741d563b9', 0),
('e2133047-8c24-4914-ad22-f5439af5f45f', '2a639c7d-c9f3-4bd9-a14c-f0fa7e2e3d55', 'Saturday', 'c4682790-8015-4fae-a89a-9c1dc86e01dc', 0),
('23ba555d-533a-41ea-8c9d-55b0a60e561a', '5291420c-573d-438a-b2a3-48af1e6596d6', 'Tuesday', '7c796521-16b4-4006-90d6-6bab591e4bd1', 0),
('020ca16d-7571-454d-9011-cc19940ba8d1', '5291420c-573d-438a-b2a3-48af1e6596d6', 'Tuesday', 'cc00c42a-38b1-463a-81c7-706ce2af8f5e', 1),
('9555e742-1c82-44f2-841d-41cb93af31d5', '5291420c-573d-438a-b2a3-48af1e6596d6', 'Tuesday', 'f67df254-48d8-4429-b993-f98b246c5854', 2),
('4c8a52ca-e3b9-4455-b524-5c06de51a514', '5291420c-573d-438a-b2a3-48af1e6596d6', 'Tuesday', '58407610-1d37-4886-9350-3f45165e3fde', 3),
('55841630-5f42-4768-afb6-f8771ab663ce', '5291420c-573d-438a-b2a3-48af1e6596d6', 'Wednesday', 'c587d9a2-6fa7-4685-9a2c-1b5de13ed058', 0),
('4eab6633-5177-432f-8c03-38586b2bec5c', '5291420c-573d-438a-b2a3-48af1e6596d6', 'Wednesday', '65788a41-be9f-4301-8761-aa26cadf5989', 1),
('b3be88c4-6942-4139-9829-027c3497f43a', '5291420c-573d-438a-b2a3-48af1e6596d6', 'Thursday', '60b7330c-3878-45b6-8d49-3e0e8e04042c', 0),
('ae95f9d3-51b1-49ef-8533-5de2f4daa444', '5291420c-573d-438a-b2a3-48af1e6596d6', 'Thursday', '68c24e9a-516b-460b-bb68-325cb4dac214', 1),
('d138e96f-e18b-47d7-83c7-cd68b1fd552d', '5291420c-573d-438a-b2a3-48af1e6596d6', 'Friday', '98ec4595-9d44-443b-bf2a-600573e98038', 0),
('a8295a97-4e83-454e-9822-632838ef44d1', '5291420c-573d-438a-b2a3-48af1e6596d6', 'Friday', '6ad73d14-b410-43f4-860b-af28c258b572', 1),
('4faf7164-a4c7-4b8a-a5cf-504d08e26c5a', '5291420c-573d-438a-b2a3-48af1e6596d6', 'Monday', '07e6a1f6-e712-4347-b377-698e68e4e3bb', 0),
('8cf1ebf9-e107-4330-ad33-f212f6697c3f', '5291420c-573d-438a-b2a3-48af1e6596d6', 'Monday', '65788a41-be9f-4301-8761-aa26cadf5989', 1),
('2ee81b92-e0cb-48fd-b8d9-fc132b76e6d7', '5291420c-573d-438a-b2a3-48af1e6596d6', 'Monday', 'd8368525-0ea2-4bf3-b47f-a7ab86d4fa2b', 2),
('7fe2db63-2a92-4551-83ff-e22248e40bb0', '5291420c-573d-438a-b2a3-48af1e6596d6', 'Monday', 'bec7d7df-04b5-4a22-aa57-515052798915', 3),
('d6e6936f-c9dd-4672-b809-0787d0322877', '5291420c-573d-438a-b2a3-48af1e6596d6', 'Saturday', '4e7aaec7-005b-464b-90c0-ba746c754b8b', 0),
('86ddf325-7def-43b4-9144-8e7d33e0b705', '5291420c-573d-438a-b2a3-48af1e6596d6', 'Saturday', '676dc102-8ae4-4d5c-a51e-e23e17d38f46', 1),
('6fdf29e9-c871-4207-aa0d-ce9f781a7194', '5291420c-573d-438a-b2a3-48af1e6596d6', 'Sunday', '1b66a9f1-413a-4ddf-9d78-885900f1581b', 0),
('dab3c19a-fb65-4f3d-b545-1198becddfe2', '5291420c-573d-438a-b2a3-48af1e6596d6', 'Sunday', '93ce0e09-a416-4f5e-9f3c-65f655654556', 1),
('d107dcb2-ff0e-4c70-80c7-1b003e14a4ba', '5291420c-573d-438a-b2a3-48af1e6596d6', 'Sunday', '46b923dc-5ae3-40f1-b411-65ec540b9181', 2),
('a78e1994-875a-49a6-bbf9-6312ea16a660', '139921f5-a205-4f84-bb21-82b9c9206b1c', 'Wednesday', '60b7330c-3878-45b6-8d49-3e0e8e04042c', 0),
('bb5015a1-fc66-4dd5-ae13-7bd6936a863f', '139921f5-a205-4f84-bb21-82b9c9206b1c', 'Wednesday', '68c24e9a-516b-460b-bb68-325cb4dac214', 1),
('1f64d8b2-06c4-48ec-ae7a-6cdbbb9e57dc', '139921f5-a205-4f84-bb21-82b9c9206b1c', 'Friday', '98ec4595-9d44-443b-bf2a-600573e98038', 0),
('4020d62a-a6bd-44df-a62f-b8ce95dbd52a', '139921f5-a205-4f84-bb21-82b9c9206b1c', 'Friday', '6ad73d14-b410-43f4-860b-af28c258b572', 1),
('9b756008-a15d-475d-87a3-d7370c0852ab', '139921f5-a205-4f84-bb21-82b9c9206b1c', 'Saturday', 'c4682790-8015-4fae-a89a-9c1dc86e01dc', 0),
('197f9a60-49c8-488d-a7d9-b294b80822a8', '139921f5-a205-4f84-bb21-82b9c9206b1c', 'Sunday', '3b50cbc0-6530-4f18-9f24-cdde25d9ca92', 0),
('1223dc0b-0f36-480a-aa22-60736c88e17d', '139921f5-a205-4f84-bb21-82b9c9206b1c', 'Sunday', '4ad590b7-5521-445a-a17a-25fb956561d0', 1),
('7fc05b34-9d2a-4c41-b23b-8c7b665669d0', '139921f5-a205-4f84-bb21-82b9c9206b1c', 'Sunday', '93ce0e09-a416-4f5e-9f3c-65f655654556', 2),
('7b8c12e2-9152-45c5-bc10-0eebdba0595d', '139921f5-a205-4f84-bb21-82b9c9206b1c', 'Monday', '3cde939f-8b96-486d-9eb5-48069fc4500f', 0),
('66a4393b-0963-4669-a582-a5d672d1a277', '139921f5-a205-4f84-bb21-82b9c9206b1c', 'Monday', '46754eae-a571-4a46-9f5f-c18d6467a22a', 1),
('a3d73734-e381-4eea-82d4-db2902d6a8bc', '139921f5-a205-4f84-bb21-82b9c9206b1c', 'Monday', '5dae54e0-5c2a-4650-88b1-9bb1ccac47c2', 2),
('b6ee342b-61ed-413d-8f63-a155fcbc8bb8', '139921f5-a205-4f84-bb21-82b9c9206b1c', 'Thursday', '65788a41-be9f-4301-8761-aa26cadf5989', 0),
('a0bd6f74-ae58-4219-82ca-9d941713fc36', '139921f5-a205-4f84-bb21-82b9c9206b1c', 'Thursday', '4e7aaec7-005b-464b-90c0-ba746c754b8b', 1),
('308f14b3-8704-4662-94fd-00b560c1b1e7', '139921f5-a205-4f84-bb21-82b9c9206b1c', 'Tuesday', '68846bd2-3fc0-499b-8d19-d87a2dcf028d', 0),
('26bca885-898d-49df-9af8-15df07e537e2', '139921f5-a205-4f84-bb21-82b9c9206b1c', 'Tuesday', 'd3283070-5f96-4666-8d2c-f5e0505fabe8', 1),
('1378bd17-b8b8-4ba1-aaa3-80a2eb69a1d9', '139921f5-a205-4f84-bb21-82b9c9206b1c', 'Tuesday', 'c9981269-d5e1-4526-9520-18628b3da681', 2),
('83919d44-13f4-45d2-8643-c7a82fc205cc', '139921f5-a205-4f84-bb21-82b9c9206b1c', 'Tuesday', '151ea5c0-81c1-4567-90f3-3011cda1fe16', 3),
('4ac85e30-59df-4e28-9c86-3a5027373904', 'cea59c3f-ed57-4b71-b4b6-1d1de68af5a1', 'Monday', '48e966ba-4333-42c7-8cbd-2982f28bb67b', 0),
('42aa040e-2cff-43b5-a769-93a1f9bc4d73', 'cea59c3f-ed57-4b71-b4b6-1d1de68af5a1', 'Monday', 'bec00396-942b-4070-8d89-e7161aabf829', 1),
('eab32c5e-920e-4c34-ab22-c6f70e369e74', 'cea59c3f-ed57-4b71-b4b6-1d1de68af5a1', 'Tuesday', '0dad1149-9366-42c3-90d4-b8292d50de07', 0),
('9a6ed090-e810-44f2-9830-ee5e5c37752c', 'cea59c3f-ed57-4b71-b4b6-1d1de68af5a1', 'Tuesday', '7eef34b5-92f7-40a9-9755-6312afa9b17d', 1),
('33b960f3-4871-49bf-8731-a258d2083eac', 'cea59c3f-ed57-4b71-b4b6-1d1de68af5a1', 'Wednesday', '4edadc4c-ae5b-409e-9a2a-6205a50bf180', 0),
('788043d6-0ed1-4354-8925-74bec44666bc', 'cea59c3f-ed57-4b71-b4b6-1d1de68af5a1', 'Wednesday', '58a70ec9-af05-4237-9f97-4250c1363b07', 1),
('03f6aa41-9581-4b1d-aab5-669e5e3363be', 'cea59c3f-ed57-4b71-b4b6-1d1de68af5a1', 'Thursday', '97b075c6-a9c3-4552-8925-678c3aded95a', 0),
('f3df2227-8714-44f4-9ff9-d6d1d06ee5f0', 'cea59c3f-ed57-4b71-b4b6-1d1de68af5a1', 'Friday', '2a029585-183f-4874-839a-b547655448ce', 0),
('420dbbb4-c083-4b8e-bbcc-47dc6c091845', 'cea59c3f-ed57-4b71-b4b6-1d1de68af5a1', 'Friday', '4036affb-053f-45c9-9d02-acb5d920ee20', 1),
('90d3a4d0-df8d-4760-a5a9-3acad3087283', 'cea59c3f-ed57-4b71-b4b6-1d1de68af5a1', 'Saturday', 'adc1f97a-afa3-4525-820c-d69ba613ae29', 0),
('2be3249c-3b20-4710-828e-c019b06c43f7', 'cea59c3f-ed57-4b71-b4b6-1d1de68af5a1', 'Saturday', '4036affb-053f-45c9-9d02-acb5d920ee20', 1),
('c4c66d2a-3448-4c0e-8e93-ea77614f0651', 'cea59c3f-ed57-4b71-b4b6-1d1de68af5a1', 'Sunday', '2e2f3d57-a320-4f29-9ed5-f1b7a0772838', 0),
('f06c0edd-8389-4f3d-ac0c-aef2c96cf09c', 'cea59c3f-ed57-4b71-b4b6-1d1de68af5a1', 'Sunday', '9a30bc66-c722-469c-93bb-c5cece8133e3', 1),
('420baf77-c192-4cb2-8e86-83f57ff214cf', 'cea59c3f-ed57-4b71-b4b6-1d1de68af5a1', 'Sunday', '8202e659-2332-4f19-926a-cd93cb83ecbd', 2),
('27352d9f-d1d5-4b3b-8e21-abedc57cbff0', '75dbed6d-662a-47e4-95db-9fb27ed8d4cf', 'Monday', '60b7330c-3878-45b6-8d49-3e0e8e04042c', 0),
('7eede05d-a9aa-4bc0-8f9e-073c00043238', '75dbed6d-662a-47e4-95db-9fb27ed8d4cf', 'Monday', '2794c4f5-ce88-45f9-b482-367072c8e0ee', 1),
('3ff86846-a41e-4098-b2ab-92c5f536fb2c', '75dbed6d-662a-47e4-95db-9fb27ed8d4cf', 'Sunday', '65788a41-be9f-4301-8761-aa26cadf5989', 0),
('c29425cc-f68a-4ae7-8bf3-4ef3483493ed', '75dbed6d-662a-47e4-95db-9fb27ed8d4cf', 'Sunday', 'd8368525-0ea2-4bf3-b47f-a7ab86d4fa2b', 1),
('2abeba8e-d440-4f1b-9e7e-958e7b449c87', '75dbed6d-662a-47e4-95db-9fb27ed8d4cf', 'Sunday', 'bec7d7df-04b5-4a22-aa57-515052798915', 2),
('54afe345-16c7-4dd6-9589-b92d876655b1', '75dbed6d-662a-47e4-95db-9fb27ed8d4cf', 'Friday', '98ec4595-9d44-443b-bf2a-600573e98038', 0),
('504d1e41-7c58-4ac8-8413-1013fa1a1212', '75dbed6d-662a-47e4-95db-9fb27ed8d4cf', 'Friday', '6ad73d14-b410-43f4-860b-af28c258b572', 1),
('00851059-9661-44e3-b842-bdd16395489c', '75dbed6d-662a-47e4-95db-9fb27ed8d4cf', 'Tuesday', '1b66a9f1-413a-4ddf-9d78-885900f1581b', 0),
('6545d834-b73a-4043-b07a-2d57602c85cf', '75dbed6d-662a-47e4-95db-9fb27ed8d4cf', 'Tuesday', '93ce0e09-a416-4f5e-9f3c-65f655654556', 1),
('0676a351-5105-42cb-adb4-f53a8da4d3ea', '75dbed6d-662a-47e4-95db-9fb27ed8d4cf', 'Tuesday', '3e232d97-2927-48f8-a6d1-9458cced09a0', 2),
('60ee8855-0b75-4770-8733-c1b8254617cf', '75dbed6d-662a-47e4-95db-9fb27ed8d4cf', 'Tuesday', 'e036e054-d86c-4767-a647-8130e4d35917', 3),
('6ac0fb5c-17a5-4cff-be0a-d117c88145d5', '75dbed6d-662a-47e4-95db-9fb27ed8d4cf', 'Wednesday', '1f196de0-590f-4449-9ad2-bc1989b7927f', 0),
('b3f6b46c-ab32-4536-ad7e-d8506f7a06ba', '75dbed6d-662a-47e4-95db-9fb27ed8d4cf', 'Wednesday', '68805a5a-9ff1-40cf-9aab-b31a0918e6a1', 1),
('f8575995-37bb-4305-a9c4-e340eba0d23c', '75dbed6d-662a-47e4-95db-9fb27ed8d4cf', 'Saturday', 'c4682790-8015-4fae-a89a-9c1dc86e01dc', 0),
('61c9e4da-4fc3-4ab1-8b57-1b6ae6b449e2', '75dbed6d-662a-47e4-95db-9fb27ed8d4cf', 'Thursday', '07eb0fe8-c08d-484f-a3f9-1ea09542fa59', 0),
('c172d121-31f9-4a2a-9e16-3ea0b8eaa57c', '75dbed6d-662a-47e4-95db-9fb27ed8d4cf', 'Thursday', '1b9b098a-579c-41c0-97ea-bcf71a2f028b', 1),
('6146ef09-829b-4e10-8aca-561d0061fbb7', '75dbed6d-662a-47e4-95db-9fb27ed8d4cf', 'Thursday', '71b6aafc-2c09-4ca3-b409-298750d4f350', 2),
('9f1d39e5-e51c-4968-97c3-2f22f480a570', '75dbed6d-662a-47e4-95db-9fb27ed8d4cf', 'Thursday', 'e7c20dfd-fd12-41d0-a432-e308ed099c9e', 3),
('77db8035-14ae-440f-8d19-bd2726b80304', 'e849a9f5-09dc-47c1-ae9d-e1a9be1f44a2', 'Wednesday', '46b923dc-5ae3-40f1-b411-65ec540b9181', 0),
('ec12f7d5-dbb4-4159-9ae0-e3ca486014d9', 'e849a9f5-09dc-47c1-ae9d-e1a9be1f44a2', 'Wednesday', '7ad1a16f-5a59-40c9-890a-9d56a7172d3b', 1),
('6ca33864-b1bd-4a19-a57b-5153d02d9829', 'e849a9f5-09dc-47c1-ae9d-e1a9be1f44a2', 'Wednesday', '93ce0e09-a416-4f5e-9f3c-65f655654556', 2),
('6be4c3ce-a57b-49a2-ae9a-f191d359484b', 'e849a9f5-09dc-47c1-ae9d-e1a9be1f44a2', 'Thursday', '97e2516f-b3ea-4146-ae4e-ce573a94a04c', 0),
('fce151f7-0368-4254-b9b8-b231b0a385f8', 'e849a9f5-09dc-47c1-ae9d-e1a9be1f44a2', 'Thursday', '204f3689-436b-4dd4-91fa-f65a6d3649c1', 1),
('7f81942e-0f0b-4db4-a863-b91132e5a67b', 'e849a9f5-09dc-47c1-ae9d-e1a9be1f44a2', 'Thursday', '0e55e08e-8e85-440a-aa9e-059d7f61be25', 2),
('8aeeddc9-6183-40dc-a700-cb488d8f07f9', 'e849a9f5-09dc-47c1-ae9d-e1a9be1f44a2', 'Friday', '98ec4595-9d44-443b-bf2a-600573e98038', 0),
('2f36419f-75f7-4349-8db7-f097cd7b103f', 'e849a9f5-09dc-47c1-ae9d-e1a9be1f44a2', 'Friday', '6ad73d14-b410-43f4-860b-af28c258b572', 1),
('8743312c-1474-42d1-90eb-ddee7bc11723', 'e849a9f5-09dc-47c1-ae9d-e1a9be1f44a2', 'Sunday', '46b923dc-5ae3-40f1-b411-65ec540b9181', 0),
('8b9640df-18e7-44af-8a44-6df9ecb28762', 'e849a9f5-09dc-47c1-ae9d-e1a9be1f44a2', 'Sunday', '4ad590b7-5521-445a-a17a-25fb956561d0', 1),
('8d6dc353-b373-437c-a072-bb0781c98b3b', 'e849a9f5-09dc-47c1-ae9d-e1a9be1f44a2', 'Sunday', '93ce0e09-a416-4f5e-9f3c-65f655654556', 2),
('43149e62-69ad-4515-b04f-bbca008db462', 'e849a9f5-09dc-47c1-ae9d-e1a9be1f44a2', 'Saturday', '3011ee19-4c55-4d2a-b922-bb83f221e1a9', 0),
('572ded20-db60-4c49-9221-04a3239d0644', 'e849a9f5-09dc-47c1-ae9d-e1a9be1f44a2', 'Saturday', '5c843f47-f67d-439b-ac6d-05d54fc053ac', 1),
('2d22a212-bb67-4ee7-a494-bae2c4675985', 'e849a9f5-09dc-47c1-ae9d-e1a9be1f44a2', 'Monday', '65788a41-be9f-4301-8761-aa26cadf5989', 0),
('b739d3b2-839b-4706-a5ad-9e314a684e4b', 'e849a9f5-09dc-47c1-ae9d-e1a9be1f44a2', 'Monday', 'd48dc54c-5730-4c43-871e-f2f2c758bea5', 1),
('7a637030-ac7e-49e9-a97a-ecc67855215f', 'e849a9f5-09dc-47c1-ae9d-e1a9be1f44a2', 'Tuesday', '68f6a614-6f58-4119-8718-3a900fafb44b', 0),
('90b6ec43-f0d5-4571-b670-59b12f0234db', 'e849a9f5-09dc-47c1-ae9d-e1a9be1f44a2', 'Tuesday', '7ba471c1-f880-4e4b-9558-2c191a19fca0', 1),
('a0708e73-2d9d-4eb3-8430-fe3fbb4cabef', 'e849a9f5-09dc-47c1-ae9d-e1a9be1f44a2', 'Tuesday', '910a084c-b999-4ce5-8b67-101c332b1bc1', 2),
('0eed381a-a22e-4d8e-8f1c-278e441282f2', '75017e29-b235-4aba-a74e-0c585ccc7ff3', 'Wednesday', '68805a5a-9ff1-40cf-9aab-b31a0918e6a1', 0),
('7b8f2da4-2524-4b83-a064-43391e111ca1', '75017e29-b235-4aba-a74e-0c585ccc7ff3', 'Wednesday', 'e7c20dfd-fd12-41d0-a432-e308ed099c9e', 1),
('ffcd123a-f432-4c4b-8992-b53dfcc53c23', '75017e29-b235-4aba-a74e-0c585ccc7ff3', 'Wednesday', '1f196de0-590f-4449-9ad2-bc1989b7927f', 2),
('fc6896a8-0b9f-4ac6-aff1-b9983e3570c1', '75017e29-b235-4aba-a74e-0c585ccc7ff3', 'Friday', '98ec4595-9d44-443b-bf2a-600573e98038', 0),
('0c090816-00a1-40ee-8f0b-2310295b8339', '75017e29-b235-4aba-a74e-0c585ccc7ff3', 'Friday', '6ad73d14-b410-43f4-860b-af28c258b572', 1),
('11f2da19-fb01-428b-a15e-72cc31cb4fe2', '75017e29-b235-4aba-a74e-0c585ccc7ff3', 'Saturday', 'cf64c0d2-2ca9-4a0b-a88e-ae6741d563b9', 0),
('723acd4e-767f-4441-ba2a-4be23c012697', '75017e29-b235-4aba-a74e-0c585ccc7ff3', 'Sunday', '46b923dc-5ae3-40f1-b411-65ec540b9181', 0),
('99f76ed7-ed1e-4a1b-9e81-29bd15395637', '75017e29-b235-4aba-a74e-0c585ccc7ff3', 'Sunday', '4ad590b7-5521-445a-a17a-25fb956561d0', 1),
('14ae53fb-c247-4462-82a1-1fd178a032e5', '75017e29-b235-4aba-a74e-0c585ccc7ff3', 'Sunday', '93ce0e09-a416-4f5e-9f3c-65f655654556', 2),
('161d5e7c-e610-4b0f-a5b1-22ec6480d7c8', '75017e29-b235-4aba-a74e-0c585ccc7ff3', 'Monday', '8c3f77a3-1d27-47b7-9785-119e805d4786', 0),
('41121a07-655a-45c4-9813-eeeb432edd26', '75017e29-b235-4aba-a74e-0c585ccc7ff3', 'Thursday', '8aa128ba-8563-4713-838d-c4e1dfc3c5f4', 0),
('1a55d22d-1915-41bd-8f3a-68382fb1ed4f', '75017e29-b235-4aba-a74e-0c585ccc7ff3', 'Thursday', '6b538256-8b33-467e-935a-112ef80756b9', 1),
('95c8677b-556f-441f-a7e9-4b445e7222a7', '75017e29-b235-4aba-a74e-0c585ccc7ff3', 'Thursday', '151ea5c0-81c1-4567-90f3-3011cda1fe16', 2),
('916c9a3d-c4f3-4afb-8a7b-120ece0a01f6', '75017e29-b235-4aba-a74e-0c585ccc7ff3', 'Thursday', '8cd5c74b-8932-467a-99b9-4dc99671bd15', 3),
('fd674d96-ad95-4ad5-a71e-4db248c0488c', '75017e29-b235-4aba-a74e-0c585ccc7ff3', 'Thursday', 'facfa993-d3c9-4746-b67c-cdc227a43e6c', 4),
('10d4adf7-c34f-4c62-99e7-554b12ed5b43', '75017e29-b235-4aba-a74e-0c585ccc7ff3', 'Tuesday', '3e232d97-2927-48f8-a6d1-9458cced09a0', 0),
('b3fd22b7-5ab9-4ff6-89fe-293b3bb6b90d', '75017e29-b235-4aba-a74e-0c585ccc7ff3', 'Tuesday', 'c130e4d3-f741-49d4-9103-0f0e257298ea', 1),
('8008b0a3-b3e5-49a2-a326-86313fd641a5', 'f40ab11a-705b-4d6b-9421-cecb512ad6e0', 'Tuesday', 'c4682790-8015-4fae-a89a-9c1dc86e01dc', 0),
('4e73f91a-71c4-4ec2-a9af-af6e34dc9619', 'f40ab11a-705b-4d6b-9421-cecb512ad6e0', 'Wednesday', 'aaa111fd-7d31-4d7b-abba-c6fd5f01a60d', 0),
('f9bbd705-fdd4-429b-b66a-b6b85e3c7df9', 'f40ab11a-705b-4d6b-9421-cecb512ad6e0', 'Wednesday', '8cd5c74b-8932-467a-99b9-4dc99671bd15', 1),
('10e5cff5-95fc-48ad-aab7-6fa155403b0c', 'f40ab11a-705b-4d6b-9421-cecb512ad6e0', 'Wednesday', 'f8f34879-cef8-4a64-970f-b982b50db617', 2),
('4e0e9909-acbe-44b3-b543-523f18457ace', 'f40ab11a-705b-4d6b-9421-cecb512ad6e0', 'Thursday', '8422e2f0-8868-403e-ac6a-ab3c29a7d09b', 0),
('57568221-9373-400a-91f0-affd4406bdf0', 'f40ab11a-705b-4d6b-9421-cecb512ad6e0', 'Thursday', '68f6a614-6f58-4119-8718-3a900fafb44b', 1),
('321ba592-518a-47c5-8867-8e50edc50101', 'f40ab11a-705b-4d6b-9421-cecb512ad6e0', 'Friday', '98ec4595-9d44-443b-bf2a-600573e98038', 0),
('1281c801-a27f-44de-b55f-f0bc768c5ed4', 'f40ab11a-705b-4d6b-9421-cecb512ad6e0', 'Friday', '6ad73d14-b410-43f4-860b-af28c258b572', 1),
('9170ba77-245a-4dda-86a9-93bae179e98d', 'f40ab11a-705b-4d6b-9421-cecb512ad6e0', 'Saturday', '3272d163-94ee-4537-b34e-8f4586ba9979', 0),
('e5b9062d-12f0-435e-a1e1-25c708309a6d', 'f40ab11a-705b-4d6b-9421-cecb512ad6e0', 'Saturday', '3c42f46a-6dbd-49b9-a6bc-d622b811815b', 1),
('858043e0-ef49-4eb0-b95e-e764d03fb6e4', 'f40ab11a-705b-4d6b-9421-cecb512ad6e0', 'Saturday', 'd43b103c-a2fc-4734-abec-fee50e1b48f7', 2),
('06513bf1-6c12-48a9-9a04-f8274f2693c0', 'f40ab11a-705b-4d6b-9421-cecb512ad6e0', 'Saturday', 'e540d56d-564b-41c8-a47f-b1429cbf4f64', 3),
('f3631040-a9a7-4108-97bb-c358fb285418', 'f40ab11a-705b-4d6b-9421-cecb512ad6e0', 'Sunday', '3b50cbc0-6530-4f18-9f24-cdde25d9ca92', 0),
('cf5a93b5-4346-4230-a16d-8f87c11dd62f', 'f40ab11a-705b-4d6b-9421-cecb512ad6e0', 'Sunday', '4ad590b7-5521-445a-a17a-25fb956561d0', 1),
('db33ec38-434d-4472-9f4a-88db64b0fed3', 'f40ab11a-705b-4d6b-9421-cecb512ad6e0', 'Sunday', '93ce0e09-a416-4f5e-9f3c-65f655654556', 2),
('17f1cf0f-b9d8-4ef9-8a03-0295b2a183f6', 'f40ab11a-705b-4d6b-9421-cecb512ad6e0', 'Monday', 'cf64c0d2-2ca9-4a0b-a88e-ae6741d563b9', 0),
('ce4b3879-5ded-4b09-888c-36287dcd392f', '00cc0e94-6794-485f-bd23-a02fc1cc89aa', 'Tuesday', '3cde939f-8b96-486d-9eb5-48069fc4500f', 0),
('2839f8bd-3d27-43a1-b696-22d8a2ef0091', '00cc0e94-6794-485f-bd23-a02fc1cc89aa', 'Tuesday', '46754eae-a571-4a46-9f5f-c18d6467a22a', 1),
('04b9e9a8-8025-48df-8ecc-b022b34e2ada', '00cc0e94-6794-485f-bd23-a02fc1cc89aa', 'Tuesday', '5dae54e0-5c2a-4650-88b1-9bb1ccac47c2', 2),
('8f7654b8-246e-4ff6-870d-268878a05e56', '00cc0e94-6794-485f-bd23-a02fc1cc89aa', 'Wednesday', '98ec4595-9d44-443b-bf2a-600573e98038', 0),
('591d9320-6bbd-47b8-81ad-f42501d50018', '00cc0e94-6794-485f-bd23-a02fc1cc89aa', 'Wednesday', '6ad73d14-b410-43f4-860b-af28c258b572', 1),
('ab75629c-0bfe-4ccf-8301-3292180012ea', '00cc0e94-6794-485f-bd23-a02fc1cc89aa', 'Thursday', 'e3203298-713a-414b-92dd-9465cba0c204', 0),
('8a36eca0-967b-46bc-9d85-17b3697d596d', '00cc0e94-6794-485f-bd23-a02fc1cc89aa', 'Thursday', '3011ee19-4c55-4d2a-b922-bb83f221e1a9', 1),
('0782e44e-4923-437f-b6d4-9f527117908b', '00cc0e94-6794-485f-bd23-a02fc1cc89aa', 'Thursday', '65788a41-be9f-4301-8761-aa26cadf5989', 2),
('1d506e31-4462-4b17-a5a0-f1adb1044056', '00cc0e94-6794-485f-bd23-a02fc1cc89aa', 'Friday', '242dc959-05f1-4866-ab73-2a79f87efd11', 0),
('e8e0e097-5409-484e-bf08-10e396143c8e', '00cc0e94-6794-485f-bd23-a02fc1cc89aa', 'Friday', '8cd5c74b-8932-467a-99b9-4dc99671bd15', 1),
('98c18ae2-e9ab-4bbe-ab39-6d72d13b3b01', '00cc0e94-6794-485f-bd23-a02fc1cc89aa', 'Friday', '151ea5c0-81c1-4567-90f3-3011cda1fe16', 2),
('3929b257-80bc-4cba-a0be-2ef5080d66eb', '00cc0e94-6794-485f-bd23-a02fc1cc89aa', 'Friday', '8aa128ba-8563-4713-838d-c4e1dfc3c5f4', 3),
('4b27a9a6-a768-4d91-ac32-917d1306f219', '00cc0e94-6794-485f-bd23-a02fc1cc89aa', 'Friday', 'facfa993-d3c9-4746-b67c-cdc227a43e6c', 4),
('c89d233a-da3d-4123-b077-27482a8cd9d4', '00cc0e94-6794-485f-bd23-a02fc1cc89aa', 'Saturday', 'c4682790-8015-4fae-a89a-9c1dc86e01dc', 0),
('4cda5ee8-4465-4e4a-aa33-fd92e742cf76', '00cc0e94-6794-485f-bd23-a02fc1cc89aa', 'Sunday', '58407610-1d37-4886-9350-3f45165e3fde', 0),
('9f331cb3-da4e-4192-9f9d-9a8620129d2d', '00cc0e94-6794-485f-bd23-a02fc1cc89aa', 'Sunday', 'f67df254-48d8-4429-b993-f98b246c5854', 1),
('419c92c2-7aef-4103-a78f-0e64f121325a', '00cc0e94-6794-485f-bd23-a02fc1cc89aa', 'Sunday', '7c796521-16b4-4006-90d6-6bab591e4bd1', 2),
('e9ba353e-cd96-4bc5-940c-39c550ccf45f', '00cc0e94-6794-485f-bd23-a02fc1cc89aa', 'Sunday', '0e55e08e-8e85-440a-aa9e-059d7f61be25', 3),
('93b70ed9-3291-40d9-9207-013a3cc42c9c', '00cc0e94-6794-485f-bd23-a02fc1cc89aa', 'Monday', '07e6a1f6-e712-4347-b377-698e68e4e3bb', 0),
('31060736-fd26-4deb-8147-c5ab8d312317', '00cc0e94-6794-485f-bd23-a02fc1cc89aa', 'Monday', 'd8368525-0ea2-4bf3-b47f-a7ab86d4fa2b', 1),
('d9d5da75-b072-4b6d-89ad-835c8f65b8e8', '00cc0e94-6794-485f-bd23-a02fc1cc89aa', 'Monday', 'bec7d7df-04b5-4a22-aa57-515052798915', 2),
('47d59613-937a-4453-8a58-86b0612ddb71', '00645f79-d9d6-4c66-bb3b-c70ceeeb5874', 'Tuesday', '39159244-32b8-40dd-b953-2649ad8e725c', 0),
('9e269520-5ac6-4e75-9ed3-6375ca1f0e99', '00645f79-d9d6-4c66-bb3b-c70ceeeb5874', 'Wednesday', '8398e8e7-151e-4793-93f9-72d568d1df81', 0),
('8d36a444-ad19-4cc5-b9a0-cfef7d6c3242', '00645f79-d9d6-4c66-bb3b-c70ceeeb5874', 'Wednesday', '60b7330c-3878-45b6-8d49-3e0e8e04042c', 1),
('31c37e35-8c68-4bab-b8f6-d73452c5f1cc', '00645f79-d9d6-4c66-bb3b-c70ceeeb5874', 'Thursday', '4e7aaec7-005b-464b-90c0-ba746c754b8b', 0),
('f772e535-fac7-4a18-8f94-0b666b2dad25', '00645f79-d9d6-4c66-bb3b-c70ceeeb5874', 'Thursday', '65788a41-be9f-4301-8761-aa26cadf5989', 1),
('d4c7c611-4ee2-4b09-88cf-3a49be3a2e8a', '00645f79-d9d6-4c66-bb3b-c70ceeeb5874', 'Saturday', '9f90fcc5-6dbd-432b-88e3-76331e710b6e', 0),
('6ce4bda0-d409-4112-b836-1eb6114fea3c', '00645f79-d9d6-4c66-bb3b-c70ceeeb5874', 'Saturday', '204f3689-436b-4dd4-91fa-f65a6d3649c1', 1),
('43aa0dc2-1f46-42e2-8b65-60b63172491a', '00645f79-d9d6-4c66-bb3b-c70ceeeb5874', 'Saturday', 'a72b4ed6-3a0b-402b-9f36-9e3c72cdae3f', 2),
('d414b04a-097c-4872-a8ed-8339ce6f2c6c', '00645f79-d9d6-4c66-bb3b-c70ceeeb5874', 'Sunday', '98ec4595-9d44-443b-bf2a-600573e98038', 0),
('66ee71c1-6d27-4667-ad81-43d44698afe1', '00645f79-d9d6-4c66-bb3b-c70ceeeb5874', 'Sunday', '6ad73d14-b410-43f4-860b-af28c258b572', 1),
('339a8f6a-8866-4e27-b4fb-a06336e7a2e0', '00645f79-d9d6-4c66-bb3b-c70ceeeb5874', 'Monday', '68c24e9a-516b-460b-bb68-325cb4dac214', 0),
('41c5d29c-43d1-4688-8dcd-29bdebda005f', '00645f79-d9d6-4c66-bb3b-c70ceeeb5874', 'Monday', '3cde939f-8b96-486d-9eb5-48069fc4500f', 1),
('0128889e-4d8d-4c1a-9fe2-01482eccca12', '00645f79-d9d6-4c66-bb3b-c70ceeeb5874', 'Friday', '8e5c1cff-70c8-4231-a4ef-f82b159ff13e', 0),
('ab7d7cc7-8ae0-40ad-abdf-f807d7390f3a', '00645f79-d9d6-4c66-bb3b-c70ceeeb5874', 'Friday', '187f2a50-2a41-4950-a0da-7a0a02adc8c7', 1),
('825f3c0d-8c16-4f50-82c7-f6f0b9221311', '00645f79-d9d6-4c66-bb3b-c70ceeeb5874', 'Friday', '93ce0e09-a416-4f5e-9f3c-65f655654556', 2),
('ca2318a3-6c7a-4969-a4bd-b22807e60ce0', '00645f79-d9d6-4c66-bb3b-c70ceeeb5874', 'Friday', '0601443e-a45e-407d-9175-80436b5790fc', 3),
('e2037332-34c3-49cf-912b-c226587f8122', 'b9052d35-ca38-4f24-a0c8-6c4eabb0de15', 'Tuesday', '3cde939f-8b96-486d-9eb5-48069fc4500f', 0),
('800bac6e-9ae0-4b79-b27d-7214e103f41e', 'b9052d35-ca38-4f24-a0c8-6c4eabb0de15', 'Tuesday', '5dae54e0-5c2a-4650-88b1-9bb1ccac47c2', 1),
('4c81bcaf-e226-47a4-8462-a69c2d8a4708', 'b9052d35-ca38-4f24-a0c8-6c4eabb0de15', 'Tuesday', 'ecc4437c-e825-4bd7-a44c-70c5ded9a0c4', 2),
('e810812c-178c-4708-b565-fdc5e18d95b2', 'b9052d35-ca38-4f24-a0c8-6c4eabb0de15', 'Wednesday', '8422e2f0-8868-403e-ac6a-ab3c29a7d09b', 0),
('bd7bbe8b-951f-43e4-80e6-bcd268227db4', 'b9052d35-ca38-4f24-a0c8-6c4eabb0de15', 'Wednesday', '68f6a614-6f58-4119-8718-3a900fafb44b', 1),
('43cf832a-5b4b-47d1-b50a-9b0c2b6ce7a8', 'b9052d35-ca38-4f24-a0c8-6c4eabb0de15', 'Thursday', 'c4682790-8015-4fae-a89a-9c1dc86e01dc', 0),
('7bd85f70-e742-4c29-a546-f590470a3a92', 'b9052d35-ca38-4f24-a0c8-6c4eabb0de15', 'Friday', '98ec4595-9d44-443b-bf2a-600573e98038', 0),
('82803e54-e104-448f-b449-9fc4ad3b338e', 'b9052d35-ca38-4f24-a0c8-6c4eabb0de15', 'Friday', '6ad73d14-b410-43f4-860b-af28c258b572', 1),
('f2cdb03a-18f8-4115-9473-1a3acc4f81f6', 'b9052d35-ca38-4f24-a0c8-6c4eabb0de15', 'Saturday', 'c4682790-8015-4fae-a89a-9c1dc86e01dc', 0),
('0a406f75-e544-4293-9fca-cb3f9d29b134', 'b9052d35-ca38-4f24-a0c8-6c4eabb0de15', 'Sunday', '3b50cbc0-6530-4f18-9f24-cdde25d9ca92', 0),
('a5aa87a5-c419-458a-9ee6-d025763ccd37', 'b9052d35-ca38-4f24-a0c8-6c4eabb0de15', 'Sunday', '4ad590b7-5521-445a-a17a-25fb956561d0', 1),
('932e8ee3-3bd9-4655-8b57-2a0e2b23ab45', 'b9052d35-ca38-4f24-a0c8-6c4eabb0de15', 'Sunday', '93ce0e09-a416-4f5e-9f3c-65f655654556', 2),
('0cd8b7c6-6858-41b9-a47e-89b881879c37', 'b9052d35-ca38-4f24-a0c8-6c4eabb0de15', 'Monday', '65788a41-be9f-4301-8761-aa26cadf5989', 0),
('132f8d1a-e157-4505-bff2-d0e51407c8e3', 'b9052d35-ca38-4f24-a0c8-6c4eabb0de15', 'Monday', '8c3f77a3-1d27-47b7-9785-119e805d4786', 1),
('dccaecc8-4d53-4a2a-8ef9-85b7aaaf7800', 'f7cd24bb-8147-4070-899a-5eef9091327b', 'Sunday', '65788a41-be9f-4301-8761-aa26cadf5989', 0),
('c47a3dde-48e2-4371-80e0-a52b5a323f84', 'f7cd24bb-8147-4070-899a-5eef9091327b', 'Sunday', '8c3f77a3-1d27-47b7-9785-119e805d4786', 1),
('20b2e107-0168-4173-8c31-04a56f750647', 'f7cd24bb-8147-4070-899a-5eef9091327b', 'Monday', '3b50cbc0-6530-4f18-9f24-cdde25d9ca92', 0),
('16100f81-25d1-4e93-beef-165e880d5bd0', 'f7cd24bb-8147-4070-899a-5eef9091327b', 'Monday', '4ad590b7-5521-445a-a17a-25fb956561d0', 1),
('b733e868-40e1-4f8d-a218-bb7dff4b9c7a', 'f7cd24bb-8147-4070-899a-5eef9091327b', 'Monday', '93ce0e09-a416-4f5e-9f3c-65f655654556', 2),
('70f8244d-85c4-4ad7-99b8-8bcec361f167', 'f7cd24bb-8147-4070-899a-5eef9091327b', 'Friday', '98ec4595-9d44-443b-bf2a-600573e98038', 0),
('ba6f90eb-1b16-4207-a8e1-b5cd59ec4b02', 'f7cd24bb-8147-4070-899a-5eef9091327b', 'Friday', '6ad73d14-b410-43f4-860b-af28c258b572', 1),
('19df89f8-718a-41bf-bba0-cc34cf0661cb', 'f7cd24bb-8147-4070-899a-5eef9091327b', 'Saturday', '68805a5a-9ff1-40cf-9aab-b31a0918e6a1', 0),
('2bac6872-b01b-49e3-a9d0-a68b492bc743', 'f7cd24bb-8147-4070-899a-5eef9091327b', 'Saturday', 'c155d19c-abd0-4af2-befb-49a33baeef8b', 1),
('08d6b590-f190-444e-8410-749fec8e6854', 'f7cd24bb-8147-4070-899a-5eef9091327b', 'Tuesday', '7ba471c1-f880-4e4b-9558-2c191a19fca0', 0),
('39d9effa-c91e-45e9-bc74-5eda92d3098b', 'f7cd24bb-8147-4070-899a-5eef9091327b', 'Tuesday', '39159244-32b8-40dd-b953-2649ad8e725c', 1),
('0d037497-1b17-49fc-8178-b4fab1b77b8a', 'f7cd24bb-8147-4070-899a-5eef9091327b', 'Wednesday', '60b7330c-3878-45b6-8d49-3e0e8e04042c', 0),
('8dbd5928-52a0-4fa6-b0c0-0ad202d10da6', 'f7cd24bb-8147-4070-899a-5eef9091327b', 'Wednesday', '68c24e9a-516b-460b-bb68-325cb4dac214', 1),
('2aa369a9-a020-4269-b7b9-550b690ca090', 'f7cd24bb-8147-4070-899a-5eef9091327b', 'Thursday', '767da9be-2a4a-49bf-bfcb-3b00e2791336', 0),
('0f352836-453e-42ee-a0c2-8c3fb1b6c13e', 'f7cd24bb-8147-4070-899a-5eef9091327b', 'Thursday', '71b6aafc-2c09-4ca3-b409-298750d4f350', 1),
('f4f66703-f60c-4141-8b1f-605bd4d4cf8a', 'f7cd24bb-8147-4070-899a-5eef9091327b', 'Thursday', 'b553e1bf-987f-438f-b7af-8126d2f496c4', 2),
('44b1e3a9-4f40-4b4a-895d-03ea89f293dc', '5ba4246b-9a68-41c3-9e2e-15db1410af50', 'Friday', '98ec4595-9d44-443b-bf2a-600573e98038', 0),
('1e946954-6f44-496e-a108-9ee087620f55', '5ba4246b-9a68-41c3-9e2e-15db1410af50', 'Friday', '6ad73d14-b410-43f4-860b-af28c258b572', 1),
('becb0252-2f31-4d11-b902-cb50b2287588', '5ba4246b-9a68-41c3-9e2e-15db1410af50', 'Saturday', '6b538256-8b33-467e-935a-112ef80756b9', 0),
('d62a1345-add9-4635-8df6-fc4b7c441959', '5ba4246b-9a68-41c3-9e2e-15db1410af50', 'Saturday', '8cd5c74b-8932-467a-99b9-4dc99671bd15', 1),
('fd13bd37-e90a-4916-b25f-73180c97db14', '5ba4246b-9a68-41c3-9e2e-15db1410af50', 'Saturday', '151ea5c0-81c1-4567-90f3-3011cda1fe16', 2),
('8664f98d-61c4-45e1-b7cd-d475d2370e92', '5ba4246b-9a68-41c3-9e2e-15db1410af50', 'Saturday', '8aa128ba-8563-4713-838d-c4e1dfc3c5f4', 3),
('65b6dcde-4313-4874-9086-af3ec0147182', '5ba4246b-9a68-41c3-9e2e-15db1410af50', 'Saturday', 'c9981269-d5e1-4526-9520-18628b3da681', 4),
('01e03264-8064-492b-be77-cb66fa5040b3', '5ba4246b-9a68-41c3-9e2e-15db1410af50', 'Sunday', '60b7330c-3878-45b6-8d49-3e0e8e04042c', 0),
('1d4ebd5f-4108-4bb3-b4c3-9b834d8b2be6', '5ba4246b-9a68-41c3-9e2e-15db1410af50', 'Sunday', '2794c4f5-ce88-45f9-b482-367072c8e0ee', 1),
('9a35145d-cdca-4fda-a8e8-b646e7fbafae', '5ba4246b-9a68-41c3-9e2e-15db1410af50', 'Monday', '65788a41-be9f-4301-8761-aa26cadf5989', 0),
('4bfddd71-7b92-431e-a946-48aa5d22d629', '5ba4246b-9a68-41c3-9e2e-15db1410af50', 'Monday', 'd8368525-0ea2-4bf3-b47f-a7ab86d4fa2b', 1),
('074a0883-f43c-4d79-bfc9-5824bcd43b9b', '5ba4246b-9a68-41c3-9e2e-15db1410af50', 'Monday', 'bec7d7df-04b5-4a22-aa57-515052798915', 2),
('bef5422e-b6fc-46c8-9562-686574d1a1db', '5ba4246b-9a68-41c3-9e2e-15db1410af50', 'Tuesday', '3cde939f-8b96-486d-9eb5-48069fc4500f', 0),
('55a9c2ba-77b2-4f66-85fd-5b22d7370b4a', '5ba4246b-9a68-41c3-9e2e-15db1410af50', 'Tuesday', '46754eae-a571-4a46-9f5f-c18d6467a22a', 1),
('81d7a1ba-74b5-4dd4-b7a1-579fdd4651d8', '5ba4246b-9a68-41c3-9e2e-15db1410af50', 'Tuesday', '5dae54e0-5c2a-4650-88b1-9bb1ccac47c2', 2),
('a0a421b0-7a49-4d55-b2ed-f233bc09f528', '5ba4246b-9a68-41c3-9e2e-15db1410af50', 'Wednesday', 'c587d9a2-6fa7-4685-9a2c-1b5de13ed058', 0),
('33bd86ca-d079-4141-aee5-e3e984c66ac7', '5ba4246b-9a68-41c3-9e2e-15db1410af50', 'Wednesday', '07e6a1f6-e712-4347-b377-698e68e4e3bb', 1),
('82ebc9cc-47b0-4b3d-937c-ee74bd3e185b', '5ba4246b-9a68-41c3-9e2e-15db1410af50', 'Thursday', '3b50cbc0-6530-4f18-9f24-cdde25d9ca92', 0),
('7c9770ec-5a9a-4550-bf2f-e74144095442', '5ba4246b-9a68-41c3-9e2e-15db1410af50', 'Thursday', '4ad590b7-5521-445a-a17a-25fb956561d0', 1),
('bdc5c246-a675-40b2-8a36-16151a8bb8d3', '5ba4246b-9a68-41c3-9e2e-15db1410af50', 'Thursday', '93ce0e09-a416-4f5e-9f3c-65f655654556', 2),
('76625651-cf0e-4f25-9d39-3185b1305e54', 'cce60af3-8a89-445b-a711-d82fb01d0b1b', 'Tuesday', '9f90fcc5-6dbd-432b-88e3-76331e710b6e', 0),
('8d828f8d-9ed4-4756-a701-d2f3a8a2f262', 'cce60af3-8a89-445b-a711-d82fb01d0b1b', 'Tuesday', 'cc00c42a-38b1-463a-81c7-706ce2af8f5e', 1),
('09bb485d-e295-4cc6-a923-eeeb9305d8ce', 'cce60af3-8a89-445b-a711-d82fb01d0b1b', 'Tuesday', '3272d163-94ee-4537-b34e-8f4586ba9979', 2),
('b7c263ed-3c71-4b4c-8535-fb1ee625a3e5', 'cce60af3-8a89-445b-a711-d82fb01d0b1b', 'Friday', '98ec4595-9d44-443b-bf2a-600573e98038', 0),
('6e15d043-e16f-41e1-9920-84b6c1a54e43', 'cce60af3-8a89-445b-a711-d82fb01d0b1b', 'Friday', '6ad73d14-b410-43f4-860b-af28c258b572', 1),
('dc68d6d5-1a38-40d1-bc02-bed2958472fb', 'cce60af3-8a89-445b-a711-d82fb01d0b1b', 'Thursday', '8eb11cbf-aee6-4cc3-af17-62a28691df34', 0),
('ab662dae-c7b3-4b82-acc7-ccbc1fc9c6e4', 'cce60af3-8a89-445b-a711-d82fb01d0b1b', 'Thursday', 'b7d72b95-aadd-4f94-a3c0-35a062d1fc89', 1),
('2f890d85-04a6-4efd-9f54-ee4f9d85521f', 'cce60af3-8a89-445b-a711-d82fb01d0b1b', 'Thursday', '60b7330c-3878-45b6-8d49-3e0e8e04042c', 2),
('fc061c5f-3a35-4b5e-a711-d3da54f5819b', 'cce60af3-8a89-445b-a711-d82fb01d0b1b', 'Sunday', '46b923dc-5ae3-40f1-b411-65ec540b9181', 0),
('19aa4ba2-2529-4a72-9777-9d5fa2f755ef', 'cce60af3-8a89-445b-a711-d82fb01d0b1b', 'Sunday', '4ad590b7-5521-445a-a17a-25fb956561d0', 1),
('98e4c040-e5e7-476e-8a3e-4f202b195529', 'cce60af3-8a89-445b-a711-d82fb01d0b1b', 'Sunday', '93ce0e09-a416-4f5e-9f3c-65f655654556', 2),
('5b389466-24f1-4976-adfe-aae2671203a3', 'cce60af3-8a89-445b-a711-d82fb01d0b1b', 'Saturday', '65788a41-be9f-4301-8761-aa26cadf5989', 0),
('cfa5dc50-1a99-44cd-a771-3223d58021f2', 'cce60af3-8a89-445b-a711-d82fb01d0b1b', 'Saturday', '8c3f77a3-1d27-47b7-9785-119e805d4786', 1),
('13704061-a5f4-4460-b83a-319106207d76', 'cce60af3-8a89-445b-a711-d82fb01d0b1b', 'Wednesday', 'c587d9a2-6fa7-4685-9a2c-1b5de13ed058', 0),
('e90b8232-5eb3-4bb2-ae8f-b80e90cc7a31', 'cce60af3-8a89-445b-a711-d82fb01d0b1b', 'Wednesday', '65788a41-be9f-4301-8761-aa26cadf5989', 1),
('466e7b07-c42c-4ccf-9332-0200d87e4762', 'cce60af3-8a89-445b-a711-d82fb01d0b1b', 'Monday', '68805a5a-9ff1-40cf-9aab-b31a0918e6a1', 0),
('c04f2c16-2df8-493e-a782-586def8ab6d7', 'cce60af3-8a89-445b-a711-d82fb01d0b1b', 'Monday', 'c155d19c-abd0-4af2-befb-49a33baeef8b', 1),
('ca318dda-8fed-4fce-9225-04b74b472312', '9f7f962f-19c8-4144-8479-25f013cf32f3', 'Monday', 'd48dc54c-5730-4c43-871e-f2f2c758bea5', 0),
('b6933f50-b37a-442f-85c8-8ef3d8a8774e', '9f7f962f-19c8-4144-8479-25f013cf32f3', 'Tuesday', '60b7330c-3878-45b6-8d49-3e0e8e04042c', 0),
('deb5b1c5-5241-4024-ac99-8ddb8ee135be', '9f7f962f-19c8-4144-8479-25f013cf32f3', 'Tuesday', '68c24e9a-516b-460b-bb68-325cb4dac214', 1),
('a8b80a6b-3eb1-4179-a31c-71b4cc8bc8b8', '9f7f962f-19c8-4144-8479-25f013cf32f3', 'Wednesday', '3cde939f-8b96-486d-9eb5-48069fc4500f', 0),
('866982d8-6a83-43c8-8e34-f2ddabac04a0', '9f7f962f-19c8-4144-8479-25f013cf32f3', 'Wednesday', '5dae54e0-5c2a-4650-88b1-9bb1ccac47c2', 1),
('e585dcf7-d655-402a-9c18-24c24cc8610e', '9f7f962f-19c8-4144-8479-25f013cf32f3', 'Wednesday', 'ecc4437c-e825-4bd7-a44c-70c5ded9a0c4', 2),
('9cc3489b-e2c5-4b46-9da2-38784709365d', '9f7f962f-19c8-4144-8479-25f013cf32f3', 'Thursday', 'c587d9a2-6fa7-4685-9a2c-1b5de13ed058', 0),
('45d1cf6b-35f1-401c-b999-ea66a9dd5419', '9f7f962f-19c8-4144-8479-25f013cf32f3', 'Thursday', '65788a41-be9f-4301-8761-aa26cadf5989', 1),
('07667021-4dd2-4edb-9ade-16e7b85c165f', '9f7f962f-19c8-4144-8479-25f013cf32f3', 'Friday', '98ec4595-9d44-443b-bf2a-600573e98038', 0),
('09a57535-8bdc-4fda-ab13-218bd183ad98', '9f7f962f-19c8-4144-8479-25f013cf32f3', 'Friday', '6ad73d14-b410-43f4-860b-af28c258b572', 1),
('ec5c5948-f062-44a9-ae3d-d21e27df3677', '9f7f962f-19c8-4144-8479-25f013cf32f3', 'Saturday', 'c4682790-8015-4fae-a89a-9c1dc86e01dc', 0),
('0d51ae32-fae1-4ab8-95d8-2d34a343781d', '9f7f962f-19c8-4144-8479-25f013cf32f3', 'Sunday', '46b923dc-5ae3-40f1-b411-65ec540b9181', 0),
('b765a273-429c-4c87-a64a-75d0a49cba0c', '9f7f962f-19c8-4144-8479-25f013cf32f3', 'Sunday', '4ad590b7-5521-445a-a17a-25fb956561d0', 1),
('01832c1a-cacc-450d-abc1-1ec00bdbdcbe', '9f7f962f-19c8-4144-8479-25f013cf32f3', 'Sunday', '93ce0e09-a416-4f5e-9f3c-65f655654556', 2),
('0789120e-6fe7-4346-9c5c-e03ba99371fd', 'af3fbcc8-8c57-4dba-9b53-aa539326a6df', 'Wednesday', '7c796521-16b4-4006-90d6-6bab591e4bd1', 0),
('e0d94164-5e72-494c-9449-c259cb96e8db', 'af3fbcc8-8c57-4dba-9b53-aa539326a6df', 'Wednesday', '0e55e08e-8e85-440a-aa9e-059d7f61be25', 1),
('f88c5cfe-ff79-4d5d-84e3-50374c603015', 'af3fbcc8-8c57-4dba-9b53-aa539326a6df', 'Wednesday', '58407610-1d37-4886-9350-3f45165e3fde', 2),
('fa1896f3-770d-4bc3-bde0-130390205589', 'af3fbcc8-8c57-4dba-9b53-aa539326a6df', 'Saturday', 'c587d9a2-6fa7-4685-9a2c-1b5de13ed058', 0),
('63dce985-77fe-4147-b777-ec0b3727dbba', 'af3fbcc8-8c57-4dba-9b53-aa539326a6df', 'Saturday', '07e6a1f6-e712-4347-b377-698e68e4e3bb', 1),
('6c46ff68-51ee-4f5d-bfe1-cf336f0a3cd3', 'af3fbcc8-8c57-4dba-9b53-aa539326a6df', 'Tuesday', 'd48dc54c-5730-4c43-871e-f2f2c758bea5', 0),
('d50a517b-3991-424e-a097-ddae028035aa', 'af3fbcc8-8c57-4dba-9b53-aa539326a6df', 'Tuesday', '65788a41-be9f-4301-8761-aa26cadf5989', 1),
('f82179d6-5b49-4813-b70b-6e28ca870e98', 'af3fbcc8-8c57-4dba-9b53-aa539326a6df', 'Sunday', '43739412-2b08-40a4-bbff-9eabba4261b3', 0),
('dedd47ab-1b7c-4b8d-9370-03fee6a21f03', 'af3fbcc8-8c57-4dba-9b53-aa539326a6df', 'Sunday', 'f500fd57-4233-4136-b728-3c50c8e02bb4', 1),
('92e7de50-9fe2-47d0-bdad-4218652bc252', 'af3fbcc8-8c57-4dba-9b53-aa539326a6df', 'Sunday', '3e232d97-2927-48f8-a6d1-9458cced09a0', 2),
('283ae757-e728-4994-b47a-cf3a2ecf20a9', 'af3fbcc8-8c57-4dba-9b53-aa539326a6df', 'Sunday', 'b7d72b95-aadd-4f94-a3c0-35a062d1fc89', 3),
('4792f093-16cf-4c15-8070-dbf824b57267', 'af3fbcc8-8c57-4dba-9b53-aa539326a6df', 'Monday', '5dae54e0-5c2a-4650-88b1-9bb1ccac47c2', 0),
('6240ee7d-80dd-4cd2-8f8b-86ce28cf1b5c', 'af3fbcc8-8c57-4dba-9b53-aa539326a6df', 'Monday', 'ecc4437c-e825-4bd7-a44c-70c5ded9a0c4', 1),
('6f606fc5-a6ba-4284-b8fe-4432cbbb6829', 'af3fbcc8-8c57-4dba-9b53-aa539326a6df', 'Monday', 'f67df254-48d8-4429-b993-f98b246c5854', 2),
('01482e01-e2e1-497d-9c5b-307de72991ff', 'af3fbcc8-8c57-4dba-9b53-aa539326a6df', 'Thursday', '50ac0e48-33d8-4ccf-bed6-f7b135d9f31c', 0),
('03f11575-c101-4b60-a377-1429198a45be', 'af3fbcc8-8c57-4dba-9b53-aa539326a6df', 'Thursday', '60b7330c-3878-45b6-8d49-3e0e8e04042c', 1),
('71febcf6-35d2-4678-af0b-ff3e8043a568', 'af3fbcc8-8c57-4dba-9b53-aa539326a6df', 'Friday', '3b50cbc0-6530-4f18-9f24-cdde25d9ca92', 0),
('a292a911-269a-43ab-9496-50a1d2991d7d', 'af3fbcc8-8c57-4dba-9b53-aa539326a6df', 'Friday', '4ad590b7-5521-445a-a17a-25fb956561d0', 1),
('b046f031-6c21-41b6-a908-3a4545bf0994', 'af3fbcc8-8c57-4dba-9b53-aa539326a6df', 'Friday', '93ce0e09-a416-4f5e-9f3c-65f655654556', 2),
('712e05b6-7a8c-4371-a79c-327575003b66', '4f54dacf-8e62-4205-8ef5-5583931debf0', 'Friday', '98ec4595-9d44-443b-bf2a-600573e98038', 0),
('df874f55-1cc5-4bc7-bd53-c047f5be6720', '4f54dacf-8e62-4205-8ef5-5583931debf0', 'Friday', '6ad73d14-b410-43f4-860b-af28c258b572', 1),
('39e1e9bd-8f25-40a2-b3f9-b8f6413fd69f', '4f54dacf-8e62-4205-8ef5-5583931debf0', 'Saturday', '77481658-b218-4e92-bf68-e37e75566954', 0),
('889f1675-0e22-4a54-acad-2f3c02b7026f', '4f54dacf-8e62-4205-8ef5-5583931debf0', 'Sunday', '8e5c1cff-70c8-4231-a4ef-f82b159ff13e', 0),
('03099a2d-e6b9-4cb5-80ed-e643da01fdb0', '4f54dacf-8e62-4205-8ef5-5583931debf0', 'Sunday', '46754eae-a571-4a46-9f5f-c18d6467a22a', 1),
('45cae1ac-dcbf-4e5a-b0bd-549f5e857cad', '4f54dacf-8e62-4205-8ef5-5583931debf0', 'Sunday', '5dae54e0-5c2a-4650-88b1-9bb1ccac47c2', 2),
('901a45bf-83fc-4516-8c22-efc528b1cf48', '4f54dacf-8e62-4205-8ef5-5583931debf0', 'Monday', '0f4c7557-8275-47a3-869f-eb5970152798', 0),
('449a83c3-fa3a-4ab9-9923-8f2561fcd9d5', '4f54dacf-8e62-4205-8ef5-5583931debf0', 'Monday', '4ad590b7-5521-445a-a17a-25fb956561d0', 1),
('6dc3f9ad-be10-45fb-8b3e-77a18b073705', '4f54dacf-8e62-4205-8ef5-5583931debf0', 'Monday', '93ce0e09-a416-4f5e-9f3c-65f655654556', 2),
('7e105884-f23d-4a61-9a63-8773cedefcdc', '4f54dacf-8e62-4205-8ef5-5583931debf0', 'Monday', '46b923dc-5ae3-40f1-b411-65ec540b9181', 3),
('7091d78d-206b-47e3-9de2-b2f247d024b7', '4f54dacf-8e62-4205-8ef5-5583931debf0', 'Tuesday', '21367208-fcf2-4bf5-aade-8b9225094f52', 0),
('25219ae1-8702-40e0-b742-274940e6ee31', 'd2ab6db9-0190-42d0-9c27-774cf11a38f4', 'Wednesday', 'd8368525-0ea2-4bf3-b47f-a7ab86d4fa2b', 0),
('dce67627-93d2-4bde-ade7-2c1f26c39f57', 'd2ab6db9-0190-42d0-9c27-774cf11a38f4', 'Wednesday', '233919b4-60c7-4333-ad41-02a68d3f2883', 1),
('0c72eaa2-44cf-4407-b917-0295abb66b3f', 'd2ab6db9-0190-42d0-9c27-774cf11a38f4', 'Wednesday', '65788a41-be9f-4301-8761-aa26cadf5989', 2),
('8163b529-e2e3-46fc-9abf-ff5a8da66130', 'd2ab6db9-0190-42d0-9c27-774cf11a38f4', 'Thursday', '3b50cbc0-6530-4f18-9f24-cdde25d9ca92', 0),
('30069b71-2d5a-4506-bb75-b6ebea9d0dc6', 'd2ab6db9-0190-42d0-9c27-774cf11a38f4', 'Thursday', '4ad590b7-5521-445a-a17a-25fb956561d0', 1),
('d7f3c112-fb61-4fca-9a99-cb2a2639df00', 'd2ab6db9-0190-42d0-9c27-774cf11a38f4', 'Thursday', '93ce0e09-a416-4f5e-9f3c-65f655654556', 2),
('cc8b7393-3587-40ee-9229-e20bb6314799', 'd2ab6db9-0190-42d0-9c27-774cf11a38f4', 'Friday', '98ec4595-9d44-443b-bf2a-600573e98038', 0),
('82911ba1-ce22-4dcc-9357-c5d6cc096df7', 'd2ab6db9-0190-42d0-9c27-774cf11a38f4', 'Friday', '6ad73d14-b410-43f4-860b-af28c258b572', 1),
('dbe316c0-83f8-4a25-952d-199579f5ffbe', 'd2ab6db9-0190-42d0-9c27-774cf11a38f4', 'Saturday', 'c4682790-8015-4fae-a89a-9c1dc86e01dc', 0),
('f3d7edc6-4493-4e4e-a46b-00e26bc627d8', 'd2ab6db9-0190-42d0-9c27-774cf11a38f4', 'Sunday', '3011ee19-4c55-4d2a-b922-bb83f221e1a9', 0),
('f73c9537-1d72-4e71-b8d5-d97966ad1bf7', 'd2ab6db9-0190-42d0-9c27-774cf11a38f4', 'Sunday', 'd6cfff8e-d5ce-41b6-91c5-945cc7445812', 1),
('9c35cdf5-06aa-4076-9959-412adf98bf44', 'd2ab6db9-0190-42d0-9c27-774cf11a38f4', 'Sunday', '07e6a1f6-e712-4347-b377-698e68e4e3bb', 2),
('fef226d9-46ba-421d-a4b2-7509e00892ba', 'd2ab6db9-0190-42d0-9c27-774cf11a38f4', 'Sunday', '5c843f47-f67d-439b-ac6d-05d54fc053ac', 3),
('eb6ac732-91ea-44b5-b7ec-59be301df89e', 'd2ab6db9-0190-42d0-9c27-774cf11a38f4', 'Monday', '60b7330c-3878-45b6-8d49-3e0e8e04042c', 0),
('fc8b3ed9-3413-41cc-af45-788f9e3a7734', 'd2ab6db9-0190-42d0-9c27-774cf11a38f4', 'Monday', '2794c4f5-ce88-45f9-b482-367072c8e0ee', 1),
('43ecf00f-f121-4946-ba05-a3d55dbe5210', 'd2ab6db9-0190-42d0-9c27-774cf11a38f4', 'Tuesday', '7ba471c1-f880-4e4b-9558-2c191a19fca0', 0),
('d73f6a66-cd5d-41b2-8747-819d33209125', 'd2ab6db9-0190-42d0-9c27-774cf11a38f4', 'Tuesday', '39159244-32b8-40dd-b953-2649ad8e725c', 1),
('d249b5fc-3812-4f5c-a8a2-d0b2a859b729', 'd607fb6e-a655-47f2-8dbf-af4c9a8f0d8d', 'Monday', '46754eae-a571-4a46-9f5f-c18d6467a22a', 0),
('93d9f179-740c-49b4-ba74-ed100d860d62', 'd607fb6e-a655-47f2-8dbf-af4c9a8f0d8d', 'Monday', '5dae54e0-5c2a-4650-88b1-9bb1ccac47c2', 1),
('86b539c0-33bb-4f7f-bbeb-a0f121f78e56', 'd607fb6e-a655-47f2-8dbf-af4c9a8f0d8d', 'Monday', 'f67df254-48d8-4429-b993-f98b246c5854', 2),
('8157911f-8ab8-4f1d-b772-413faf6c7693', 'd607fb6e-a655-47f2-8dbf-af4c9a8f0d8d', 'Tuesday', '8422e2f0-8868-403e-ac6a-ab3c29a7d09b', 0),
('a9614f8b-725a-46bf-b073-56794ca80ab6', 'd607fb6e-a655-47f2-8dbf-af4c9a8f0d8d', 'Wednesday', '4ad590b7-5521-445a-a17a-25fb956561d0', 0),
('8e463c29-fc24-4234-8558-6108df9b79a9', 'd607fb6e-a655-47f2-8dbf-af4c9a8f0d8d', 'Wednesday', '93ce0e09-a416-4f5e-9f3c-65f655654556', 1),
('1dda828d-d7a6-45d4-85d6-fba1b421c7cc', 'd607fb6e-a655-47f2-8dbf-af4c9a8f0d8d', 'Wednesday', '3b50cbc0-6530-4f18-9f24-cdde25d9ca92', 2),
('2a32c28c-af90-48b8-bf36-a36ea2a101ad', 'd607fb6e-a655-47f2-8dbf-af4c9a8f0d8d', 'Thursday', 'b3ab426f-c3bd-4a87-b977-2927b3cd248f', 0),
('6e8032ca-e21d-4c90-94f4-e78b58633fe0', 'd607fb6e-a655-47f2-8dbf-af4c9a8f0d8d', 'Thursday', '21809b00-3873-4c07-b8eb-eebb58b1c101', 1),
('3c59f87c-bd5f-4348-bdd1-ac86b0048f24', 'd607fb6e-a655-47f2-8dbf-af4c9a8f0d8d', 'Thursday', '204f3689-436b-4dd4-91fa-f65a6d3649c1', 2),
('53ee2df6-1abc-41e4-aaf9-161dad2fd6eb', 'd607fb6e-a655-47f2-8dbf-af4c9a8f0d8d', 'Friday', '98ec4595-9d44-443b-bf2a-600573e98038', 0),
('02a37c84-53d0-4ba0-abc0-2dc255534c8c', 'd607fb6e-a655-47f2-8dbf-af4c9a8f0d8d', 'Friday', '6ad73d14-b410-43f4-860b-af28c258b572', 1),
('1ca073f4-92d6-489c-ace3-11e9350774f2', 'd607fb6e-a655-47f2-8dbf-af4c9a8f0d8d', 'Saturday', '8c3f77a3-1d27-47b7-9785-119e805d4786', 0),
('9d451a2d-11a1-4318-addd-d90c6f6a44d1', 'd607fb6e-a655-47f2-8dbf-af4c9a8f0d8d', 'Saturday', '65788a41-be9f-4301-8761-aa26cadf5989', 1),
('e38ea8cc-7c7a-45cd-8aeb-70497b203358', 'd607fb6e-a655-47f2-8dbf-af4c9a8f0d8d', 'Sunday', '68c24e9a-516b-460b-bb68-325cb4dac214', 0),
('c42cc477-a97b-4941-86d7-0a4117695373', 'd607fb6e-a655-47f2-8dbf-af4c9a8f0d8d', 'Sunday', '60b7330c-3878-45b6-8d49-3e0e8e04042c', 1),
('5ad93799-f009-44fc-ab00-ebbe51bee9a3', '37f7ea58-c595-4290-bd30-99449ca4b89c', 'Wednesday', 'de8107ab-2858-4b7c-b7fc-caebc1d7283c', 0),
('e5ec93ed-ed52-4bf2-ae96-408e61d1b93a', '37f7ea58-c595-4290-bd30-99449ca4b89c', 'Wednesday', 'cd207502-9106-4a7c-b742-8e9b65ae79a6', 1),
('1f49d6e6-2467-48d7-9bde-24c8042ea0c5', '37f7ea58-c595-4290-bd30-99449ca4b89c', 'Wednesday', '60b7330c-3878-45b6-8d49-3e0e8e04042c', 2),
('f76748e8-0e3d-446e-bd2e-cac8316994bd', '37f7ea58-c595-4290-bd30-99449ca4b89c', 'Thursday', '3011ee19-4c55-4d2a-b922-bb83f221e1a9', 0),
('f1ff957d-da1d-4afa-9a1b-14028b330760', '37f7ea58-c595-4290-bd30-99449ca4b89c', 'Thursday', '5c843f47-f67d-439b-ac6d-05d54fc053ac', 1),
('b3bd196e-5699-413d-b55d-fee9c2d391e7', '37f7ea58-c595-4290-bd30-99449ca4b89c', 'Thursday', '65788a41-be9f-4301-8761-aa26cadf5989', 2),
('b4e1e9dd-a018-4c4e-8f2b-e4381e0c7ce2', '37f7ea58-c595-4290-bd30-99449ca4b89c', 'Friday', '98ec4595-9d44-443b-bf2a-600573e98038', 0),
('cd11835f-c9de-4972-a632-339e16840014', '37f7ea58-c595-4290-bd30-99449ca4b89c', 'Friday', '6ad73d14-b410-43f4-860b-af28c258b572', 1),
('c5541290-0ca1-479e-8903-dfda1d03155f', '37f7ea58-c595-4290-bd30-99449ca4b89c', 'Sunday', '3b50cbc0-6530-4f18-9f24-cdde25d9ca92', 0),
('7ffab7d5-2162-4b3e-8531-6d7e4d993996', '37f7ea58-c595-4290-bd30-99449ca4b89c', 'Sunday', '4ad590b7-5521-445a-a17a-25fb956561d0', 1),
('5811b032-ddb3-4a5c-a69f-570768ce0f49', '37f7ea58-c595-4290-bd30-99449ca4b89c', 'Sunday', '93ce0e09-a416-4f5e-9f3c-65f655654556', 2),
('ba898f66-9f2f-4bff-9991-3b6c0480d91a', '37f7ea58-c595-4290-bd30-99449ca4b89c', 'Monday', '8422e2f0-8868-403e-ac6a-ab3c29a7d09b', 0),
('3ec76ae3-d85a-4bd6-bf04-1a664715c229', '37f7ea58-c595-4290-bd30-99449ca4b89c', 'Saturday', '8aa128ba-8563-4713-838d-c4e1dfc3c5f4', 0),
('c7664efd-a0a2-4f40-8c85-db859c43120f', '37f7ea58-c595-4290-bd30-99449ca4b89c', 'Saturday', '68846bd2-3fc0-499b-8d19-d87a2dcf028d', 1),
('7d52eb2e-deba-4a9b-90aa-490214cfae7d', '37f7ea58-c595-4290-bd30-99449ca4b89c', 'Saturday', '151ea5c0-81c1-4567-90f3-3011cda1fe16', 2),
('ccb3e00d-084f-4e9c-921f-327f1e1fad77', '37f7ea58-c595-4290-bd30-99449ca4b89c', 'Saturday', '8cd5c74b-8932-467a-99b9-4dc99671bd15', 3),
('1b0be18d-a74a-46ea-bc9c-1d8dc37590d2', '37f7ea58-c595-4290-bd30-99449ca4b89c', 'Saturday', 'b553e1bf-987f-438f-b7af-8126d2f496c4', 4),
('d813290f-af8b-4a02-98ef-042ee8632e0f', '37f7ea58-c595-4290-bd30-99449ca4b89c', 'Tuesday', '65788a41-be9f-4301-8761-aa26cadf5989', 0),
('e4e38d42-71f3-40f5-8e2f-ac121b83edb2', '37f7ea58-c595-4290-bd30-99449ca4b89c', 'Tuesday', 'd8368525-0ea2-4bf3-b47f-a7ab86d4fa2b', 1),
('a3af7aa9-daf2-4e8b-8ac1-8eab6bca00e1', '37f7ea58-c595-4290-bd30-99449ca4b89c', 'Tuesday', 'bec7d7df-04b5-4a22-aa57-515052798915', 2),
('3fea6e87-2a4b-4733-80d2-3b6b72671112', 'f0281de7-7cb7-4c73-9be7-f9c4e62ec613', 'Monday', '46754eae-a571-4a46-9f5f-c18d6467a22a', 0),
('9a7a964a-84f8-41e5-a937-bd5e5e84832a', 'f0281de7-7cb7-4c73-9be7-f9c4e62ec613', 'Monday', '3e232d97-2927-48f8-a6d1-9458cced09a0', 1),
('2c0ba844-3502-420c-b4fa-0a78f9135d0c', 'f0281de7-7cb7-4c73-9be7-f9c4e62ec613', 'Tuesday', '65788a41-be9f-4301-8761-aa26cadf5989', 0),
('0bb9cdfd-c948-448e-83d7-8172557279b9', 'f0281de7-7cb7-4c73-9be7-f9c4e62ec613', 'Tuesday', '4e7aaec7-005b-464b-90c0-ba746c754b8b', 1),
('0b8e21e2-f5f6-4a98-97af-471fc42320bc', 'f0281de7-7cb7-4c73-9be7-f9c4e62ec613', 'Wednesday', '3011ee19-4c55-4d2a-b922-bb83f221e1a9', 0),
('99d29953-5a03-4258-b24d-c85eafda6fd2', 'f0281de7-7cb7-4c73-9be7-f9c4e62ec613', 'Wednesday', '676dc102-8ae4-4d5c-a51e-e23e17d38f46', 1),
('151f899c-a499-4b25-adee-f1028ff23d7b', 'f0281de7-7cb7-4c73-9be7-f9c4e62ec613', 'Thursday', '60b7330c-3878-45b6-8d49-3e0e8e04042c', 0),
('83a1e39a-b969-43cb-a556-15f170faaee3', 'f0281de7-7cb7-4c73-9be7-f9c4e62ec613', 'Thursday', '68c24e9a-516b-460b-bb68-325cb4dac214', 1),
('9b9324da-ad6b-45bb-9fdd-035b01b3550b', 'f0281de7-7cb7-4c73-9be7-f9c4e62ec613', 'Friday', '98ec4595-9d44-443b-bf2a-600573e98038', 0),
('78ac64dc-0f64-4886-aff0-5119b7356ea5', 'f0281de7-7cb7-4c73-9be7-f9c4e62ec613', 'Friday', '6ad73d14-b410-43f4-860b-af28c258b572', 1),
('c874a12a-87f3-4092-aa88-512b4b1a1f23', 'f0281de7-7cb7-4c73-9be7-f9c4e62ec613', 'Saturday', 'c4682790-8015-4fae-a89a-9c1dc86e01dc', 0),
('6f7c11c3-3a44-41b1-911c-5226a9369f7d', 'f0281de7-7cb7-4c73-9be7-f9c4e62ec613', 'Sunday', '3b50cbc0-6530-4f18-9f24-cdde25d9ca92', 0),
('ff87970c-e432-465a-bf96-c786f0e09846', 'f0281de7-7cb7-4c73-9be7-f9c4e62ec613', 'Sunday', '4ad590b7-5521-445a-a17a-25fb956561d0', 1),
('ec69dc73-2b32-4e10-b78c-84f1f483cced', 'f0281de7-7cb7-4c73-9be7-f9c4e62ec613', 'Sunday', '93ce0e09-a416-4f5e-9f3c-65f655654556', 2),
('6e69b419-675a-4ce8-bf38-7784f1469daa', 'eda92234-ddfe-40e3-83cf-bda095d7b39d', 'Wednesday', 'c41cd1df-6a60-4bc1-88c2-857a2e20d7a7', 0),
('37a974c6-e692-45c9-8350-141239f24f85', 'eda92234-ddfe-40e3-83cf-bda095d7b39d', 'Wednesday', '4755793e-c13b-4b69-9d98-b4ddea336509', 1),
('b6a921b0-f29f-4005-be8a-ba625b852ec5', 'eda92234-ddfe-40e3-83cf-bda095d7b39d', 'Thursday', '3cde939f-8b96-486d-9eb5-48069fc4500f', 0),
('1f31e8dd-7d75-4f53-90b2-0a3ed4c3d889', 'eda92234-ddfe-40e3-83cf-bda095d7b39d', 'Thursday', '46754eae-a571-4a46-9f5f-c18d6467a22a', 1),
('4bb2c3c8-20c8-4746-b307-98990f28577c', 'eda92234-ddfe-40e3-83cf-bda095d7b39d', 'Thursday', '5dae54e0-5c2a-4650-88b1-9bb1ccac47c2', 2),
('9ff350a5-27ea-4fa8-b0dc-55dd3dffd20e', 'eda92234-ddfe-40e3-83cf-bda095d7b39d', 'Friday', '98ec4595-9d44-443b-bf2a-600573e98038', 0),
('db331901-58b5-49d2-9798-7d9ec35b1d9a', 'eda92234-ddfe-40e3-83cf-bda095d7b39d', 'Friday', '6ad73d14-b410-43f4-860b-af28c258b572', 1),
('9eae0e5d-8c5b-4c96-bbaf-f81f459ab4d2', 'eda92234-ddfe-40e3-83cf-bda095d7b39d', 'Saturday', '60b7330c-3878-45b6-8d49-3e0e8e04042c', 0),
('3a4e1c52-3c2f-4da9-9b59-1f7314acb53b', 'eda92234-ddfe-40e3-83cf-bda095d7b39d', 'Saturday', '50ac0e48-33d8-4ccf-bed6-f7b135d9f31c', 1),
('cf649ba2-6eed-4556-8d30-4cae43a4d95a', 'eda92234-ddfe-40e3-83cf-bda095d7b39d', 'Sunday', '1eb4bd37-cdf6-4385-a996-5d439025cba2', 0),
('f8666559-1361-4570-ad83-132b782c8838', 'eda92234-ddfe-40e3-83cf-bda095d7b39d', 'Sunday', '71b6aafc-2c09-4ca3-b409-298750d4f350', 1),
('31cf9a7a-ea62-4cc0-8c8f-1d2fbf509dae', 'eda92234-ddfe-40e3-83cf-bda095d7b39d', 'Sunday', 'df965e37-ea3a-4571-aefe-3c4aecb330b7', 2),
('a6aa76c2-dcff-4005-b410-39279983a4ce', 'eda92234-ddfe-40e3-83cf-bda095d7b39d', 'Monday', 'd6cfff8e-d5ce-41b6-91c5-945cc7445812', 0),
('fc12666b-74d4-4a8f-a607-b00f25991d11', 'eda92234-ddfe-40e3-83cf-bda095d7b39d', 'Monday', 'e3203298-713a-414b-92dd-9465cba0c204', 1),
('956a2bfc-1179-477a-a491-2666687e8e01', 'eda92234-ddfe-40e3-83cf-bda095d7b39d', 'Monday', '65788a41-be9f-4301-8761-aa26cadf5989', 2),
('1aabb468-ad8e-44c0-ba26-fb618b0511e0', 'eda92234-ddfe-40e3-83cf-bda095d7b39d', 'Tuesday', 'aaa111fd-7d31-4d7b-abba-c6fd5f01a60d', 0),
('1763d584-da65-4a3b-a0f2-50d714762e76', 'eda92234-ddfe-40e3-83cf-bda095d7b39d', 'Tuesday', '8cd5c74b-8932-467a-99b9-4dc99671bd15', 1),
('0803cffc-58c4-4729-a330-e1758b03eef2', 'eda92234-ddfe-40e3-83cf-bda095d7b39d', 'Tuesday', 'f8f34879-cef8-4a64-970f-b982b50db617', 2),
('fa235b82-133e-4910-83af-7fe395c412f2', '7e81b08c-a1b9-4088-ab29-8354951c1078', 'Tuesday', '7ba471c1-f880-4e4b-9558-2c191a19fca0', 0),
('630dd903-ddc0-4e19-a21b-97a45e1c7543', '7e81b08c-a1b9-4088-ab29-8354951c1078', 'Tuesday', '39159244-32b8-40dd-b953-2649ad8e725c', 1),
('3ef8a8ef-ea61-4680-af0f-db66fb23f086', '7e81b08c-a1b9-4088-ab29-8354951c1078', 'Wednesday', '60b7330c-3878-45b6-8d49-3e0e8e04042c', 0),
('80e924e5-3159-4aef-bf9e-90603851c191', '7e81b08c-a1b9-4088-ab29-8354951c1078', 'Wednesday', '2794c4f5-ce88-45f9-b482-367072c8e0ee', 1),
('251535c0-f48a-4b2a-9813-a6cc09f44a9f', '7e81b08c-a1b9-4088-ab29-8354951c1078', 'Thursday', '3011ee19-4c55-4d2a-b922-bb83f221e1a9', 0),
('e2d58234-13a8-417b-9528-0d45e731310c', '7e81b08c-a1b9-4088-ab29-8354951c1078', 'Thursday', '9d754ec6-6dd6-48e7-a015-da8d976bb6b3', 1),
('af9da5cd-1b47-4af5-bef3-b119d69ce70d', '7e81b08c-a1b9-4088-ab29-8354951c1078', 'Thursday', 'd6cfff8e-d5ce-41b6-91c5-945cc7445812', 2),
('c0b64b23-84ca-48ce-baea-d312a307917c', '7e81b08c-a1b9-4088-ab29-8354951c1078', 'Thursday', '65788a41-be9f-4301-8761-aa26cadf5989', 3),
('011b0133-67b6-44b8-9aa8-35d895c34b75', '7e81b08c-a1b9-4088-ab29-8354951c1078', 'Friday', '98ec4595-9d44-443b-bf2a-600573e98038', 0),
('7b275507-4c58-4273-8e51-3841c03ee6c9', '7e81b08c-a1b9-4088-ab29-8354951c1078', 'Friday', '6ad73d14-b410-43f4-860b-af28c258b572', 1),
('14e04e8a-5022-465e-8af7-8cfe9e3819e7', '7e81b08c-a1b9-4088-ab29-8354951c1078', 'Saturday', '97e2516f-b3ea-4146-ae4e-ce573a94a04c', 0),
('efafda06-19c1-4812-80f4-fb9063ad2919', '7e81b08c-a1b9-4088-ab29-8354951c1078', 'Saturday', '204f3689-436b-4dd4-91fa-f65a6d3649c1', 1),
('fe661d6d-50af-4999-9f60-61b9c1bbc445', '7e81b08c-a1b9-4088-ab29-8354951c1078', 'Saturday', '0e55e08e-8e85-440a-aa9e-059d7f61be25', 2),
('67903672-1362-4af6-afbf-b4ce2b3d5227', '7e81b08c-a1b9-4088-ab29-8354951c1078', 'Sunday', '3b50cbc0-6530-4f18-9f24-cdde25d9ca92', 0),
('45f4cdfd-2d27-4277-96c5-4bd4fcca3a3b', '7e81b08c-a1b9-4088-ab29-8354951c1078', 'Sunday', '4ad590b7-5521-445a-a17a-25fb956561d0', 1),
('500c5a3f-8d4a-4da4-9e08-afd33af92e8f', '7e81b08c-a1b9-4088-ab29-8354951c1078', 'Sunday', '93ce0e09-a416-4f5e-9f3c-65f655654556', 2),
('f0a6580c-79b7-4d90-bbe3-7c5ec376bb51', '7e81b08c-a1b9-4088-ab29-8354951c1078', 'Monday', '3cde939f-8b96-486d-9eb5-48069fc4500f', 0),
('dd2eec66-22ff-49ba-9c8b-09103600b071', '7e81b08c-a1b9-4088-ab29-8354951c1078', 'Monday', '5dae54e0-5c2a-4650-88b1-9bb1ccac47c2', 1),
('6e8406c2-2373-406c-bf01-57530c5b625d', '7e81b08c-a1b9-4088-ab29-8354951c1078', 'Monday', 'ecc4437c-e825-4bd7-a44c-70c5ded9a0c4', 2),
('43a2c3a8-dd13-411a-841d-ca159d852835', 'ec825b93-ca06-4228-94b8-bc3619e74848', 'Tuesday', '267512d6-1522-43a7-b515-2083ccbcf83d', 0),
('fc60aa9c-0ac8-410d-844b-766c1b96201d', 'ec825b93-ca06-4228-94b8-bc3619e74848', 'Tuesday', '1f699924-f3cf-43a9-948d-0f947fd96d9d', 1),
('5244385d-ac4e-4ae4-bd55-39c04eeeb66c', 'ec825b93-ca06-4228-94b8-bc3619e74848', 'Tuesday', 'ecc4437c-e825-4bd7-a44c-70c5ded9a0c4', 2),
('0c84f5b1-09ff-4065-8de9-1094da8eb4b4', 'ec825b93-ca06-4228-94b8-bc3619e74848', 'Wednesday', '98ec4595-9d44-443b-bf2a-600573e98038', 0),
('fbaf9711-c728-4846-be5c-0a4f01d0cfcb', 'ec825b93-ca06-4228-94b8-bc3619e74848', 'Wednesday', '6ad73d14-b410-43f4-860b-af28c258b572', 1),
('ac88cda5-4cd1-4e2d-bf0a-33079e027ed5', 'ec825b93-ca06-4228-94b8-bc3619e74848', 'Thursday', '07e6a1f6-e712-4347-b377-698e68e4e3bb', 0),
('25aac8ff-c2e2-406f-b965-753473a2a37d', 'ec825b93-ca06-4228-94b8-bc3619e74848', 'Thursday', '65788a41-be9f-4301-8761-aa26cadf5989', 1),
('7fdff7d7-2825-4ddc-85a5-afe3018262ad', 'ec825b93-ca06-4228-94b8-bc3619e74848', 'Thursday', 'd8368525-0ea2-4bf3-b47f-a7ab86d4fa2b', 2),
('feb3ee13-2d6c-44dc-8a23-244c070c1ddd', 'ec825b93-ca06-4228-94b8-bc3619e74848', 'Thursday', 'bec7d7df-04b5-4a22-aa57-515052798915', 3),
('0dc7c5b6-bbbe-46e6-883f-29a09cc1c4b6', 'ec825b93-ca06-4228-94b8-bc3619e74848', 'Saturday', 'cf64c0d2-2ca9-4a0b-a88e-ae6741d563b9', 0),
('ea22c64d-1210-471e-aa76-367ee331e180', 'ec825b93-ca06-4228-94b8-bc3619e74848', 'Sunday', '46b923dc-5ae3-40f1-b411-65ec540b9181', 0),
('e7ecd98b-3c16-440c-bd2d-dc2dbb2cd380', 'ec825b93-ca06-4228-94b8-bc3619e74848', 'Sunday', '4ad590b7-5521-445a-a17a-25fb956561d0', 1),
('7792bbaf-f0db-423b-b62f-04eb2fc6dedc', 'ec825b93-ca06-4228-94b8-bc3619e74848', 'Sunday', '93ce0e09-a416-4f5e-9f3c-65f655654556', 2),
('5129b140-3bdc-43e1-ba19-ec7a9458515d', 'ec825b93-ca06-4228-94b8-bc3619e74848', 'Monday', '7ba471c1-f880-4e4b-9558-2c191a19fca0', 0),
('630750f0-5a33-4735-a3bc-7f080026512a', 'ec825b93-ca06-4228-94b8-bc3619e74848', 'Monday', '39159244-32b8-40dd-b953-2649ad8e725c', 1),
('e02fb7c0-e4e4-42f0-8086-87ad897d8d76', '93a1c8f0-a414-4cbe-a416-27f534ebb90b', 'Monday', '3c83ff6f-21ba-4eb1-838e-b9f21a7c64b5', 0),
('f3fc2c27-6f81-4d05-8187-ea110d8c9825', '93a1c8f0-a414-4cbe-a416-27f534ebb90b', 'Saturday', '0bbcb25b-14ad-4f66-99dd-1295fafe3d73', 0),
('46f099a0-6745-4f47-956c-74f17712d076', '93a1c8f0-a414-4cbe-a416-27f534ebb90b', 'Saturday', 'a9b692ed-bfd1-4433-a926-9bbee54d15bc', 1),
('5804b66f-945e-4845-a315-069f248bfeb6', '93a1c8f0-a414-4cbe-a416-27f534ebb90b', 'Thursday', '3a618909-a8ab-46b3-bad3-a472cb56c56a', 0),
('e9ac0104-b84c-4a04-bc5f-46d74ed48f29', '93a1c8f0-a414-4cbe-a416-27f534ebb90b', 'Friday', 'c0eb23fd-5b6a-4506-97b5-e14e2f4d20fb', 0),
('53f67ca8-f08f-4b28-888f-3776c89e76ec', '93a1c8f0-a414-4cbe-a416-27f534ebb90b', 'Friday', 'a9b692ed-bfd1-4433-a926-9bbee54d15bc', 1),
('6b3a9eba-6fae-4319-b64b-85110e4601e2', '93a1c8f0-a414-4cbe-a416-27f534ebb90b', 'Sunday', '4aff91a9-115b-410d-ac4e-8774a1696c3d', 0),
('3c541a28-a408-427f-8d1e-6568d5bf706f', '93a1c8f0-a414-4cbe-a416-27f534ebb90b', 'Sunday', '2910945b-9c67-4c1f-859a-eb1cad8409aa', 1),
('f9db95de-7ada-4f7e-90bd-c3c0837a2da6', '93a1c8f0-a414-4cbe-a416-27f534ebb90b', 'Sunday', '476a632a-005a-4609-8cdf-fcff91c34c40', 2),
('4cd9bd75-8ae2-4c94-838a-dbd9fd474a84', '93a1c8f0-a414-4cbe-a416-27f534ebb90b', 'Wednesday', '07884dc3-4ea5-48d2-92ea-4b2c54ef0ac7', 0),
('16b522cd-cede-457c-a6bd-b665582307d8', '93a1c8f0-a414-4cbe-a416-27f534ebb90b', 'Wednesday', '9c230f1b-a741-4435-a432-09e38cc82068', 1),
('efd5ccca-62b5-48d3-8dff-cd50609d3d6b', '93a1c8f0-a414-4cbe-a416-27f534ebb90b', 'Tuesday', '86cfef9d-88e0-4f27-9936-01b8b218e342', 0),
('3820d3b3-7253-4fb1-a8e5-4f36c9c774cc', '93a1c8f0-a414-4cbe-a416-27f534ebb90b', 'Tuesday', '3f719c5b-f4a3-43db-a3c6-8e40490c45f3', 1),
('1f5a9989-3767-4de7-9780-bc72b25bdfa2', '4d22e8b3-172d-4a86-b5d0-f09c790ecf26', 'Friday', 'efcd8688-2ab3-48c0-81fd-97afe1b52155', 0),
('36e91674-dda7-4e8a-8fd0-43847e00f29d', '4d22e8b3-172d-4a86-b5d0-f09c790ecf26', 'Friday', 'a72b4ed6-3a0b-402b-9f36-9e3c72cdae3f', 1),
('950c6796-510e-42a0-8a34-45d1722a2955', '4d22e8b3-172d-4a86-b5d0-f09c790ecf26', 'Friday', '3cde939f-8b96-486d-9eb5-48069fc4500f', 2),
('ad7ee9bf-78f5-401d-b041-124a7d190e98', '4d22e8b3-172d-4a86-b5d0-f09c790ecf26', 'Sunday', '5a02d76c-9f96-4d16-a91d-c8a04ee99fa1', 0),
('42cb3d0d-9825-4567-9126-54daa0a51159', '4d22e8b3-172d-4a86-b5d0-f09c790ecf26', 'Sunday', 'c41cd1df-6a60-4bc1-88c2-857a2e20d7a7', 1),
('c03897cb-e6f5-443c-926d-ef03ac1cfab8', '4d22e8b3-172d-4a86-b5d0-f09c790ecf26', 'Monday', '6ad73d14-b410-43f4-860b-af28c258b572', 0),
('5763b862-43ff-45d0-a88a-45a4dcff4a4d', '4d22e8b3-172d-4a86-b5d0-f09c790ecf26', 'Tuesday', '7ba471c1-f880-4e4b-9558-2c191a19fca0', 0),
('358f395c-bf26-4f75-90d6-6e48fb2974a1', '4d22e8b3-172d-4a86-b5d0-f09c790ecf26', 'Tuesday', '39159244-32b8-40dd-b953-2649ad8e725c', 1),
('0a0be6d0-1574-406d-908b-94acd9c2e10d', '4d22e8b3-172d-4a86-b5d0-f09c790ecf26', 'Wednesday', '3b50cbc0-6530-4f18-9f24-cdde25d9ca92', 0),
('fab0d03d-bc42-4f1b-8881-1b28f62d0738', '4d22e8b3-172d-4a86-b5d0-f09c790ecf26', 'Wednesday', '4ad590b7-5521-445a-a17a-25fb956561d0', 1),
('0e5281dc-68f7-44d9-8e89-721895c8d946', '4d22e8b3-172d-4a86-b5d0-f09c790ecf26', 'Wednesday', '93ce0e09-a416-4f5e-9f3c-65f655654556', 2),
('afe7c01e-648c-4d47-8795-69d9fc1ab74d', '4d22e8b3-172d-4a86-b5d0-f09c790ecf26', 'Thursday', 'd48dc54c-5730-4c43-871e-f2f2c758bea5', 0),
('d6bb23bf-ae13-400a-9a06-210662908bce', '4d22e8b3-172d-4a86-b5d0-f09c790ecf26', 'Thursday', '65788a41-be9f-4301-8761-aa26cadf5989', 1),
('da6ba158-e6e6-4a30-8212-abe7e0a73de3', '4d22e8b3-172d-4a86-b5d0-f09c790ecf26', 'Saturday', '1eb4bd37-cdf6-4385-a996-5d439025cba2', 0),
('a8c50bac-8592-4787-b85c-05ac8629f2ab', '4d22e8b3-172d-4a86-b5d0-f09c790ecf26', 'Saturday', 'df965e37-ea3a-4571-aefe-3c4aecb330b7', 1),
('2748b2f6-cf18-46c7-8aaf-da0d8013beb3', '6c03ee22-3843-4f1a-b8ed-62f5d95003c6', 'Sunday', '77481658-b218-4e92-bf68-e37e75566954', 0),
('9a26974f-e8eb-4144-8500-2a3019374da1', '6c03ee22-3843-4f1a-b8ed-62f5d95003c6', 'Tuesday', '3cde939f-8b96-486d-9eb5-48069fc4500f', 0),
('08801b08-574a-4287-b3a0-ab78e36095df', '6c03ee22-3843-4f1a-b8ed-62f5d95003c6', 'Tuesday', 'efcd8688-2ab3-48c0-81fd-97afe1b52155', 1),
('ae83774a-08dd-40c7-91fe-852a3ffe777d', '6c03ee22-3843-4f1a-b8ed-62f5d95003c6', 'Tuesday', '5dae54e0-5c2a-4650-88b1-9bb1ccac47c2', 2),
('4c3acb37-307a-43eb-8520-89497fa61612', '6c03ee22-3843-4f1a-b8ed-62f5d95003c6', 'Wednesday', '3b50cbc0-6530-4f18-9f24-cdde25d9ca92', 0),
('c705cdbd-6236-4719-ac7d-1e9356c7fdd7', '6c03ee22-3843-4f1a-b8ed-62f5d95003c6', 'Wednesday', '4ad590b7-5521-445a-a17a-25fb956561d0', 1),
('25e896f9-cfce-4df7-af44-2c177c7b0da8', '6c03ee22-3843-4f1a-b8ed-62f5d95003c6', 'Wednesday', '93ce0e09-a416-4f5e-9f3c-65f655654556', 2),
('56f6bd24-664c-4b26-82c1-3f4479f5af06', '6c03ee22-3843-4f1a-b8ed-62f5d95003c6', 'Thursday', 'a7d4698b-19a3-43cc-98c4-06c9e0f62354', 0),
('733f466a-5c36-440d-8fbb-cef23268f9a9', '6c03ee22-3843-4f1a-b8ed-62f5d95003c6', 'Thursday', '7cce3d62-a680-4d14-9669-51272db4e380', 1),
('691f1468-ddea-4b82-81b2-341c00174b29', '6c03ee22-3843-4f1a-b8ed-62f5d95003c6', 'Friday', '98ec4595-9d44-443b-bf2a-600573e98038', 0),
('9016ee0e-e166-416f-8b42-33abcc2cb8c8', '6c03ee22-3843-4f1a-b8ed-62f5d95003c6', 'Friday', '6ad73d14-b410-43f4-860b-af28c258b572', 1),
('69598f14-1f65-4b1a-81bf-2f6591f5d6d3', '6c03ee22-3843-4f1a-b8ed-62f5d95003c6', 'Saturday', '60b7330c-3878-45b6-8d49-3e0e8e04042c', 0),
('106773a4-5e12-43e9-b0a2-574d09e8db28', '6c03ee22-3843-4f1a-b8ed-62f5d95003c6', 'Saturday', '68c24e9a-516b-460b-bb68-325cb4dac214', 1),
('59e10c5d-f55d-4738-b413-1d81cba69da4', '6c03ee22-3843-4f1a-b8ed-62f5d95003c6', 'Monday', '3011ee19-4c55-4d2a-b922-bb83f221e1a9', 0),
('805e1693-1646-432c-8287-62c8f0f24607', '6c03ee22-3843-4f1a-b8ed-62f5d95003c6', 'Monday', '3eea4b6e-5321-4859-9b83-2028486eea4f', 1),
('440ea60d-f559-4685-9921-01af2877e635', '6c03ee22-3843-4f1a-b8ed-62f5d95003c6', 'Monday', 'd6cfff8e-d5ce-41b6-91c5-945cc7445812', 2),
('9b6ef386-3938-42cd-b33b-228db9dd1a2f', '6c03ee22-3843-4f1a-b8ed-62f5d95003c6', 'Monday', '65788a41-be9f-4301-8761-aa26cadf5989', 3),
('5d267bd5-6965-4ca8-9126-d13cb5742aad', 'ba8d1fa5-e72a-48bd-bc43-f46ad3a8ad34', 'Tuesday', 'cf64c0d2-2ca9-4a0b-a88e-ae6741d563b9', 0),
('37927adf-4357-4059-b710-25585b142bf0', 'ba8d1fa5-e72a-48bd-bc43-f46ad3a8ad34', 'Monday', '2794c4f5-ce88-45f9-b482-367072c8e0ee', 0),
('8d710912-daa8-4e83-b278-67369dc6e667', 'ba8d1fa5-e72a-48bd-bc43-f46ad3a8ad34', 'Monday', '60b7330c-3878-45b6-8d49-3e0e8e04042c', 1),
('c6a477e9-c2f6-4cdf-ba70-76d6a1623a16', 'ba8d1fa5-e72a-48bd-bc43-f46ad3a8ad34', 'Wednesday', '910a084c-b999-4ce5-8b67-101c332b1bc1', 0),
('95b6c754-6e7f-4350-90f5-1520849331f6', 'ba8d1fa5-e72a-48bd-bc43-f46ad3a8ad34', 'Friday', '98ec4595-9d44-443b-bf2a-600573e98038', 0),
('d8d85107-3d7e-4828-aca1-919bad0c1d3f', 'ba8d1fa5-e72a-48bd-bc43-f46ad3a8ad34', 'Friday', '6ad73d14-b410-43f4-860b-af28c258b572', 1),
('542b72e9-74e3-40ae-8867-62071c3ae1fe', 'ba8d1fa5-e72a-48bd-bc43-f46ad3a8ad34', 'Saturday', 'e3203298-713a-414b-92dd-9465cba0c204', 0),
('6e6c733b-f39c-4494-8960-7dbfb03f5118', 'ba8d1fa5-e72a-48bd-bc43-f46ad3a8ad34', 'Saturday', '65788a41-be9f-4301-8761-aa26cadf5989', 1),
('745ed513-a82b-4226-9801-cd2ceddb5119', 'ba8d1fa5-e72a-48bd-bc43-f46ad3a8ad34', 'Sunday', '1aa8cd08-8b88-4ee1-b814-4d4bb3b027bb', 0),
('2be94936-cfd0-4881-8cb0-831c375eed91', 'ba8d1fa5-e72a-48bd-bc43-f46ad3a8ad34', 'Sunday', '4824650f-2a3e-4237-b1cd-f78e1ddee014', 1),
('3b5a440c-f1ca-4f10-8bf5-694d85454a16', 'ba8d1fa5-e72a-48bd-bc43-f46ad3a8ad34', 'Sunday', 'bb437b2f-6227-4f11-a6b9-761fd96eb812', 2),
('8ae68a44-59b5-42d8-a359-8314b22c2c2f', 'ba8d1fa5-e72a-48bd-bc43-f46ad3a8ad34', 'Thursday', '4ad590b7-5521-445a-a17a-25fb956561d0', 0),
('c2ca5541-45e3-4301-b87e-cbe0495eb9c4', 'ba8d1fa5-e72a-48bd-bc43-f46ad3a8ad34', 'Thursday', '3b50cbc0-6530-4f18-9f24-cdde25d9ca92', 1),
('e504639d-d033-4872-b168-9f6f42fe56d0', 'ba8d1fa5-e72a-48bd-bc43-f46ad3a8ad34', 'Thursday', '93ce0e09-a416-4f5e-9f3c-65f655654556', 2),
('8b74b375-0d65-4485-af5b-cb1534caec2c', 'ba8d1fa5-e72a-48bd-bc43-f46ad3a8ad34', 'Thursday', 'a8a768e3-3c05-4df2-806f-8a0b74b90325', 3),
('f8fb5c66-5b56-42b7-bc99-b605f021151d', 'efa6cdb3-6701-48ca-a424-b13a08e1c74c', 'Wednesday', '7ba471c1-f880-4e4b-9558-2c191a19fca0', 0),
('8052a4a2-7fac-43a9-a9f7-200d4c730479', 'efa6cdb3-6701-48ca-a424-b13a08e1c74c', 'Wednesday', '39159244-32b8-40dd-b953-2649ad8e725c', 1),
('8b418781-db3a-4d68-be1d-2a2e428f69fa', 'efa6cdb3-6701-48ca-a424-b13a08e1c74c', 'Thursday', '68846bd2-3fc0-499b-8d19-d87a2dcf028d', 0),
('d256207e-953b-48d2-a1ff-9e6c3f475afc', 'efa6cdb3-6701-48ca-a424-b13a08e1c74c', 'Thursday', '151ea5c0-81c1-4567-90f3-3011cda1fe16', 1),
('a13fbb69-90ba-4551-b4f9-fc15c8506609', 'efa6cdb3-6701-48ca-a424-b13a08e1c74c', 'Thursday', '8cd5c74b-8932-467a-99b9-4dc99671bd15', 2),
('1883589e-1384-4293-b253-f2761d047529', 'efa6cdb3-6701-48ca-a424-b13a08e1c74c', 'Thursday', 'c9981269-d5e1-4526-9520-18628b3da681', 3),
('b2c68ddc-c4dc-4401-ab1a-cfeb0d8f49be', 'efa6cdb3-6701-48ca-a424-b13a08e1c74c', 'Thursday', '8aa128ba-8563-4713-838d-c4e1dfc3c5f4', 4),
('0b6aa179-9b67-43f5-a9d7-39320ba1ea30', 'efa6cdb3-6701-48ca-a424-b13a08e1c74c', 'Saturday', '3b50cbc0-6530-4f18-9f24-cdde25d9ca92', 0),
('751c79c8-8be1-43fc-ab10-d41f616eefc8', 'efa6cdb3-6701-48ca-a424-b13a08e1c74c', 'Saturday', '4ad590b7-5521-445a-a17a-25fb956561d0', 1),
('dffaaebe-6a54-4716-90a3-cf62525bdc19', 'efa6cdb3-6701-48ca-a424-b13a08e1c74c', 'Saturday', '93ce0e09-a416-4f5e-9f3c-65f655654556', 2),
('91792d91-2bb3-4e89-aa59-65c25fe09cee', 'efa6cdb3-6701-48ca-a424-b13a08e1c74c', 'Sunday', '98ec4595-9d44-443b-bf2a-600573e98038', 0),
('65fda701-cea6-4d71-90ea-44b8add1825f', 'efa6cdb3-6701-48ca-a424-b13a08e1c74c', 'Sunday', '6ad73d14-b410-43f4-860b-af28c258b572', 1),
('baa22e51-0d3b-494a-aa7b-864574233ebd', '865a3bf1-0b22-4488-9650-dcb27afad4ed', 'Monday', '1eb4bd37-cdf6-4385-a996-5d439025cba2', 0),
('75bd8d0c-12c5-414b-9475-58f1b90bfbab', '865a3bf1-0b22-4488-9650-dcb27afad4ed', 'Monday', '71b6aafc-2c09-4ca3-b409-298750d4f350', 1),
('fbed51dd-5049-4860-9de4-84bf1a29dd71', '865a3bf1-0b22-4488-9650-dcb27afad4ed', 'Monday', 'df965e37-ea3a-4571-aefe-3c4aecb330b7', 2),
('931ba50a-bb5d-46a6-bd36-7e6cab257f90', '865a3bf1-0b22-4488-9650-dcb27afad4ed', 'Tuesday', '07e6a1f6-e712-4347-b377-698e68e4e3bb', 0),
('227cb6fc-77f9-4e40-ad4f-3dc688286922', '865a3bf1-0b22-4488-9650-dcb27afad4ed', 'Tuesday', '65788a41-be9f-4301-8761-aa26cadf5989', 1),
('cba6a8d2-dbac-44b4-b180-9fc6a95e68e0', '865a3bf1-0b22-4488-9650-dcb27afad4ed', 'Tuesday', 'd8368525-0ea2-4bf3-b47f-a7ab86d4fa2b', 2),
('5a54b8f5-10cc-4660-9339-6737ab957b2f', '865a3bf1-0b22-4488-9650-dcb27afad4ed', 'Tuesday', 'bec7d7df-04b5-4a22-aa57-515052798915', 3),
('cb1f55c7-112b-433b-972d-2b7085b79e13', '865a3bf1-0b22-4488-9650-dcb27afad4ed', 'Wednesday', '60b7330c-3878-45b6-8d49-3e0e8e04042c', 0),
('86e0fa0d-9902-4903-8826-a8fa0097ec85', '865a3bf1-0b22-4488-9650-dcb27afad4ed', 'Wednesday', '68c24e9a-516b-460b-bb68-325cb4dac214', 1),
('9743f15d-e58a-45d7-ab95-5bd8d0f5a40f', '865a3bf1-0b22-4488-9650-dcb27afad4ed', 'Thursday', '68846bd2-3fc0-499b-8d19-d87a2dcf028d', 0),
('e63702e8-6ec3-4959-bbf6-bed239db282c', '865a3bf1-0b22-4488-9650-dcb27afad4ed', 'Thursday', '8aa128ba-8563-4713-838d-c4e1dfc3c5f4', 1),
('63c9db32-953e-4d66-93f8-ee3b1371b2b2', '865a3bf1-0b22-4488-9650-dcb27afad4ed', 'Thursday', 'facfa993-d3c9-4746-b67c-cdc227a43e6c', 2),
('3b38bc9c-c020-470f-8180-5dcda55b7b72', '865a3bf1-0b22-4488-9650-dcb27afad4ed', 'Thursday', '151ea5c0-81c1-4567-90f3-3011cda1fe16', 3),
('9f1725a9-26ca-445a-9514-c69ae3a16c40', '865a3bf1-0b22-4488-9650-dcb27afad4ed', 'Thursday', '8cd5c74b-8932-467a-99b9-4dc99671bd15', 4),
('e0758b13-d50e-4bc2-8c75-e68401bf745f', '865a3bf1-0b22-4488-9650-dcb27afad4ed', 'Friday', '98ec4595-9d44-443b-bf2a-600573e98038', 0),
('47b210a3-85ca-46eb-a828-7de2e126130f', '865a3bf1-0b22-4488-9650-dcb27afad4ed', 'Friday', '6ad73d14-b410-43f4-860b-af28c258b572', 1),
('ab015dc9-63c2-487d-9f28-a91d772f261e', '865a3bf1-0b22-4488-9650-dcb27afad4ed', 'Saturday', 'c4682790-8015-4fae-a89a-9c1dc86e01dc', 0),
('6d99d12c-2007-42f3-af19-0003420ba745', '865a3bf1-0b22-4488-9650-dcb27afad4ed', 'Sunday', '3b50cbc0-6530-4f18-9f24-cdde25d9ca92', 0),
('4fe6e901-9f13-4019-ad72-4391ddfe5c99', '865a3bf1-0b22-4488-9650-dcb27afad4ed', 'Sunday', '4ad590b7-5521-445a-a17a-25fb956561d0', 1),
('162c0866-551b-4073-b89f-4b3a2482eb50', '865a3bf1-0b22-4488-9650-dcb27afad4ed', 'Sunday', '93ce0e09-a416-4f5e-9f3c-65f655654556', 2),
('d956ee60-8e88-4a88-ba1f-d2e5e1613294', 'b493b0ac-32aa-435e-ad2e-c6c4ed2a6262', 'Friday', '68805a5a-9ff1-40cf-9aab-b31a0918e6a1', 0),
('8dd5a189-d5b9-41f2-b691-700753a7cb64', 'b493b0ac-32aa-435e-ad2e-c6c4ed2a6262', 'Friday', 'c155d19c-abd0-4af2-befb-49a33baeef8b', 1),
('ad9ce6cd-3d0b-4e56-8443-ee2ac40c0190', 'b493b0ac-32aa-435e-ad2e-c6c4ed2a6262', 'Sunday', '60b7330c-3878-45b6-8d49-3e0e8e04042c', 0),
('21d51678-ed7f-4ab6-8c5c-149966a068f1', 'b493b0ac-32aa-435e-ad2e-c6c4ed2a6262', 'Sunday', '68c24e9a-516b-460b-bb68-325cb4dac214', 1),
('e57d0e0a-e08c-4d67-88a8-03c2cffc67ce', 'b493b0ac-32aa-435e-ad2e-c6c4ed2a6262', 'Monday', 'd6cfff8e-d5ce-41b6-91c5-945cc7445812', 0),
('4da3b9c6-6acc-4f0d-bee0-d0ae3616a6a3', 'b493b0ac-32aa-435e-ad2e-c6c4ed2a6262', 'Monday', 'e3203298-713a-414b-92dd-9465cba0c204', 1),
('a0548118-9458-4054-b9ea-b70d729a09bc', 'b493b0ac-32aa-435e-ad2e-c6c4ed2a6262', 'Tuesday', '9f90fcc5-6dbd-432b-88e3-76331e710b6e', 0),
('741aa9f9-1e09-43b6-a0c1-3aada7f8ea27', 'b493b0ac-32aa-435e-ad2e-c6c4ed2a6262', 'Tuesday', '204f3689-436b-4dd4-91fa-f65a6d3649c1', 1),
('fb22ab02-5784-4836-b4a8-d3761927168c', 'b493b0ac-32aa-435e-ad2e-c6c4ed2a6262', 'Tuesday', 'a72b4ed6-3a0b-402b-9f36-9e3c72cdae3f', 2),
('3251dbcc-ffe9-44fb-885a-419be16096d7', 'b493b0ac-32aa-435e-ad2e-c6c4ed2a6262', 'Wednesday', '98ec4595-9d44-443b-bf2a-600573e98038', 0),
('1718b1ec-59bb-4f2a-93d2-121c9b73ee04', 'b493b0ac-32aa-435e-ad2e-c6c4ed2a6262', 'Wednesday', '6ad73d14-b410-43f4-860b-af28c258b572', 1),
('922abb2b-2ff2-4446-95b0-eabe92e33701', 'b493b0ac-32aa-435e-ad2e-c6c4ed2a6262', 'Thursday', 'aaa111fd-7d31-4d7b-abba-c6fd5f01a60d', 0),
('1cf29c36-903f-4d85-aa5e-e916bf9af91f', 'b493b0ac-32aa-435e-ad2e-c6c4ed2a6262', 'Thursday', '8cd5c74b-8932-467a-99b9-4dc99671bd15', 1),
('4db914b8-fe5f-4e34-8b1c-25424d615a0d', 'b493b0ac-32aa-435e-ad2e-c6c4ed2a6262', 'Thursday', 'f8f34879-cef8-4a64-970f-b982b50db617', 2),
('ad7708a3-78ba-4b36-a862-bd685c4decd5', 'b493b0ac-32aa-435e-ad2e-c6c4ed2a6262', 'Saturday', 'c4682790-8015-4fae-a89a-9c1dc86e01dc', 0),
('dbad5ac9-4ec6-4092-965f-1670b96b0a74', '00a33eac-4e85-4937-af97-90ffb0634e24', 'Sunday', '98ec4595-9d44-443b-bf2a-600573e98038', 0),
('3cb22943-9c7f-4dbe-b8f8-693d741f3272', '00a33eac-4e85-4937-af97-90ffb0634e24', 'Sunday', '6ad73d14-b410-43f4-860b-af28c258b572', 1),
('078e15b0-6d75-4401-abd0-6538b52b2932', '00a33eac-4e85-4937-af97-90ffb0634e24', 'Tuesday', '7ba471c1-f880-4e4b-9558-2c191a19fca0', 0),
('74cb1b9c-2c57-41e3-bef6-2470b2748426', '00a33eac-4e85-4937-af97-90ffb0634e24', 'Tuesday', '39159244-32b8-40dd-b953-2649ad8e725c', 1),
('8095cf4f-c211-4b9f-a07b-b0f46440e7fc', '00a33eac-4e85-4937-af97-90ffb0634e24', 'Thursday', '3011ee19-4c55-4d2a-b922-bb83f221e1a9', 0),
('b1f87ae9-3eda-4741-b7ba-4036ecc0f6be', '00a33eac-4e85-4937-af97-90ffb0634e24', 'Thursday', '5c843f47-f67d-439b-ac6d-05d54fc053ac', 1),
('d0d3ac1d-80a9-4946-b4c2-fd795599e1a7', '00a33eac-4e85-4937-af97-90ffb0634e24', 'Thursday', '65788a41-be9f-4301-8761-aa26cadf5989', 2),
('9fbd10c6-ca62-4b8d-bbb9-886a3d6e6978', '00a33eac-4e85-4937-af97-90ffb0634e24', 'Monday', '58407610-1d37-4886-9350-3f45165e3fde', 0),
('5469e27a-4e51-49f8-aece-7f2911fdb6f3', '00a33eac-4e85-4937-af97-90ffb0634e24', 'Monday', 'f67df254-48d8-4429-b993-f98b246c5854', 1),
('597be460-61c7-47b6-b0d2-fc598c597e0c', '00a33eac-4e85-4937-af97-90ffb0634e24', 'Monday', '7c796521-16b4-4006-90d6-6bab591e4bd1', 2),
('ac0a45ea-eeee-4f19-b189-ac0425b03394', '00a33eac-4e85-4937-af97-90ffb0634e24', 'Monday', 'df965e37-ea3a-4571-aefe-3c4aecb330b7', 3),
('923be7b1-4d1d-4976-bcba-51bd83284b5d', '00a33eac-4e85-4937-af97-90ffb0634e24', 'Wednesday', '3b50cbc0-6530-4f18-9f24-cdde25d9ca92', 0),
('5b440507-6226-4289-8c2e-4ad64104489d', '00a33eac-4e85-4937-af97-90ffb0634e24', 'Wednesday', '4ad590b7-5521-445a-a17a-25fb956561d0', 1),
('a417e1a1-0a98-421d-b900-54b38858dfb9', '00a33eac-4e85-4937-af97-90ffb0634e24', 'Wednesday', '93ce0e09-a416-4f5e-9f3c-65f655654556', 2),
('d08e0d6c-c5b0-490e-bb81-17af68ec10aa', '00a33eac-4e85-4937-af97-90ffb0634e24', 'Friday', '65788a41-be9f-4301-8761-aa26cadf5989', 0),
('ff9d6258-f16e-4b59-a5ba-737f03c67e81', '00a33eac-4e85-4937-af97-90ffb0634e24', 'Friday', '4e7aaec7-005b-464b-90c0-ba746c754b8b', 1),
('c9c37354-39b4-4ba8-83a8-1cdb65a42dcd', '47205646-0ca6-448a-8cab-0bb62d962dc1', 'Friday', '3cde939f-8b96-486d-9eb5-48069fc4500f', 0),
('24d3bff1-c2b8-4b84-8c3f-f295d1b1f49a', '47205646-0ca6-448a-8cab-0bb62d962dc1', 'Friday', '5dae54e0-5c2a-4650-88b1-9bb1ccac47c2', 1),
('957fe12d-d4c6-407d-bc1b-37641de2acf7', '47205646-0ca6-448a-8cab-0bb62d962dc1', 'Friday', 'ecc4437c-e825-4bd7-a44c-70c5ded9a0c4', 2),
('a6faea74-7275-426a-928b-e958404b559e', '47205646-0ca6-448a-8cab-0bb62d962dc1', 'Saturday', 'd48dc54c-5730-4c43-871e-f2f2c758bea5', 0),
('901a44a1-6749-48ce-b166-fb3ceba6ce56', '47205646-0ca6-448a-8cab-0bb62d962dc1', 'Sunday', '9f90fcc5-6dbd-432b-88e3-76331e710b6e', 0),
('b051b956-f76e-4081-aa40-3369e08331e3', '47205646-0ca6-448a-8cab-0bb62d962dc1', 'Sunday', '204f3689-436b-4dd4-91fa-f65a6d3649c1', 1),
('05830992-cd42-4d17-a3a6-6d8058aa346d', '47205646-0ca6-448a-8cab-0bb62d962dc1', 'Sunday', 'a72b4ed6-3a0b-402b-9f36-9e3c72cdae3f', 2),
('7bc10b55-28be-438f-ad1d-85279a84150e', '47205646-0ca6-448a-8cab-0bb62d962dc1', 'Tuesday', 'aaa111fd-7d31-4d7b-abba-c6fd5f01a60d', 0),
('bbf602e8-3f84-49e7-8133-84412d412547', '47205646-0ca6-448a-8cab-0bb62d962dc1', 'Tuesday', '8cd5c74b-8932-467a-99b9-4dc99671bd15', 1),
('056ade1b-4087-4759-9396-8dc46875818b', '47205646-0ca6-448a-8cab-0bb62d962dc1', 'Tuesday', 'f8f34879-cef8-4a64-970f-b982b50db617', 2),
('d8b3e172-7744-411f-8261-9f29af7986ec', '47205646-0ca6-448a-8cab-0bb62d962dc1', 'Wednesday', '60b7330c-3878-45b6-8d49-3e0e8e04042c', 0),
('77fea7d1-7b40-4a97-bd90-bb92cf56c7bf', '47205646-0ca6-448a-8cab-0bb62d962dc1', 'Wednesday', 'de8107ab-2858-4b7c-b7fc-caebc1d7283c', 1),
('250c58c1-2315-4401-aa6f-09a6671aabc1', '47205646-0ca6-448a-8cab-0bb62d962dc1', 'Wednesday', 'cd207502-9106-4a7c-b742-8e9b65ae79a6', 2),
('4dcf2c10-5145-4808-a886-948c98431658', '47205646-0ca6-448a-8cab-0bb62d962dc1', 'Thursday', '98ec4595-9d44-443b-bf2a-600573e98038', 0),
('2a9bd88b-8841-4eb7-883b-dbc67cd39ba3', '47205646-0ca6-448a-8cab-0bb62d962dc1', 'Thursday', '6ad73d14-b410-43f4-860b-af28c258b572', 1),
('cf7432fa-6c3a-49e7-828d-c3c186463a58', 'a8a9e05a-7ad2-4ff2-b9f0-0011b4b4c955', 'Tuesday', '6cdfaba9-4d12-40ab-aeec-1aa399182bb5', 0),
('e5bde1e7-27c2-4779-b637-ef10a39b978e', 'a8a9e05a-7ad2-4ff2-b9f0-0011b4b4c955', 'Tuesday', '68f6a614-6f58-4119-8718-3a900fafb44b', 1),
('e222b5e5-f8e0-4e17-8a1f-d84990465c0c', 'a8a9e05a-7ad2-4ff2-b9f0-0011b4b4c955', 'Tuesday', '7ba471c1-f880-4e4b-9558-2c191a19fca0', 2),
('75eddb1d-7a83-4f6b-ae38-be57e0b46b2e', 'a8a9e05a-7ad2-4ff2-b9f0-0011b4b4c955', 'Friday', '98ec4595-9d44-443b-bf2a-600573e98038', 0),
('0bc7061f-64ce-4502-a5c2-5b99b07f91b0', 'a8a9e05a-7ad2-4ff2-b9f0-0011b4b4c955', 'Friday', '6ad73d14-b410-43f4-860b-af28c258b572', 1),
('80702099-a922-4069-849e-a95bf07839ee', 'a8a9e05a-7ad2-4ff2-b9f0-0011b4b4c955', 'Saturday', '0397420b-3a49-4a42-874d-bab4880cf474', 0),
('3679dcf9-9f17-454e-b301-067df39210f0', 'a8a9e05a-7ad2-4ff2-b9f0-0011b4b4c955', 'Saturday', '0fcef252-e91d-40e0-bb9b-937715acf737', 1),
('2f52eeb3-b0a2-494e-8a38-bd5467130854', 'a8a9e05a-7ad2-4ff2-b9f0-0011b4b4c955', 'Thursday', '3e232d97-2927-48f8-a6d1-9458cced09a0', 0),
('ce78e4a1-16bb-47ad-93a9-3a73c1f86a88', 'a8a9e05a-7ad2-4ff2-b9f0-0011b4b4c955', 'Thursday', 'c9c3dd68-5b14-485c-97a1-a14247a71fad', 1),
('fd3beead-6d0b-46a3-a514-f859fec38a6c', 'a8a9e05a-7ad2-4ff2-b9f0-0011b4b4c955', 'Wednesday', '3011ee19-4c55-4d2a-b922-bb83f221e1a9', 0),
('8b5f00a3-10b4-4816-bd80-34310966fdd1', 'a8a9e05a-7ad2-4ff2-b9f0-0011b4b4c955', 'Wednesday', '5c843f47-f67d-439b-ac6d-05d54fc053ac', 1),
('f237f6e7-16ab-496b-adc4-044fe988bd83', 'a8a9e05a-7ad2-4ff2-b9f0-0011b4b4c955', 'Wednesday', '65788a41-be9f-4301-8761-aa26cadf5989', 2),
('b4854828-abca-40fc-b3ce-b21adf35a666', 'a8a9e05a-7ad2-4ff2-b9f0-0011b4b4c955', 'Monday', '07e6a1f6-e712-4347-b377-698e68e4e3bb', 0),
('93ef216b-66ec-4b9f-aeb7-d9c06d447e15', 'a8a9e05a-7ad2-4ff2-b9f0-0011b4b4c955', 'Monday', '65788a41-be9f-4301-8761-aa26cadf5989', 1),
('a8d2cc2e-2d44-4a1d-83d3-5e3e1c4e0f08', 'a8a9e05a-7ad2-4ff2-b9f0-0011b4b4c955', 'Monday', 'd8368525-0ea2-4bf3-b47f-a7ab86d4fa2b', 2),
('b3962c1d-7751-40ab-a602-406ba9db070c', 'a8a9e05a-7ad2-4ff2-b9f0-0011b4b4c955', 'Monday', 'bec7d7df-04b5-4a22-aa57-515052798915', 3),
('a2429fbb-bc3e-41b7-a208-7669d546d26e', 'a8a9e05a-7ad2-4ff2-b9f0-0011b4b4c955', 'Sunday', '46b923dc-5ae3-40f1-b411-65ec540b9181', 0),
('79e504d8-5a9a-4a03-bcc2-67a00bb2f1e2', 'a8a9e05a-7ad2-4ff2-b9f0-0011b4b4c955', 'Sunday', '4ad590b7-5521-445a-a17a-25fb956561d0', 1),
('0e8364fb-85f7-40ee-8809-efa93f7eb089', 'a8a9e05a-7ad2-4ff2-b9f0-0011b4b4c955', 'Sunday', '93ce0e09-a416-4f5e-9f3c-65f655654556', 2),
('b0c24135-ece3-46b1-857a-4cbefff5515d', 'b71d800b-64c0-4ff2-a32b-397e21127af2', 'Monday', 'c4423f61-5a87-42e9-845b-4caeeed053a7', 0),
('ac863e17-0c9c-4446-b3f2-65f614b0c784', 'b71d800b-64c0-4ff2-a32b-397e21127af2', 'Monday', 'a0e87b5f-98b7-4660-a96b-7728fde61a5c', 1),
('ec31f1f8-ea6c-45d0-b67c-d3b9f3655d6b', 'b71d800b-64c0-4ff2-a32b-397e21127af2', 'Thursday', '1d8baeb1-7b5c-4056-9fba-5ceb5ff6c4f4', 0),
('675a836c-6889-4ca8-9bfc-c86da8c55c3a', 'b71d800b-64c0-4ff2-a32b-397e21127af2', 'Friday', '7c1e4353-6ab2-43d2-9617-838e19c7c914', 0),
('06db2404-ae54-44be-b103-b700d9d501df', 'b71d800b-64c0-4ff2-a32b-397e21127af2', 'Friday', '687e2138-9c11-4771-8157-f62cafadcda9', 1),
('4af5fc95-ff25-4814-b854-d956ab9de3eb', 'b71d800b-64c0-4ff2-a32b-397e21127af2', 'Sunday', 'b2e4739d-bbfa-4c51-b7dd-75a55656378b', 0),
('19be89cd-4fcd-4c89-ae21-31ff6219a936', 'b71d800b-64c0-4ff2-a32b-397e21127af2', 'Sunday', 'b2967ada-c40f-4a55-9bdd-d8dd1c29ec18', 1),
('36b258f6-6d1a-4492-abff-25f9a16e6f4f', 'b71d800b-64c0-4ff2-a32b-397e21127af2', 'Sunday', '9b9b147d-6b17-4d3a-83ab-e1790dd6e0d4', 2),
('6b938965-bc2e-4a3e-9235-582422c67615', 'b71d800b-64c0-4ff2-a32b-397e21127af2', 'Wednesday', '1cdee76e-0537-417a-8dac-e3c02e67d44a', 0),
('c049f364-a061-4f82-9718-c6c63ee53b2b', 'b71d800b-64c0-4ff2-a32b-397e21127af2', 'Wednesday', '076901ce-d4fb-43a9-893d-6e1fa21d58d6', 1),
('b3cf5168-cd9a-4975-afe2-6a01ab97dd8a', 'b71d800b-64c0-4ff2-a32b-397e21127af2', 'Tuesday', '2f8024c8-f0d1-4105-9d9e-9c437d165cb8', 0),
('afd1f868-23d3-4505-924c-e39be9abbbfc', 'b71d800b-64c0-4ff2-a32b-397e21127af2', 'Tuesday', 'c23c2e1c-1805-45be-a457-03de2f6e6083', 1),
('ed7c0dbf-f764-4cea-9655-ec3d584b4ac5', 'b71d800b-64c0-4ff2-a32b-397e21127af2', 'Saturday', '00ace8b0-02b8-4073-b434-29cf73396913', 0),
('0e2f294a-1aca-4a87-bd5e-85af65aa6ca0', 'b71d800b-64c0-4ff2-a32b-397e21127af2', 'Saturday', '687e2138-9c11-4771-8157-f62cafadcda9', 1),
('84759068-9355-4492-8374-35dd7bf0b66b', 'af561d1d-1c0c-4ae8-a5fb-3d0f4c78b0fd', 'Tuesday', 'aaa111fd-7d31-4d7b-abba-c6fd5f01a60d', 0),
('6c834cf6-3521-43e9-b886-41388c60a9c0', 'af561d1d-1c0c-4ae8-a5fb-3d0f4c78b0fd', 'Tuesday', '8cd5c74b-8932-467a-99b9-4dc99671bd15', 1),
('ca17d3e3-cd81-4333-bbf3-ece0ea13caf0', 'af561d1d-1c0c-4ae8-a5fb-3d0f4c78b0fd', 'Tuesday', 'f8f34879-cef8-4a64-970f-b982b50db617', 2),
('2b4b5896-bdb1-443b-b3c1-90544dbf6d46', 'af561d1d-1c0c-4ae8-a5fb-3d0f4c78b0fd', 'Wednesday', 'd48dc54c-5730-4c43-871e-f2f2c758bea5', 0),
('55a433ac-a7c3-4529-914c-a35279046c67', 'af561d1d-1c0c-4ae8-a5fb-3d0f4c78b0fd', 'Thursday', '3cde939f-8b96-486d-9eb5-48069fc4500f', 0),
('ed49854b-1768-473e-9917-5ed1d0cac337', 'af561d1d-1c0c-4ae8-a5fb-3d0f4c78b0fd', 'Thursday', '46754eae-a571-4a46-9f5f-c18d6467a22a', 1),
('0c55be55-6e80-462e-862f-31ac2c462555', 'af561d1d-1c0c-4ae8-a5fb-3d0f4c78b0fd', 'Thursday', '5dae54e0-5c2a-4650-88b1-9bb1ccac47c2', 2),
('3a4844cc-0992-41d6-a5ac-6c9c5bc0d375', 'af561d1d-1c0c-4ae8-a5fb-3d0f4c78b0fd', 'Friday', '98ec4595-9d44-443b-bf2a-600573e98038', 0),
('1a8a0fd1-a5f1-4e34-addb-a6ee851ed082', 'af561d1d-1c0c-4ae8-a5fb-3d0f4c78b0fd', 'Friday', '6ad73d14-b410-43f4-860b-af28c258b572', 1),
('fe9e4138-386b-4a58-8732-247edbdf38f7', 'af561d1d-1c0c-4ae8-a5fb-3d0f4c78b0fd', 'Saturday', 'c4682790-8015-4fae-a89a-9c1dc86e01dc', 0),
('4856a55f-a54e-42e3-a452-a8ab71dcc604', 'af561d1d-1c0c-4ae8-a5fb-3d0f4c78b0fd', 'Sunday', '3b50cbc0-6530-4f18-9f24-cdde25d9ca92', 0),
('5a7a2552-d808-44bc-a1c4-b842932c0b72', 'af561d1d-1c0c-4ae8-a5fb-3d0f4c78b0fd', 'Sunday', '4ad590b7-5521-445a-a17a-25fb956561d0', 1),
('f3b6bb8b-ccc9-4eeb-b940-baaca074cb45', 'af561d1d-1c0c-4ae8-a5fb-3d0f4c78b0fd', 'Sunday', '93ce0e09-a416-4f5e-9f3c-65f655654556', 2),
('a559d322-60b3-4622-ab09-5936319f6202', 'af561d1d-1c0c-4ae8-a5fb-3d0f4c78b0fd', 'Monday', '3cde939f-8b96-486d-9eb5-48069fc4500f', 0),
('109ac00b-0699-4885-91cf-a6f50cd3d776', 'af561d1d-1c0c-4ae8-a5fb-3d0f4c78b0fd', 'Monday', '5dae54e0-5c2a-4650-88b1-9bb1ccac47c2', 1),
('c6f72fa2-49de-4f0b-bda0-04f30be672c9', 'af561d1d-1c0c-4ae8-a5fb-3d0f4c78b0fd', 'Monday', 'ecc4437c-e825-4bd7-a44c-70c5ded9a0c4', 2),
('37e3db9f-e3bf-4ac4-a97f-38c7a5c264b6', 'bd297142-6707-4270-92ad-0434e040da80', 'Thursday', '3cde939f-8b96-486d-9eb5-48069fc4500f', 0),
('0359c0c3-0558-4f17-966d-5ef937a3761e', 'bd297142-6707-4270-92ad-0434e040da80', 'Thursday', 'efcd8688-2ab3-48c0-81fd-97afe1b52155', 1),
('34810200-a05f-4939-b77c-1c13fe361d29', 'bd297142-6707-4270-92ad-0434e040da80', 'Thursday', '5dae54e0-5c2a-4650-88b1-9bb1ccac47c2', 2),
('84740faf-3730-463c-924c-8287aa742422', 'bd297142-6707-4270-92ad-0434e040da80', 'Friday', '98ec4595-9d44-443b-bf2a-600573e98038', 0),
('493f6638-9626-4ae6-9aed-8f8c7fc9355b', 'bd297142-6707-4270-92ad-0434e040da80', 'Friday', '6ad73d14-b410-43f4-860b-af28c258b572', 1),
('27d87566-41a9-4d0d-bf7e-8902c536af08', 'bd297142-6707-4270-92ad-0434e040da80', 'Saturday', '60b7330c-3878-45b6-8d49-3e0e8e04042c', 0),
('35e0a195-541b-44e2-8f31-bdcbbc28bbbc', 'bd297142-6707-4270-92ad-0434e040da80', 'Saturday', '50ac0e48-33d8-4ccf-bed6-f7b135d9f31c', 1),
('a24506fa-5b2c-4663-93a7-75271cc55169', 'bd297142-6707-4270-92ad-0434e040da80', 'Sunday', 'e3203298-713a-414b-92dd-9465cba0c204', 0),
('98ed001f-b8c6-48d6-a1ad-7e597c4f98b2', 'bd297142-6707-4270-92ad-0434e040da80', 'Sunday', 'a7d4698b-19a3-43cc-98c4-06c9e0f62354', 1),
('6a3eedc5-b6e4-45a5-8b07-815198b46a12', 'bd297142-6707-4270-92ad-0434e040da80', 'Sunday', 'd6cfff8e-d5ce-41b6-91c5-945cc7445812', 2),
('02fcc256-8db0-469e-938b-cb42f1c162c5', 'bd297142-6707-4270-92ad-0434e040da80', 'Monday', '0a2bc0fa-2c20-450f-94d6-b94d743a6a48', 0),
('bd96296b-0d01-4c47-9f34-ff48826ea11a', 'bd297142-6707-4270-92ad-0434e040da80', 'Monday', 'f67df254-48d8-4429-b993-f98b246c5854', 1),
('c9a820bb-c4ad-43a3-8d3a-a43776b06954', 'bd297142-6707-4270-92ad-0434e040da80', 'Monday', 'b60e3a90-52fa-4179-bfef-c3984df94b2a', 2),
('ed52e64d-54ab-42ac-94dc-d9a2c1a2e684', 'bd297142-6707-4270-92ad-0434e040da80', 'Tuesday', '8422e2f0-8868-403e-ac6a-ab3c29a7d09b', 0),
('7eee0ab9-16f7-4960-8e71-d26875a02821', 'bd297142-6707-4270-92ad-0434e040da80', 'Tuesday', '68f6a614-6f58-4119-8718-3a900fafb44b', 1),
('06e7eb0e-ccb5-4c04-a27c-295268bf93e4', 'bd297142-6707-4270-92ad-0434e040da80', 'Wednesday', 'c587d9a2-6fa7-4685-9a2c-1b5de13ed058', 0),
('7244ff6e-6ea0-4398-9785-baa019816395', 'bd297142-6707-4270-92ad-0434e040da80', 'Wednesday', '65788a41-be9f-4301-8761-aa26cadf5989', 1),
('b7f74ead-1a31-46ff-abaa-6ead36ce236e', '3d24c38f-8c05-44ef-882d-fad17f595044', 'Wednesday', 'd6cfff8e-d5ce-41b6-91c5-945cc7445812', 0),
('10f233dd-4c10-4ed5-80f8-95ef5b1a5207', '3d24c38f-8c05-44ef-882d-fad17f595044', 'Wednesday', '8aa128ba-8563-4713-838d-c4e1dfc3c5f4', 1),
('fd7128ca-fc00-403d-b761-137b31911b3a', '3d24c38f-8c05-44ef-882d-fad17f595044', 'Wednesday', '6b538256-8b33-467e-935a-112ef80756b9', 2),
('02bb8a54-7b5d-4703-bae9-a1def951cfc8', '3d24c38f-8c05-44ef-882d-fad17f595044', 'Wednesday', '151ea5c0-81c1-4567-90f3-3011cda1fe16', 3),
('d43f6516-b678-4f64-8168-c2ee5181fb77', '3d24c38f-8c05-44ef-882d-fad17f595044', 'Wednesday', '8cd5c74b-8932-467a-99b9-4dc99671bd15', 4),
('adcf014d-ca55-41e6-bea3-71d0c8186337', '3d24c38f-8c05-44ef-882d-fad17f595044', 'Wednesday', 'facfa993-d3c9-4746-b67c-cdc227a43e6c', 5),
('85258852-989c-4604-997d-0690f946aea3', '3d24c38f-8c05-44ef-882d-fad17f595044', 'Friday', '98ec4595-9d44-443b-bf2a-600573e98038', 0),
('27599132-c43a-4f61-93e5-71d053a55325', '3d24c38f-8c05-44ef-882d-fad17f595044', 'Friday', '6ad73d14-b410-43f4-860b-af28c258b572', 1),
('144a8023-5da8-4b2b-bacd-9fde12bbbaf7', '3d24c38f-8c05-44ef-882d-fad17f595044', 'Thursday', '3cde939f-8b96-486d-9eb5-48069fc4500f', 0),
('7607d581-662e-4123-9e98-57c4efefdaba', '3d24c38f-8c05-44ef-882d-fad17f595044', 'Thursday', '46754eae-a571-4a46-9f5f-c18d6467a22a', 1),
('5ceb30ae-9e0c-416d-9775-b6798e2f15da', '3d24c38f-8c05-44ef-882d-fad17f595044', 'Thursday', '5dae54e0-5c2a-4650-88b1-9bb1ccac47c2', 2),
('f3bf74e4-6ec9-432c-8dba-b7480eba4c9b', '3d24c38f-8c05-44ef-882d-fad17f595044', 'Sunday', '46b923dc-5ae3-40f1-b411-65ec540b9181', 0),
('54217253-d211-42c4-b21e-626387f5a5f5', '3d24c38f-8c05-44ef-882d-fad17f595044', 'Sunday', '4ad590b7-5521-445a-a17a-25fb956561d0', 1),
('b7f26c41-599c-48ff-a1ea-b65d5bae50d1', '3d24c38f-8c05-44ef-882d-fad17f595044', 'Sunday', '93ce0e09-a416-4f5e-9f3c-65f655654556', 2),
('b3ced217-44c4-4c4d-9739-a352212fdb52', '3d24c38f-8c05-44ef-882d-fad17f595044', 'Saturday', 'cf64c0d2-2ca9-4a0b-a88e-ae6741d563b9', 0),
('402f8fe4-3e30-4449-8083-4e7391b352ca', '3d24c38f-8c05-44ef-882d-fad17f595044', 'Tuesday', 'd48dc54c-5730-4c43-871e-f2f2c758bea5', 0),
('333de474-8eb0-4073-a7aa-86bf0d35d1d1', '3d24c38f-8c05-44ef-882d-fad17f595044', 'Monday', '8c3f77a3-1d27-47b7-9785-119e805d4786', 0),
('69a123fa-5613-462d-ad8d-49511ab1c0e9', '3d24c38f-8c05-44ef-882d-fad17f595044', 'Monday', '65788a41-be9f-4301-8761-aa26cadf5989', 1),
('ca50779c-f019-4bde-89c6-efc31f9fe4f9', '740c27f1-2b01-47ca-9178-faf158da09c8', 'Friday', '7ba471c1-f880-4e4b-9558-2c191a19fca0', 0),
('46700f22-ef03-454a-b2b9-aa114c289f1f', '740c27f1-2b01-47ca-9178-faf158da09c8', 'Friday', '39159244-32b8-40dd-b953-2649ad8e725c', 1),
('fc72138c-2307-44f3-969b-09e080337ab7', '740c27f1-2b01-47ca-9178-faf158da09c8', 'Saturday', '98ec4595-9d44-443b-bf2a-600573e98038', 0),
('c666cf8e-3a0d-4fcf-bd22-0a409cda1324', '740c27f1-2b01-47ca-9178-faf158da09c8', 'Saturday', '6ad73d14-b410-43f4-860b-af28c258b572', 1),
('900d1c41-ac30-4598-b94e-9ac861bb2195', '740c27f1-2b01-47ca-9178-faf158da09c8', 'Sunday', '8aa128ba-8563-4713-838d-c4e1dfc3c5f4', 0),
('9a2c7072-27ce-484c-88aa-7756b3997955', '740c27f1-2b01-47ca-9178-faf158da09c8', 'Sunday', '68846bd2-3fc0-499b-8d19-d87a2dcf028d', 1),
('5fc1a592-8e86-497c-86f2-5effa59b4155', '740c27f1-2b01-47ca-9178-faf158da09c8', 'Sunday', '151ea5c0-81c1-4567-90f3-3011cda1fe16', 2),
('f676e274-fb06-487f-ae20-042fa9ec3eeb', '740c27f1-2b01-47ca-9178-faf158da09c8', 'Sunday', '8cd5c74b-8932-467a-99b9-4dc99671bd15', 3),
('de8f3807-1d27-4dd4-8962-e0f118c863e8', '740c27f1-2b01-47ca-9178-faf158da09c8', 'Sunday', 'b553e1bf-987f-438f-b7af-8126d2f496c4', 4),
('dc94414c-2156-4e84-9019-4431030de5f1', '740c27f1-2b01-47ca-9178-faf158da09c8', 'Monday', '3b50cbc0-6530-4f18-9f24-cdde25d9ca92', 0),
('eba046f6-881b-4280-9537-7462b3e88a78', '740c27f1-2b01-47ca-9178-faf158da09c8', 'Monday', '4ad590b7-5521-445a-a17a-25fb956561d0', 1),
('7e1ca392-32ec-4b68-8a54-a1d8cab30d10', '740c27f1-2b01-47ca-9178-faf158da09c8', 'Monday', '93ce0e09-a416-4f5e-9f3c-65f655654556', 2),
('1587580e-2bd4-46c6-8478-dae953c39a71', '740c27f1-2b01-47ca-9178-faf158da09c8', 'Tuesday', '65788a41-be9f-4301-8761-aa26cadf5989', 0),
('8a8aa3bd-4e82-46a5-a0ab-ba74ec429962', '740c27f1-2b01-47ca-9178-faf158da09c8', 'Tuesday', '4e7aaec7-005b-464b-90c0-ba746c754b8b', 1),
('6dccc37a-249a-4aab-87ed-acccc3b8d8c6', '3f0504c1-92d8-4346-99e5-7bb5fcd7d897', 'Sunday', '46b923dc-5ae3-40f1-b411-65ec540b9181', 0),
('1325d734-0dd0-4ead-ae34-92db1ea0711a', '3f0504c1-92d8-4346-99e5-7bb5fcd7d897', 'Sunday', '4ad590b7-5521-445a-a17a-25fb956561d0', 1),
('7a995595-7047-4eed-9e30-30538b0371ab', '3f0504c1-92d8-4346-99e5-7bb5fcd7d897', 'Sunday', '93ce0e09-a416-4f5e-9f3c-65f655654556', 2),
('e5824a67-f3ac-4cc9-abe0-ce66939b9a8d', '3f0504c1-92d8-4346-99e5-7bb5fcd7d897', 'Saturday', 'cf64c0d2-2ca9-4a0b-a88e-ae6741d563b9', 0),
('ff7d8061-f1c3-4353-9824-57e606de432b', '3f0504c1-92d8-4346-99e5-7bb5fcd7d897', 'Friday', '98ec4595-9d44-443b-bf2a-600573e98038', 0),
('c9d481f1-92c0-422d-a087-20e3bb131fdf', '3f0504c1-92d8-4346-99e5-7bb5fcd7d897', 'Friday', '6ad73d14-b410-43f4-860b-af28c258b572', 1),
('6e45155e-dfec-4993-b30d-3121f43799ae', '3f0504c1-92d8-4346-99e5-7bb5fcd7d897', 'Thursday', '0397420b-3a49-4a42-874d-bab4880cf474', 0),
('ff0e34fc-280f-460a-b1f1-db36ffdd64cf', '3f0504c1-92d8-4346-99e5-7bb5fcd7d897', 'Thursday', '0fcef252-e91d-40e0-bb9b-937715acf737', 1),
('c7f5aad4-2bfa-4b4e-9ade-5ccc273f22de', '3f0504c1-92d8-4346-99e5-7bb5fcd7d897', 'Wednesday', '267512d6-1522-43a7-b515-2083ccbcf83d', 0),
('c08105f5-1e1a-4761-9e77-dfd9a38341e6', '3f0504c1-92d8-4346-99e5-7bb5fcd7d897', 'Wednesday', '1f699924-f3cf-43a9-948d-0f947fd96d9d', 1),
('0b106f88-3b83-485c-a320-0f2d6ae8670d', '3f0504c1-92d8-4346-99e5-7bb5fcd7d897', 'Wednesday', 'ecc4437c-e825-4bd7-a44c-70c5ded9a0c4', 2),
('55dec3ee-55a2-411c-809f-064cce207a87', '3f0504c1-92d8-4346-99e5-7bb5fcd7d897', 'Tuesday', '60b7330c-3878-45b6-8d49-3e0e8e04042c', 0),
('30fd2a57-b6f7-4392-8f14-e55170e375e9', '3f0504c1-92d8-4346-99e5-7bb5fcd7d897', 'Tuesday', '2794c4f5-ce88-45f9-b482-367072c8e0ee', 1),
('fddae009-622b-43ae-82d7-aa166910c017', '3f0504c1-92d8-4346-99e5-7bb5fcd7d897', 'Monday', 'd6cfff8e-d5ce-41b6-91c5-945cc7445812', 0),
('4929b77a-c96f-4b81-82a7-a0cd14c23b30', '3f0504c1-92d8-4346-99e5-7bb5fcd7d897', 'Monday', 'e3203298-713a-414b-92dd-9465cba0c204', 1),
('e7a33825-1675-4ee1-abaf-5b005ae36270', '3f0504c1-92d8-4346-99e5-7bb5fcd7d897', 'Monday', '65788a41-be9f-4301-8761-aa26cadf5989', 2),
('71854b81-87fe-46b8-b991-bd2a704e221e', '8797ec6f-ad41-44aa-afa5-98ff01557e69', 'Tuesday', '7ba471c1-f880-4e4b-9558-2c191a19fca0', 0),
('1da6d7da-4493-4960-a0b4-637e0b80a7b0', '8797ec6f-ad41-44aa-afa5-98ff01557e69', 'Tuesday', '39159244-32b8-40dd-b953-2649ad8e725c', 1),
('0cf6e812-f0c3-4a0b-80f4-2f27a6c00cad', '8797ec6f-ad41-44aa-afa5-98ff01557e69', 'Wednesday', 'd48dc54c-5730-4c43-871e-f2f2c758bea5', 0),
('92579064-ec63-44fb-8813-3aa83ce4ac7e', '8797ec6f-ad41-44aa-afa5-98ff01557e69', 'Thursday', '60b7330c-3878-45b6-8d49-3e0e8e04042c', 0),
('38dc625d-e2f4-4c76-97de-a4b2c37f80b1', '8797ec6f-ad41-44aa-afa5-98ff01557e69', 'Thursday', '2794c4f5-ce88-45f9-b482-367072c8e0ee', 1),
('73fcc6b2-d953-4424-a65d-afc54e23c991', '8797ec6f-ad41-44aa-afa5-98ff01557e69', 'Friday', 'd5a185de-2b5f-4cb9-872a-11bd2f25124e', 0),
('3ea9867e-31cd-4647-b988-63335f8e25f3', '8797ec6f-ad41-44aa-afa5-98ff01557e69', 'Saturday', '8aa128ba-8563-4713-838d-c4e1dfc3c5f4', 0),
('04a0ed58-e324-4933-92f1-6e17ec1e4ead', '8797ec6f-ad41-44aa-afa5-98ff01557e69', 'Saturday', '68846bd2-3fc0-499b-8d19-d87a2dcf028d', 1),
('5ce8455c-7c2a-4860-9208-7a7430d913d3', '8797ec6f-ad41-44aa-afa5-98ff01557e69', 'Saturday', '151ea5c0-81c1-4567-90f3-3011cda1fe16', 2),
('6f631548-3e3b-41c8-ab45-d4c965b86198', '8797ec6f-ad41-44aa-afa5-98ff01557e69', 'Saturday', '8cd5c74b-8932-467a-99b9-4dc99671bd15', 3),
('3bfd6b66-09c5-4509-99b5-308c947b75ec', '8797ec6f-ad41-44aa-afa5-98ff01557e69', 'Saturday', 'b553e1bf-987f-438f-b7af-8126d2f496c4', 4),
('010167c3-df5d-43df-b56c-e5d2b25abfe6', '8797ec6f-ad41-44aa-afa5-98ff01557e69', 'Sunday', '3b50cbc0-6530-4f18-9f24-cdde25d9ca92', 0),
('d611557f-d597-445d-9036-f2fdc360b2f3', '8797ec6f-ad41-44aa-afa5-98ff01557e69', 'Sunday', '4ad590b7-5521-445a-a17a-25fb956561d0', 1),
('04524e3d-91e4-49c7-83bd-4f00cb274c1b', '8797ec6f-ad41-44aa-afa5-98ff01557e69', 'Sunday', '93ce0e09-a416-4f5e-9f3c-65f655654556', 2),
('b775f600-bab3-45cb-a99c-1457b7c1a6c9', '119ed4b4-3255-46f7-a802-154cb12295aa', 'Tuesday', 'aaa111fd-7d31-4d7b-abba-c6fd5f01a60d', 0),
('6ce58a2e-9893-45a1-8448-a8dd30c4766c', '119ed4b4-3255-46f7-a802-154cb12295aa', 'Tuesday', '8cd5c74b-8932-467a-99b9-4dc99671bd15', 1),
('ce1c4b02-501a-4455-9a11-1433f8462f8d', '119ed4b4-3255-46f7-a802-154cb12295aa', 'Tuesday', 'a72b4ed6-3a0b-402b-9f36-9e3c72cdae3f', 2),
('8fc0e46a-c3a3-44ba-800c-44311229592f', '119ed4b4-3255-46f7-a802-154cb12295aa', 'Wednesday', '1b66a9f1-413a-4ddf-9d78-885900f1581b', 0),
('7f1d454a-ce43-4997-ad63-2eb1d6911022', '119ed4b4-3255-46f7-a802-154cb12295aa', 'Wednesday', '93ce0e09-a416-4f5e-9f3c-65f655654556', 1),
('e662fac9-32a7-4855-a69a-f78efb6314b5', '119ed4b4-3255-46f7-a802-154cb12295aa', 'Wednesday', '3b50cbc0-6530-4f18-9f24-cdde25d9ca92', 2),
('5c85989c-1245-4f4f-9b98-2f4a88d80346', '119ed4b4-3255-46f7-a802-154cb12295aa', 'Thursday', '1f196de0-590f-4449-9ad2-bc1989b7927f', 0),
('816b1c83-6f0d-4102-b1cc-06fa771be7f6', '119ed4b4-3255-46f7-a802-154cb12295aa', 'Thursday', '60b7330c-3878-45b6-8d49-3e0e8e04042c', 1),
('343397d6-c324-4caa-b974-1e7839664071', '119ed4b4-3255-46f7-a802-154cb12295aa', 'Monday', 'ecc4437c-e825-4bd7-a44c-70c5ded9a0c4', 0),
('130f80ab-9994-43f7-a3c4-438b442f7279', '119ed4b4-3255-46f7-a802-154cb12295aa', 'Monday', '5dae54e0-5c2a-4650-88b1-9bb1ccac47c2', 1),
('812c7cd2-1cba-4f64-8436-556c0e00f554', '119ed4b4-3255-46f7-a802-154cb12295aa', 'Monday', '3cde939f-8b96-486d-9eb5-48069fc4500f', 2),
('93d08411-41ba-431b-abf7-3fa8d00d9249', '119ed4b4-3255-46f7-a802-154cb12295aa', 'Friday', '98ec4595-9d44-443b-bf2a-600573e98038', 0),
('6d32347c-f63f-4f84-abce-cf4c5ad9dade', '119ed4b4-3255-46f7-a802-154cb12295aa', 'Friday', '6ad73d14-b410-43f4-860b-af28c258b572', 1),
('c7b1813d-5af8-4823-b7a0-7e9ba958d61e', '119ed4b4-3255-46f7-a802-154cb12295aa', 'Saturday', '6b538256-8b33-467e-935a-112ef80756b9', 0),
('aeb43c5e-d547-4a99-b065-02f28490eddb', '119ed4b4-3255-46f7-a802-154cb12295aa', 'Saturday', '151ea5c0-81c1-4567-90f3-3011cda1fe16', 1),
('af5b2c10-3ce8-461e-a162-704aacedc34d', '119ed4b4-3255-46f7-a802-154cb12295aa', 'Saturday', '8aa128ba-8563-4713-838d-c4e1dfc3c5f4', 2),
('9f66ba28-12f6-4b04-97c7-dc7fe38d749a', '119ed4b4-3255-46f7-a802-154cb12295aa', 'Saturday', '5c843f47-f67d-439b-ac6d-05d54fc053ac', 3),
('22fa1c1f-3b7b-44c7-85ec-29f048de6925', '119ed4b4-3255-46f7-a802-154cb12295aa', 'Sunday', '2794c4f5-ce88-45f9-b482-367072c8e0ee', 0),
('1759392c-f8ca-480f-b7dc-3247ffaaddcc', '119ed4b4-3255-46f7-a802-154cb12295aa', 'Sunday', '60b7330c-3878-45b6-8d49-3e0e8e04042c', 1),
('4889c1b5-3180-41ce-ab24-d400541559da', 'ba788b8d-2ee9-475b-bd00-e07fd954330e', 'Tuesday', '46b923dc-5ae3-40f1-b411-65ec540b9181', 0),
('98f0e842-d0d2-4d85-aa23-f2a616d9d24e', 'ba788b8d-2ee9-475b-bd00-e07fd954330e', 'Tuesday', '4ad590b7-5521-445a-a17a-25fb956561d0', 1),
('7e50e420-7962-467a-b648-bc4359854215', 'ba788b8d-2ee9-475b-bd00-e07fd954330e', 'Tuesday', '93ce0e09-a416-4f5e-9f3c-65f655654556', 2),
('7b13c833-1093-444a-bb6c-8ec41b8eeef3', 'ba788b8d-2ee9-475b-bd00-e07fd954330e', 'Wednesday', 'c587d9a2-6fa7-4685-9a2c-1b5de13ed058', 0),
('1590d12e-c06c-4286-af73-c3b7d8cae52b', 'ba788b8d-2ee9-475b-bd00-e07fd954330e', 'Wednesday', '65788a41-be9f-4301-8761-aa26cadf5989', 1),
('f4673f53-9686-433a-af81-fcad8016e2a2', 'ba788b8d-2ee9-475b-bd00-e07fd954330e', 'Thursday', '7ba471c1-f880-4e4b-9558-2c191a19fca0', 0),
('f2e33ad6-2dee-48b5-a08d-9818d7fe956e', 'ba788b8d-2ee9-475b-bd00-e07fd954330e', 'Thursday', '39159244-32b8-40dd-b953-2649ad8e725c', 1),
('6f70d574-ca8c-41d5-bf7c-a90785263ad5', 'ba788b8d-2ee9-475b-bd00-e07fd954330e', 'Friday', '98ec4595-9d44-443b-bf2a-600573e98038', 0),
('22fd1d93-c1e5-4aa8-8b46-0dd6fa3d51b7', 'ba788b8d-2ee9-475b-bd00-e07fd954330e', 'Friday', '6ad73d14-b410-43f4-860b-af28c258b572', 1),
('3eb0c81d-289e-4cbb-bdcc-8583d82a7227', 'ba788b8d-2ee9-475b-bd00-e07fd954330e', 'Saturday', 'c4682790-8015-4fae-a89a-9c1dc86e01dc', 0),
('54eb7e89-0b79-4d81-ac69-99a55832ad96', 'ba788b8d-2ee9-475b-bd00-e07fd954330e', 'Sunday', 'c4682790-8015-4fae-a89a-9c1dc86e01dc', 0),
('e81a801c-15fc-4882-8290-142043da60f9', 'ba788b8d-2ee9-475b-bd00-e07fd954330e', 'Monday', '4824650f-2a3e-4237-b1cd-f78e1ddee014', 0),
('9bb0bb80-b799-416b-b683-2b22aa90fb7e', 'ba788b8d-2ee9-475b-bd00-e07fd954330e', 'Monday', '1aa8cd08-8b88-4ee1-b814-4d4bb3b027bb', 1),
('9da422f1-62a7-409c-8dbd-4d1f07ce34b1', 'ba788b8d-2ee9-475b-bd00-e07fd954330e', 'Monday', 'bb437b2f-6227-4f11-a6b9-761fd96eb812', 2),
('a9141d5c-670f-4c79-9eb2-97e7c32d4891', 'bac58448-bbd0-4b1f-90d2-638a3d30feb7', 'Friday', 'd253c964-99ec-43cb-baab-67b4d72d3388', 0),
('36008b35-cac8-4866-af1a-dca781ccd2f9', 'bac58448-bbd0-4b1f-90d2-638a3d30feb7', 'Wednesday', 'd253c964-99ec-43cb-baab-67b4d72d3388', 0),
('19627f93-1a6b-49f2-916e-6fe715d073ce', 'bac58448-bbd0-4b1f-90d2-638a3d30feb7', 'Tuesday', 'c4ea67ad-5d5a-4b5c-aab6-01d356e9eee9', 0),
('94b8d843-65fa-45a8-ac21-8826b735c5ac', 'bac58448-bbd0-4b1f-90d2-638a3d30feb7', 'Tuesday', '4f136fdb-ea0d-4eb5-8a86-a45a20cb3799', 1),
('e6f07cd6-aa5f-43bd-b466-831c3d3c76f2', 'bac58448-bbd0-4b1f-90d2-638a3d30feb7', 'Monday', '609efe6f-efab-42ec-9cad-a3d7f68ea393', 0),
('06777db2-8377-4915-9800-3d418f626567', '08ba3d65-266c-4035-9594-51f5c33f2eb6', 'Wednesday', '4e7aaec7-005b-464b-90c0-ba746c754b8b', 0),
('6049c946-ce04-43e8-b405-4a05f2a9858e', '08ba3d65-266c-4035-9594-51f5c33f2eb6', 'Wednesday', '31a2363a-d0f4-48eb-96bc-9cb34f49482b', 1),
('5a739b94-5888-47bf-ac5a-6ca17d9a2d9a', '08ba3d65-266c-4035-9594-51f5c33f2eb6', 'Thursday', '7ba471c1-f880-4e4b-9558-2c191a19fca0', 0),
('eb12640e-ea2c-44c4-90be-772db2997bf7', '08ba3d65-266c-4035-9594-51f5c33f2eb6', 'Thursday', '39159244-32b8-40dd-b953-2649ad8e725c', 1),
('0d895ba5-4146-46de-9276-7f764ddf410c', '08ba3d65-266c-4035-9594-51f5c33f2eb6', 'Friday', '98ec4595-9d44-443b-bf2a-600573e98038', 0),
('4f7243e7-8f72-4af4-babb-4fa5713a7b3d', '08ba3d65-266c-4035-9594-51f5c33f2eb6', 'Friday', '6ad73d14-b410-43f4-860b-af28c258b572', 1),
('00224e8c-97d5-4d68-bf6e-11d66a2043b5', '08ba3d65-266c-4035-9594-51f5c33f2eb6', 'Saturday', '3011ee19-4c55-4d2a-b922-bb83f221e1a9', 0),
('db5b4255-e279-471f-bb37-2bccdc56a62d', '08ba3d65-266c-4035-9594-51f5c33f2eb6', 'Saturday', '5c843f47-f67d-439b-ac6d-05d54fc053ac', 1),
('8b90c1fb-7d83-4851-a740-c9551d406bf3', '08ba3d65-266c-4035-9594-51f5c33f2eb6', 'Saturday', '65788a41-be9f-4301-8761-aa26cadf5989', 2),
('6d8c709e-e155-48fc-8522-4660263f590b', '08ba3d65-266c-4035-9594-51f5c33f2eb6', 'Tuesday', '1f196de0-590f-4449-9ad2-bc1989b7927f', 0),
('1b5fb704-a6f9-45a9-8f51-48d211edf452', '08ba3d65-266c-4035-9594-51f5c33f2eb6', 'Tuesday', '3b50cbc0-6530-4f18-9f24-cdde25d9ca92', 1),
('fd591884-95c7-4699-809e-87140c57f3d8', '08ba3d65-266c-4035-9594-51f5c33f2eb6', 'Tuesday', '4ad590b7-5521-445a-a17a-25fb956561d0', 2),
('56478047-d7be-4249-b5f2-a79bba233f60', '08ba3d65-266c-4035-9594-51f5c33f2eb6', 'Tuesday', '93ce0e09-a416-4f5e-9f3c-65f655654556', 3),
('96c56317-8c93-4a37-b397-0cf1253ebf35', '08ba3d65-266c-4035-9594-51f5c33f2eb6', 'Monday', '1f196de0-590f-4449-9ad2-bc1989b7927f', 0),
('284a79cc-fc36-40fc-8ba2-9a587d03945c', '08ba3d65-266c-4035-9594-51f5c33f2eb6', 'Monday', '68805a5a-9ff1-40cf-9aab-b31a0918e6a1', 1),
('56378c4a-1bc1-43e3-9e02-ee146ee0fed6', '08ba3d65-266c-4035-9594-51f5c33f2eb6', 'Sunday', 'c4682790-8015-4fae-a89a-9c1dc86e01dc', 0),
('6c4c632c-ea69-489c-a89c-cbe90b7fe516', '4fbcb165-2dee-44b9-8a32-479ead130ff3', 'Wednesday', '7ba471c1-f880-4e4b-9558-2c191a19fca0', 0),
('89f27518-83b0-478a-986e-90b465d669e3', '4fbcb165-2dee-44b9-8a32-479ead130ff3', 'Wednesday', '39159244-32b8-40dd-b953-2649ad8e725c', 1),
('42e2394e-25ac-4fea-bd04-dbb5e1ccb318', '4fbcb165-2dee-44b9-8a32-479ead130ff3', 'Monday', '3cde939f-8b96-486d-9eb5-48069fc4500f', 0),
('e616321f-5cc1-4725-8361-b853e51818ab', '4fbcb165-2dee-44b9-8a32-479ead130ff3', 'Monday', '5dae54e0-5c2a-4650-88b1-9bb1ccac47c2', 1),
('e6c67233-276e-4ff3-bc63-f4aaf7daeae5', '4fbcb165-2dee-44b9-8a32-479ead130ff3', 'Monday', 'ecc4437c-e825-4bd7-a44c-70c5ded9a0c4', 2),
('bd017d42-a3c0-4d50-8060-c5a75da115f6', '4fbcb165-2dee-44b9-8a32-479ead130ff3', 'Sunday', '98ec4595-9d44-443b-bf2a-600573e98038', 0),
('cbf6760b-06bd-43f9-a9fd-2dc3c24702b4', '4fbcb165-2dee-44b9-8a32-479ead130ff3', 'Sunday', '6ad73d14-b410-43f4-860b-af28c258b572', 1),
('e529a228-8776-4b7f-aa74-d9447b906bdc', '4fbcb165-2dee-44b9-8a32-479ead130ff3', 'Thursday', '07e6a1f6-e712-4347-b377-698e68e4e3bb', 0),
('ed7033f0-4e8d-4f87-8bff-34d6f1284d75', '4fbcb165-2dee-44b9-8a32-479ead130ff3', 'Thursday', 'd8368525-0ea2-4bf3-b47f-a7ab86d4fa2b', 1),
('16100dc3-92ca-4866-bc69-5c8007de11a7', '4fbcb165-2dee-44b9-8a32-479ead130ff3', 'Thursday', 'bec7d7df-04b5-4a22-aa57-515052798915', 2),
('664d8236-b939-4972-be37-c197a7ec0e3e', '4fbcb165-2dee-44b9-8a32-479ead130ff3', 'Friday', '3b50cbc0-6530-4f18-9f24-cdde25d9ca92', 0),
('ad031208-28f6-40ec-90a6-ce8dcdc8990f', '4fbcb165-2dee-44b9-8a32-479ead130ff3', 'Friday', '4ad590b7-5521-445a-a17a-25fb956561d0', 1),
('5dfb8463-7ddb-4edc-acb6-4563a9b5393c', '4fbcb165-2dee-44b9-8a32-479ead130ff3', 'Friday', '93ce0e09-a416-4f5e-9f3c-65f655654556', 2),
('14c9e9af-3fbc-418b-b9b3-5c8547363737', '4fbcb165-2dee-44b9-8a32-479ead130ff3', 'Saturday', 'cf64c0d2-2ca9-4a0b-a88e-ae6741d563b9', 0),
('6f0eabca-7ae1-4c71-80af-0b30c24ed332', '166c681b-072a-47f9-95d8-68058144abf5', 'Monday', '172d113d-2df3-4010-8abb-1c079d76afcc', 0),
('6b7e3be0-1f1e-482f-a114-dd31944ea759', '166c681b-072a-47f9-95d8-68058144abf5', 'Monday', '35715f3f-55b1-4694-9864-7f8d2e4bb2f7', 1),
('6430d460-8f92-4c9c-9ac3-cd7942a97161', '166c681b-072a-47f9-95d8-68058144abf5', 'Monday', '3f1886b1-efca-45d9-affc-5d1121622258', 2),
('a8101e20-717f-4811-b7db-92724a0577e0', '166c681b-072a-47f9-95d8-68058144abf5', 'Thursday', '3f1886b1-efca-45d9-affc-5d1121622258', 1),
('4d3b7a5f-7d5d-43de-8217-2800ea8f50ff', '166c681b-072a-47f9-95d8-68058144abf5', 'Wednesday', '3f1886b1-efca-45d9-affc-5d1121622258', 1),
('ec7b3e87-1d8d-4040-8253-6a56d3438a29', '166c681b-072a-47f9-95d8-68058144abf5', 'Tuesday', '35715f3f-55b1-4694-9864-7f8d2e4bb2f7', 1),
('101f4297-ea3b-4a1a-9f65-139311a4af4a', '166c681b-072a-47f9-95d8-68058144abf5', 'Tuesday', '3f1886b1-efca-45d9-affc-5d1121622258', 2),
('4a553691-1ea6-4781-ab2e-2da608576fca', '5d698f7a-e10c-4bd7-98cb-42c8be074a66', 'Friday', '98ec4595-9d44-443b-bf2a-600573e98038', 0),
('cb032e64-9df5-4c1b-92a0-44ba686a3fb2', '5d698f7a-e10c-4bd7-98cb-42c8be074a66', 'Friday', '6ad73d14-b410-43f4-860b-af28c258b572', 1),
('cbce09e0-1153-4872-963a-ce344a48cb88', '5d698f7a-e10c-4bd7-98cb-42c8be074a66', 'Saturday', '3cde939f-8b96-486d-9eb5-48069fc4500f', 0),
('41da0840-a4a2-4257-a58f-ecedd49dd335', '5d698f7a-e10c-4bd7-98cb-42c8be074a66', 'Saturday', '46754eae-a571-4a46-9f5f-c18d6467a22a', 1),
('1c63a270-4ec0-4db1-8d6b-2d66dd7a3d99', '5d698f7a-e10c-4bd7-98cb-42c8be074a66', 'Saturday', '5dae54e0-5c2a-4650-88b1-9bb1ccac47c2', 2),
('75d82f95-666a-4728-ab05-8892c0203eb8', '5d698f7a-e10c-4bd7-98cb-42c8be074a66', 'Sunday', '3b50cbc0-6530-4f18-9f24-cdde25d9ca92', 0),
('2114aa2a-6137-4580-bcb6-44abfe1076b4', '5d698f7a-e10c-4bd7-98cb-42c8be074a66', 'Sunday', '4ad590b7-5521-445a-a17a-25fb956561d0', 1),
('a84398d1-2e0d-4774-833a-2dfa45fe27f3', '5d698f7a-e10c-4bd7-98cb-42c8be074a66', 'Sunday', '93ce0e09-a416-4f5e-9f3c-65f655654556', 2),
('5d4c360b-cd3f-4a22-a88d-9ab935fc3a0b', '5d698f7a-e10c-4bd7-98cb-42c8be074a66', 'Tuesday', '68805a5a-9ff1-40cf-9aab-b31a0918e6a1', 0),
('2c616600-0e64-4694-bc18-a7c3922ebb58', '5d698f7a-e10c-4bd7-98cb-42c8be074a66', 'Tuesday', 'c155d19c-abd0-4af2-befb-49a33baeef8b', 1),
('989fb9bd-1279-4f7a-9b56-6351a0049e88', '5d698f7a-e10c-4bd7-98cb-42c8be074a66', 'Wednesday', '60b7330c-3878-45b6-8d49-3e0e8e04042c', 0),
('aae338df-1aab-400d-bb7b-dfd1a1a8cb9b', '5d698f7a-e10c-4bd7-98cb-42c8be074a66', 'Wednesday', '2794c4f5-ce88-45f9-b482-367072c8e0ee', 1),
('d7ac555d-1424-4160-adff-debd5c1ea9ca', '5d698f7a-e10c-4bd7-98cb-42c8be074a66', 'Thursday', '58407610-1d37-4886-9350-3f45165e3fde', 0),
('d3fa0007-2cec-4054-8b00-9aac60652f7c', '5d698f7a-e10c-4bd7-98cb-42c8be074a66', 'Thursday', 'f67df254-48d8-4429-b993-f98b246c5854', 1),
('81bf5af1-7087-4f37-a5f7-54c8a7f016ab', '5d698f7a-e10c-4bd7-98cb-42c8be074a66', 'Thursday', '7c796521-16b4-4006-90d6-6bab591e4bd1', 2),
('a9fa5322-60e0-4ead-a74e-8d355ff213e0', '5d698f7a-e10c-4bd7-98cb-42c8be074a66', 'Thursday', '0e55e08e-8e85-440a-aa9e-059d7f61be25', 3),
('5e59cb0e-662b-4005-892b-8b2c07d531c5', '5d698f7a-e10c-4bd7-98cb-42c8be074a66', 'Monday', '242dc959-05f1-4866-ab73-2a79f87efd11', 0),
('780c0b8f-69da-4437-bf60-b128f779b2a4', '5d698f7a-e10c-4bd7-98cb-42c8be074a66', 'Monday', '151ea5c0-81c1-4567-90f3-3011cda1fe16', 1),
('37b2af36-ce8a-4a20-ad1a-7a89c237c28b', '5d698f7a-e10c-4bd7-98cb-42c8be074a66', 'Monday', '8cd5c74b-8932-467a-99b9-4dc99671bd15', 2),
('0afd9b58-36e1-43ad-ae7b-8b6be9024755', '5d698f7a-e10c-4bd7-98cb-42c8be074a66', 'Monday', 'a72b4ed6-3a0b-402b-9f36-9e3c72cdae3f', 3),
('5d64421a-9a4d-4b01-857d-a0ea367ace83', '5d698f7a-e10c-4bd7-98cb-42c8be074a66', 'Monday', '5c843f47-f67d-439b-ac6d-05d54fc053ac', 4),
('1c1304f1-a497-4e70-bc25-755eb76c0df8', '077a0d87-b20d-48b7-bc39-cd3d3a7df5a8', 'Tuesday', '60b7330c-3878-45b6-8d49-3e0e8e04042c', 0),
('37a4426c-2b1e-47cd-8119-24ec016c1931', '077a0d87-b20d-48b7-bc39-cd3d3a7df5a8', 'Tuesday', '68c24e9a-516b-460b-bb68-325cb4dac214', 1),
('efdf7fe5-e02c-4342-b570-7f63ca9aded5', '077a0d87-b20d-48b7-bc39-cd3d3a7df5a8', 'Wednesday', 'c587d9a2-6fa7-4685-9a2c-1b5de13ed058', 0),
('77fb1971-1c9f-47e7-9a4b-f0e645e91a32', '077a0d87-b20d-48b7-bc39-cd3d3a7df5a8', 'Wednesday', '65788a41-be9f-4301-8761-aa26cadf5989', 1),
('2f49106d-9166-4908-ae5e-600d3da219db', '077a0d87-b20d-48b7-bc39-cd3d3a7df5a8', 'Friday', '98ec4595-9d44-443b-bf2a-600573e98038', 0),
('67614b60-e5b1-4097-a168-63a1e43138c6', '077a0d87-b20d-48b7-bc39-cd3d3a7df5a8', 'Friday', '6ad73d14-b410-43f4-860b-af28c258b572', 1),
('d69f8582-29f9-4782-8113-8cace83249ac', '077a0d87-b20d-48b7-bc39-cd3d3a7df5a8', 'Saturday', '07eb0fe8-c08d-484f-a3f9-1ea09542fa59', 0),
('0715e6db-cb88-42be-8bcd-7013f9541a36', '077a0d87-b20d-48b7-bc39-cd3d3a7df5a8', 'Saturday', '71b6aafc-2c09-4ca3-b409-298750d4f350', 1),
('27af4539-dc62-4bd7-83f7-4deb28995bd0', '077a0d87-b20d-48b7-bc39-cd3d3a7df5a8', 'Saturday', 'c6f7654f-777f-4176-88b8-00c0ed98c8ba', 2),
('73bb931c-cf51-4b1d-90cb-abc7f4a3dd72', '077a0d87-b20d-48b7-bc39-cd3d3a7df5a8', 'Sunday', 'd6cfff8e-d5ce-41b6-91c5-945cc7445812', 0),
('5bae6bb1-dda0-4a5e-b08b-93fe2c10a89b', '077a0d87-b20d-48b7-bc39-cd3d3a7df5a8', 'Sunday', 'e3203298-713a-414b-92dd-9465cba0c204', 1),
('6d61c9b0-5e11-401d-a6b2-3ae8b94cb65f', '077a0d87-b20d-48b7-bc39-cd3d3a7df5a8', 'Sunday', '65788a41-be9f-4301-8761-aa26cadf5989', 2),
('85404fa9-bc53-4eb5-9f77-bafc7c910321', '077a0d87-b20d-48b7-bc39-cd3d3a7df5a8', 'Monday', '3cde939f-8b96-486d-9eb5-48069fc4500f', 0),
('2d536db4-653c-45a8-b745-237fa8002a43', '077a0d87-b20d-48b7-bc39-cd3d3a7df5a8', 'Monday', '5dae54e0-5c2a-4650-88b1-9bb1ccac47c2', 1),
('f30818aa-3d27-4ad9-b604-a9e8d5945379', '077a0d87-b20d-48b7-bc39-cd3d3a7df5a8', 'Monday', 'ecc4437c-e825-4bd7-a44c-70c5ded9a0c4', 2),
('055a4771-3013-48a9-8be1-fdeee5d27c7a', '077a0d87-b20d-48b7-bc39-cd3d3a7df5a8', 'Thursday', '8eb11cbf-aee6-4cc3-af17-62a28691df34', 0),
('ac384206-5971-4eab-baa8-c4a848d942e5', '077a0d87-b20d-48b7-bc39-cd3d3a7df5a8', 'Thursday', '46b923dc-5ae3-40f1-b411-65ec540b9181', 1),
('8790c7c0-992b-43d2-b770-ae55abe12d76', '077a0d87-b20d-48b7-bc39-cd3d3a7df5a8', 'Thursday', 'a72b4ed6-3a0b-402b-9f36-9e3c72cdae3f', 2),
('82b3a5c8-aa52-4898-884c-8db131d67019', '81b0e955-6e11-4a8f-aaf1-fa035be7acc3', 'Wednesday', '3cde939f-8b96-486d-9eb5-48069fc4500f', 0),
('21d0c982-1169-4b86-be09-df142f39fec8', '81b0e955-6e11-4a8f-aaf1-fa035be7acc3', 'Wednesday', '46754eae-a571-4a46-9f5f-c18d6467a22a', 1),
('a2e76408-f840-42fa-b1b5-37569d2f7202', '81b0e955-6e11-4a8f-aaf1-fa035be7acc3', 'Wednesday', '5dae54e0-5c2a-4650-88b1-9bb1ccac47c2', 2),
('781ebfe5-9f65-46ed-8aaa-3345419c62d7', '81b0e955-6e11-4a8f-aaf1-fa035be7acc3', 'Thursday', '3cde939f-8b96-486d-9eb5-48069fc4500f', 0),
('2e1064dc-0da3-44d6-880f-f08d8bbd968c', '81b0e955-6e11-4a8f-aaf1-fa035be7acc3', 'Thursday', 'efcd8688-2ab3-48c0-81fd-97afe1b52155', 1),
('9ba89c5a-c96e-47f1-bf41-088c023dfd10', '81b0e955-6e11-4a8f-aaf1-fa035be7acc3', 'Thursday', '5dae54e0-5c2a-4650-88b1-9bb1ccac47c2', 2),
('09d07479-ec9d-4c9f-b0cf-792966d57ab8', '81b0e955-6e11-4a8f-aaf1-fa035be7acc3', 'Friday', '98ec4595-9d44-443b-bf2a-600573e98038', 0),
('a4f7d3bf-9403-4dad-afd5-cb1765dfe05b', '81b0e955-6e11-4a8f-aaf1-fa035be7acc3', 'Friday', '6ad73d14-b410-43f4-860b-af28c258b572', 1),
('e41e0086-012e-4e48-bef9-c9ef645e336a', '81b0e955-6e11-4a8f-aaf1-fa035be7acc3', 'Sunday', 'c4682790-8015-4fae-a89a-9c1dc86e01dc', 0),
('48c5d216-4446-4cb8-b6de-011cda8fc2c0', '81b0e955-6e11-4a8f-aaf1-fa035be7acc3', 'Saturday', '46b923dc-5ae3-40f1-b411-65ec540b9181', 0),
('547d411d-b47b-4716-882c-a63b28c0e155', '81b0e955-6e11-4a8f-aaf1-fa035be7acc3', 'Saturday', '4ad590b7-5521-445a-a17a-25fb956561d0', 1),
('2f864de2-a53b-410d-a147-c910b5ac9717', '81b0e955-6e11-4a8f-aaf1-fa035be7acc3', 'Saturday', '93ce0e09-a416-4f5e-9f3c-65f655654556', 2),
('f50992df-735e-4bc1-8b24-f0922c804880', '81b0e955-6e11-4a8f-aaf1-fa035be7acc3', 'Monday', '3e232d97-2927-48f8-a6d1-9458cced09a0', 0),
('11cb1448-e380-435a-84ad-63d514f7aea5', '81b0e955-6e11-4a8f-aaf1-fa035be7acc3', 'Monday', 'c130e4d3-f741-49d4-9103-0f0e257298ea', 1),
('89d99bb3-d7d9-40dc-b0d4-703952c5332d', '81b0e955-6e11-4a8f-aaf1-fa035be7acc3', 'Tuesday', '7ba471c1-f880-4e4b-9558-2c191a19fca0', 0),
('29c2c118-ae63-44da-9722-2c5e7e70bec5', '81b0e955-6e11-4a8f-aaf1-fa035be7acc3', 'Tuesday', '39159244-32b8-40dd-b953-2649ad8e725c', 1),
('e0c02720-d967-4f33-bba5-6f747f9d4274', '523c775e-0ca1-4cc7-9515-5373f62fb944', 'Thursday', '07eb0fe8-c08d-484f-a3f9-1ea09542fa59', 0),
('d01be7d9-7d2f-4680-8a14-7cd9337ae46b', '523c775e-0ca1-4cc7-9515-5373f62fb944', 'Thursday', '71b6aafc-2c09-4ca3-b409-298750d4f350', 1),
('7d319536-6df4-4dab-b0c2-68f1eeabcb34', '523c775e-0ca1-4cc7-9515-5373f62fb944', 'Thursday', 'c6f7654f-777f-4176-88b8-00c0ed98c8ba', 2),
('e5fc8339-a1cf-44cb-93e1-1a1f06018391', '523c775e-0ca1-4cc7-9515-5373f62fb944', 'Friday', '98ec4595-9d44-443b-bf2a-600573e98038', 0),
('d26e21e3-c0f8-43d5-9231-03f75b94bf0b', '523c775e-0ca1-4cc7-9515-5373f62fb944', 'Friday', '6ad73d14-b410-43f4-860b-af28c258b572', 1),
('77dfd67b-cff1-4b59-9c36-63c2e3e2d1ce', '523c775e-0ca1-4cc7-9515-5373f62fb944', 'Saturday', 'c4682790-8015-4fae-a89a-9c1dc86e01dc', 0),
('42e2dcb3-8491-4e36-be96-1c0ddcb93455', '523c775e-0ca1-4cc7-9515-5373f62fb944', 'Sunday', '3b50cbc0-6530-4f18-9f24-cdde25d9ca92', 0),
('9dd877b2-f44c-4607-b77e-e5dc1dccf0fb', '523c775e-0ca1-4cc7-9515-5373f62fb944', 'Sunday', '4ad590b7-5521-445a-a17a-25fb956561d0', 1),
('d149f055-fc18-455b-8d00-f2b4287656df', '523c775e-0ca1-4cc7-9515-5373f62fb944', 'Sunday', '93ce0e09-a416-4f5e-9f3c-65f655654556', 2),
('188c4ab8-422a-433c-b076-8cc90444911d', '523c775e-0ca1-4cc7-9515-5373f62fb944', 'Monday', '68805a5a-9ff1-40cf-9aab-b31a0918e6a1', 0),
('62f0f1f4-52bd-4c08-a627-02d4c5fab495', '523c775e-0ca1-4cc7-9515-5373f62fb944', 'Monday', 'c155d19c-abd0-4af2-befb-49a33baeef8b', 1),
('746a645d-ab17-4cc6-a9e8-fe5422f6586b', '523c775e-0ca1-4cc7-9515-5373f62fb944', 'Tuesday', '7ba471c1-f880-4e4b-9558-2c191a19fca0', 0),
('329bbd6f-515d-477b-9351-3dd203697fd2', '523c775e-0ca1-4cc7-9515-5373f62fb944', 'Tuesday', '39159244-32b8-40dd-b953-2649ad8e725c', 1),
('5f8d496c-9de2-4aa1-ab68-e39738c6d380', '523c775e-0ca1-4cc7-9515-5373f62fb944', 'Wednesday', '60b7330c-3878-45b6-8d49-3e0e8e04042c', 0),
('91321ee3-b673-4506-b170-9bb920937dac', '523c775e-0ca1-4cc7-9515-5373f62fb944', 'Wednesday', '50ac0e48-33d8-4ccf-bed6-f7b135d9f31c', 1),
('ade47697-2add-488a-bff9-3348198f332c', '5f35e27a-5883-45c4-a972-41e9c1d07e79', 'Monday', '8aa128ba-8563-4713-838d-c4e1dfc3c5f4', 0),
('b17d5bf3-6005-4788-b129-eddee2ad5a21', '5f35e27a-5883-45c4-a972-41e9c1d07e79', 'Monday', '68846bd2-3fc0-499b-8d19-d87a2dcf028d', 1),
('cbe29a3c-6e8a-4226-9c22-c19fc8110665', '5f35e27a-5883-45c4-a972-41e9c1d07e79', 'Monday', '151ea5c0-81c1-4567-90f3-3011cda1fe16', 2),
('032aa8f4-7ae4-46ae-8bca-2ef5e941b86c', '5f35e27a-5883-45c4-a972-41e9c1d07e79', 'Monday', '8cd5c74b-8932-467a-99b9-4dc99671bd15', 3),
('6f9a6b04-4ba8-42f8-8dc9-80e67182be42', '5f35e27a-5883-45c4-a972-41e9c1d07e79', 'Monday', 'b553e1bf-987f-438f-b7af-8126d2f496c4', 4),
('074c28b8-73c8-44db-83b8-1cd1c97c8583', '5f35e27a-5883-45c4-a972-41e9c1d07e79', 'Tuesday', '4824650f-2a3e-4237-b1cd-f78e1ddee014', 0),
('dc923d14-76b0-46fa-9aa9-a187cb0846da', '5f35e27a-5883-45c4-a972-41e9c1d07e79', 'Tuesday', '1aa8cd08-8b88-4ee1-b814-4d4bb3b027bb', 1),
('168db427-7bf8-416a-8af9-772dd10bd1e3', '5f35e27a-5883-45c4-a972-41e9c1d07e79', 'Tuesday', 'bb437b2f-6227-4f11-a6b9-761fd96eb812', 2),
('6865e022-fe20-4f26-b8e6-6a7cc4dcb5fb', '5f35e27a-5883-45c4-a972-41e9c1d07e79', 'Wednesday', 'c587d9a2-6fa7-4685-9a2c-1b5de13ed058', 0),
('c8c99f59-1b9e-4dce-82c5-256aaf1e60c7', '5f35e27a-5883-45c4-a972-41e9c1d07e79', 'Wednesday', '07e6a1f6-e712-4347-b377-698e68e4e3bb', 1),
('4a1b5e61-9cb7-4e6b-8a0a-3756e71d088b', '5f35e27a-5883-45c4-a972-41e9c1d07e79', 'Thursday', '3cde939f-8b96-486d-9eb5-48069fc4500f', 0),
('34c79187-ec3a-44b1-b975-f42651e52477', '5f35e27a-5883-45c4-a972-41e9c1d07e79', 'Thursday', 'efcd8688-2ab3-48c0-81fd-97afe1b52155', 1),
('28bb1c32-65e8-4226-82dc-dfe43f360c81', '5f35e27a-5883-45c4-a972-41e9c1d07e79', 'Thursday', '5dae54e0-5c2a-4650-88b1-9bb1ccac47c2', 2),
('ad087996-9aea-4173-afaf-862d378be267', '5f35e27a-5883-45c4-a972-41e9c1d07e79', 'Friday', '98ec4595-9d44-443b-bf2a-600573e98038', 0),
('40dc731f-b155-448a-86c4-3364440dba33', '5f35e27a-5883-45c4-a972-41e9c1d07e79', 'Friday', '6ad73d14-b410-43f4-860b-af28c258b572', 1),
('8b5a2478-9eda-454c-b925-553e76ffc4ae', '5f35e27a-5883-45c4-a972-41e9c1d07e79', 'Saturday', '60b7330c-3878-45b6-8d49-3e0e8e04042c', 0),
('6fa14d62-30b7-4f9b-8368-8f480c7c7aa7', '5f35e27a-5883-45c4-a972-41e9c1d07e79', 'Saturday', '50ac0e48-33d8-4ccf-bed6-f7b135d9f31c', 1),
('1d6239cf-1dfd-4ddb-8efb-30a3947a64dd', '5f35e27a-5883-45c4-a972-41e9c1d07e79', 'Sunday', '910a084c-b999-4ce5-8b67-101c332b1bc1', 0),
('ebcb8e5f-6c85-41ea-a75d-4d3b0262a86e', 'd744f985-7d6d-4901-8e63-774cc0411530', 'Tuesday', '3011ee19-4c55-4d2a-b922-bb83f221e1a9', 0),
('7df256a2-fbc9-4c79-a959-0d2f074f8d6e', 'd744f985-7d6d-4901-8e63-774cc0411530', 'Tuesday', '5c843f47-f67d-439b-ac6d-05d54fc053ac', 1),
('be8c3b19-83dc-4a95-92f6-26d974520bda', 'd744f985-7d6d-4901-8e63-774cc0411530', 'Tuesday', 'a7d4698b-19a3-43cc-98c4-06c9e0f62354', 2),
('476ca56b-8495-4b9e-ad45-a9b387f67fe6', 'd744f985-7d6d-4901-8e63-774cc0411530', 'Wednesday', '3cde939f-8b96-486d-9eb5-48069fc4500f', 0),
('cd810b37-5ac0-4f37-bd3c-85daab78c902', 'd744f985-7d6d-4901-8e63-774cc0411530', 'Wednesday', '46754eae-a571-4a46-9f5f-c18d6467a22a', 1),
('89ebede6-d444-40db-814a-adfb0826cb62', 'd744f985-7d6d-4901-8e63-774cc0411530', 'Wednesday', '5dae54e0-5c2a-4650-88b1-9bb1ccac47c2', 2),
('5cc820a8-e026-4816-9120-be623e358a7b', 'd744f985-7d6d-4901-8e63-774cc0411530', 'Thursday', '60b7330c-3878-45b6-8d49-3e0e8e04042c', 0),
('488d04c5-1683-43b3-ad41-5064219d3aff', 'd744f985-7d6d-4901-8e63-774cc0411530', 'Thursday', '68c24e9a-516b-460b-bb68-325cb4dac214', 1),
('bcafb0e0-cab7-4c16-a264-d3ef5c504bee', 'd744f985-7d6d-4901-8e63-774cc0411530', 'Friday', '242dc959-05f1-4866-ab73-2a79f87efd11', 0),
('d0e810f4-6385-4790-ac05-678d71a771ef', 'd744f985-7d6d-4901-8e63-774cc0411530', 'Friday', '8cd5c74b-8932-467a-99b9-4dc99671bd15', 1),
('d860a448-3480-4587-8641-f7c3575959a7', 'd744f985-7d6d-4901-8e63-774cc0411530', 'Friday', 'a72b4ed6-3a0b-402b-9f36-9e3c72cdae3f', 2),
('a31b0790-586f-4150-b835-b58a35926184', 'd744f985-7d6d-4901-8e63-774cc0411530', 'Saturday', '98ec4595-9d44-443b-bf2a-600573e98038', 0),
('820bdb41-baca-41bf-8905-4d3d6a800d58', 'd744f985-7d6d-4901-8e63-774cc0411530', 'Saturday', '6ad73d14-b410-43f4-860b-af28c258b572', 1),
('6a71bd5a-50a9-4047-8e4f-e83e8ff89005', 'd744f985-7d6d-4901-8e63-774cc0411530', 'Sunday', '4824650f-2a3e-4237-b1cd-f78e1ddee014', 0),
('67f7c425-dd20-47d5-97b2-2285618a663d', 'd744f985-7d6d-4901-8e63-774cc0411530', 'Sunday', '1aa8cd08-8b88-4ee1-b814-4d4bb3b027bb', 1),
('4d64adbd-8232-4a66-9043-a66c69174b85', 'd744f985-7d6d-4901-8e63-774cc0411530', 'Sunday', 'bb437b2f-6227-4f11-a6b9-761fd96eb812', 2),
('d0f69512-26e8-47f4-b2e2-58cefe4fbc8b', 'd744f985-7d6d-4901-8e63-774cc0411530', 'Monday', '07e6a1f6-e712-4347-b377-698e68e4e3bb', 0),
('b91c6a1f-542a-4228-b8ea-1d3a0783f9c1', 'd744f985-7d6d-4901-8e63-774cc0411530', 'Monday', 'd8368525-0ea2-4bf3-b47f-a7ab86d4fa2b', 1),
('6c64a8c7-e210-4776-a5ca-f67f24e9b722', 'd744f985-7d6d-4901-8e63-774cc0411530', 'Monday', 'bec7d7df-04b5-4a22-aa57-515052798915', 2),
('b33acfeb-65b3-457c-9a10-0ddb9952fc83', '9f5c244a-c6af-40b0-9cea-962d08e8a577', 'Saturday', '65788a41-be9f-4301-8761-aa26cadf5989', 0),
('d2a17490-501b-4122-a260-657d2bf4baa7', '9f5c244a-c6af-40b0-9cea-962d08e8a577', 'Saturday', '8c3f77a3-1d27-47b7-9785-119e805d4786', 1),
('e98f9a65-f1c9-42d6-a34a-c46fd7dce04b', '9f5c244a-c6af-40b0-9cea-962d08e8a577', 'Wednesday', '46754eae-a571-4a46-9f5f-c18d6467a22a', 0),
('f4071319-78bc-47b5-914f-29989f140f4e', '9f5c244a-c6af-40b0-9cea-962d08e8a577', 'Wednesday', '5dae54e0-5c2a-4650-88b1-9bb1ccac47c2', 1),
('f9e8d873-8cab-46bf-98b5-d9c786993176', '9f5c244a-c6af-40b0-9cea-962d08e8a577', 'Wednesday', '3cde939f-8b96-486d-9eb5-48069fc4500f', 2),
('378d6816-6479-4c4c-b55f-241875afdd50', '9f5c244a-c6af-40b0-9cea-962d08e8a577', 'Thursday', '3b50cbc0-6530-4f18-9f24-cdde25d9ca92', 0),
('0f5d3e6a-c8c9-4d97-a888-1fdbd6c11c63', '9f5c244a-c6af-40b0-9cea-962d08e8a577', 'Thursday', '4ad590b7-5521-445a-a17a-25fb956561d0', 1),
('0725dfd6-4894-45f8-baf2-90e29b3439b5', '9f5c244a-c6af-40b0-9cea-962d08e8a577', 'Thursday', '93ce0e09-a416-4f5e-9f3c-65f655654556', 2),
('e367a339-e2fe-4367-b0dc-7e370ee8bd3b', '9f5c244a-c6af-40b0-9cea-962d08e8a577', 'Sunday', '4824650f-2a3e-4237-b1cd-f78e1ddee014', 0),
('afad6f66-8887-4216-9fb5-8b04f68a97f2', '9f5c244a-c6af-40b0-9cea-962d08e8a577', 'Sunday', '1aa8cd08-8b88-4ee1-b814-4d4bb3b027bb', 1),
('07f73b0f-4dd8-4572-8466-a915ff831d46', '9f5c244a-c6af-40b0-9cea-962d08e8a577', 'Sunday', 'bb437b2f-6227-4f11-a6b9-761fd96eb812', 2),
('49a9a686-d438-4a59-b882-0cac46429bb9', '9f5c244a-c6af-40b0-9cea-962d08e8a577', 'Friday', '7ba471c1-f880-4e4b-9558-2c191a19fca0', 0),
('9a5c05d8-5647-484b-9400-3a9410a222cb', '9f5c244a-c6af-40b0-9cea-962d08e8a577', 'Friday', '39159244-32b8-40dd-b953-2649ad8e725c', 1),
('567ae083-e62b-49ff-9b48-2815f83dfb7f', '9f5c244a-c6af-40b0-9cea-962d08e8a577', 'Monday', '32de8b11-01c8-4a2b-8ba8-8bc1ff51d1b4', 0),
('8ad26055-e3b6-4562-9239-280d62be0865', '9f5c244a-c6af-40b0-9cea-962d08e8a577', 'Monday', 'f8f34879-cef8-4a64-970f-b982b50db617', 1),
('f09934b7-63d9-49af-8006-7b71ec467d36', '9f5c244a-c6af-40b0-9cea-962d08e8a577', 'Monday', '8cd5c74b-8932-467a-99b9-4dc99671bd15', 2),
('45d0db20-658b-426e-9dcd-cc0aa7b12bae', '9f5c244a-c6af-40b0-9cea-962d08e8a577', 'Tuesday', '98ec4595-9d44-443b-bf2a-600573e98038', 0),
('dcdfdcba-0c6c-4bfe-837c-4a7cc80e9c37', '9f5c244a-c6af-40b0-9cea-962d08e8a577', 'Tuesday', '6ad73d14-b410-43f4-860b-af28c258b572', 1),
('225d4842-5ce5-48ce-b7d0-92a69fa02127', 'cb87a334-1be6-483f-a860-5e6db185fde0', 'Monday', 'ecc4437c-e825-4bd7-a44c-70c5ded9a0c4', 0),
('3a88afbc-5fc5-4360-9a86-6c491e5e5dd4', 'cb87a334-1be6-483f-a860-5e6db185fde0', 'Monday', 'b7d72b95-aadd-4f94-a3c0-35a062d1fc89', 1),
('4f54a0d0-7105-4b6b-be99-27263fe0b3f1', 'cb87a334-1be6-483f-a860-5e6db185fde0', 'Monday', 'f67df254-48d8-4429-b993-f98b246c5854', 2),
('46bc0df7-1116-4117-8301-cfff07353121', 'cb87a334-1be6-483f-a860-5e6db185fde0', 'Tuesday', '07e6a1f6-e712-4347-b377-698e68e4e3bb', 0),
('4d14d908-6958-4d5a-8db0-c5af54915f02', 'cb87a334-1be6-483f-a860-5e6db185fde0', 'Tuesday', '65788a41-be9f-4301-8761-aa26cadf5989', 1),
('f65edd92-f811-493a-9597-398b87256e49', 'cb87a334-1be6-483f-a860-5e6db185fde0', 'Tuesday', 'd8368525-0ea2-4bf3-b47f-a7ab86d4fa2b', 2),
('b2332a83-779f-481e-9b87-63c105766a8d', 'cb87a334-1be6-483f-a860-5e6db185fde0', 'Tuesday', 'bec7d7df-04b5-4a22-aa57-515052798915', 3),
('96dd5f8a-07ff-422a-8ea5-32b475d09a63', 'cb87a334-1be6-483f-a860-5e6db185fde0', 'Wednesday', '60b7330c-3878-45b6-8d49-3e0e8e04042c', 0),
('8f13e092-17ed-417e-805b-954a43c76426', 'cb87a334-1be6-483f-a860-5e6db185fde0', 'Wednesday', '2794c4f5-ce88-45f9-b482-367072c8e0ee', 1),
('60d5df71-b76b-4dbb-a60e-a1f05780e86b', 'cb87a334-1be6-483f-a860-5e6db185fde0', 'Thursday', 'd6cfff8e-d5ce-41b6-91c5-945cc7445812', 0),
('6972153c-ab5e-45e2-8f7f-a9451d41ba84', 'cb87a334-1be6-483f-a860-5e6db185fde0', 'Thursday', 'e3203298-713a-414b-92dd-9465cba0c204', 1),
('17587d8a-1977-41ca-8d84-83ff03d0af99', 'cb87a334-1be6-483f-a860-5e6db185fde0', 'Thursday', '65788a41-be9f-4301-8761-aa26cadf5989', 2),
('56985516-e357-4c44-8bbd-1d40224abef1', 'cb87a334-1be6-483f-a860-5e6db185fde0', 'Friday', '98ec4595-9d44-443b-bf2a-600573e98038', 0),
('a74d7c61-7cad-4d4e-8617-ef9257a1c669', 'cb87a334-1be6-483f-a860-5e6db185fde0', 'Friday', '6ad73d14-b410-43f4-860b-af28c258b572', 1),
('1a0c6bea-7bee-45de-b2e4-7a375f9b558c', 'cb87a334-1be6-483f-a860-5e6db185fde0', 'Saturday', '3cde939f-8b96-486d-9eb5-48069fc4500f', 0),
('2f23e3d9-669a-4624-b32f-f1c0128330b1', 'cb87a334-1be6-483f-a860-5e6db185fde0', 'Saturday', '46754eae-a571-4a46-9f5f-c18d6467a22a', 1),
('696a96da-403d-4359-bf7a-9081d13a6ca7', 'cb87a334-1be6-483f-a860-5e6db185fde0', 'Saturday', '5dae54e0-5c2a-4650-88b1-9bb1ccac47c2', 2),
('bd7e16ce-d484-455b-a116-9d9df10bfa57', 'cb87a334-1be6-483f-a860-5e6db185fde0', 'Sunday', '3b50cbc0-6530-4f18-9f24-cdde25d9ca92', 0),
('988da494-69f6-4fd9-8aaa-bc3f5e2eda44', 'cb87a334-1be6-483f-a860-5e6db185fde0', 'Sunday', '4ad590b7-5521-445a-a17a-25fb956561d0', 1),
('1b13ce2a-77a1-4e0b-8721-ec0f1d180052', 'cb87a334-1be6-483f-a860-5e6db185fde0', 'Sunday', '93ce0e09-a416-4f5e-9f3c-65f655654556', 2),
('73dcceb4-7bfb-4cc7-af06-f3aded7ba57a', 'a8bd44f1-b699-478e-ae07-d5b9bde41519', 'Thursday', '3011ee19-4c55-4d2a-b922-bb83f221e1a9', 0),
('a08ad829-b00d-4523-ab5f-749673593332', 'a8bd44f1-b699-478e-ae07-d5b9bde41519', 'Thursday', '5c843f47-f67d-439b-ac6d-05d54fc053ac', 1),
('275f5e5f-642d-4d4a-9ca4-ae0cc70627b7', 'a8bd44f1-b699-478e-ae07-d5b9bde41519', 'Thursday', '65788a41-be9f-4301-8761-aa26cadf5989', 2),
('3fcb216e-2b74-4de2-9137-dbc121a2c7b4', 'a8bd44f1-b699-478e-ae07-d5b9bde41519', 'Friday', '98ec4595-9d44-443b-bf2a-600573e98038', 0),
('54bd7064-624f-46d4-bd42-b9c0681adc55', 'a8bd44f1-b699-478e-ae07-d5b9bde41519', 'Friday', '6ad73d14-b410-43f4-860b-af28c258b572', 1),
('fb944328-7106-4537-a54e-4e4450635612', 'a8bd44f1-b699-478e-ae07-d5b9bde41519', 'Saturday', 'c4682790-8015-4fae-a89a-9c1dc86e01dc', 0),
('8edbb44e-d5d3-46f2-b6e8-6dc693357706', 'a8bd44f1-b699-478e-ae07-d5b9bde41519', 'Sunday', '3b50cbc0-6530-4f18-9f24-cdde25d9ca92', 0),
('c50edfe4-4a06-4f9b-b0b9-d966aa0de4cc', 'a8bd44f1-b699-478e-ae07-d5b9bde41519', 'Sunday', '4ad590b7-5521-445a-a17a-25fb956561d0', 1),
('16ffc83e-c2ba-4c9e-8513-422f1c5654b0', 'a8bd44f1-b699-478e-ae07-d5b9bde41519', 'Sunday', '93ce0e09-a416-4f5e-9f3c-65f655654556', 2),
('563f513a-0ee6-49e5-95d2-4efeec564346', 'a8bd44f1-b699-478e-ae07-d5b9bde41519', 'Wednesday', '4824650f-2a3e-4237-b1cd-f78e1ddee014', 0),
('317ce75f-7b03-442f-8e7f-ee27013763c0', 'a8bd44f1-b699-478e-ae07-d5b9bde41519', 'Wednesday', '1aa8cd08-8b88-4ee1-b814-4d4bb3b027bb', 1),
('ffee637f-39d4-45e8-8d20-ae89f1959d1e', 'a8bd44f1-b699-478e-ae07-d5b9bde41519', 'Wednesday', 'bb437b2f-6227-4f11-a6b9-761fd96eb812', 2),
('bc98bfaf-2815-4355-a28d-cd2ed0290e5e', 'a8bd44f1-b699-478e-ae07-d5b9bde41519', 'Monday', '07e6a1f6-e712-4347-b377-698e68e4e3bb', 0),
('a5854f82-ef3f-444e-a457-0f0598dd7679', 'a8bd44f1-b699-478e-ae07-d5b9bde41519', 'Monday', '65788a41-be9f-4301-8761-aa26cadf5989', 1),
('7413c5f7-68bd-4d69-9703-66ffbc8fcb7d', 'a8bd44f1-b699-478e-ae07-d5b9bde41519', 'Monday', 'd8368525-0ea2-4bf3-b47f-a7ab86d4fa2b', 2),
('4022e59e-98c2-45b3-8b5a-7d7e815d9763', 'a8bd44f1-b699-478e-ae07-d5b9bde41519', 'Monday', 'bec7d7df-04b5-4a22-aa57-515052798915', 3),
('0c774e78-aa52-44dd-b94e-7914a6ec1b28', 'a8bd44f1-b699-478e-ae07-d5b9bde41519', 'Tuesday', '7ba471c1-f880-4e4b-9558-2c191a19fca0', 0),
('85de9c4e-fccf-406c-b93f-d2138f648bd3', 'a8bd44f1-b699-478e-ae07-d5b9bde41519', 'Tuesday', '39159244-32b8-40dd-b953-2649ad8e725c', 1),
('f5300dee-d326-4786-be4e-b131ec36637e', '4088c08b-bfd3-4c3d-ac6e-487c1a657296', 'Tuesday', '7ba471c1-f880-4e4b-9558-2c191a19fca0', 0),
('d9173170-2c75-4bb6-8ddc-6365a0d91b85', '4088c08b-bfd3-4c3d-ac6e-487c1a657296', 'Tuesday', '39159244-32b8-40dd-b953-2649ad8e725c', 1),
('0cb7719a-8cce-4585-853f-f75f399e8b99', '4088c08b-bfd3-4c3d-ac6e-487c1a657296', 'Wednesday', '65788a41-be9f-4301-8761-aa26cadf5989', 0),
('daa7cf0e-8524-4b32-9adc-d600150f6a53', '4088c08b-bfd3-4c3d-ac6e-487c1a657296', 'Wednesday', '8c3f77a3-1d27-47b7-9785-119e805d4786', 1),
('247bfeff-8e10-4e55-aedb-fecb84a72233', '4088c08b-bfd3-4c3d-ac6e-487c1a657296', 'Friday', '98ec4595-9d44-443b-bf2a-600573e98038', 0),
('7234d6e8-8262-4885-abf6-0ede59a1c874', '4088c08b-bfd3-4c3d-ac6e-487c1a657296', 'Friday', '6ad73d14-b410-43f4-860b-af28c258b572', 1),
('d64dec39-7cb4-4efc-bec3-521359f8cd3c', '4088c08b-bfd3-4c3d-ac6e-487c1a657296', 'Monday', 'd6cfff8e-d5ce-41b6-91c5-945cc7445812', 0),
('3fb8a8e8-63e4-4305-ac07-ca0aaf29db10', '4088c08b-bfd3-4c3d-ac6e-487c1a657296', 'Monday', 'e3203298-713a-414b-92dd-9465cba0c204', 1),
('ce810937-d910-43e4-9be8-dc9b63164aad', '4088c08b-bfd3-4c3d-ac6e-487c1a657296', 'Monday', '65788a41-be9f-4301-8761-aa26cadf5989', 2),
('0428c737-0c06-48c0-80ce-1792c88fdf16', '4088c08b-bfd3-4c3d-ac6e-487c1a657296', 'Sunday', '3b50cbc0-6530-4f18-9f24-cdde25d9ca92', 0),
('fc85ca5b-e5ab-4b47-b983-b4bf3ee60b45', '4088c08b-bfd3-4c3d-ac6e-487c1a657296', 'Sunday', '4ad590b7-5521-445a-a17a-25fb956561d0', 1),
('470129e7-7761-4a10-8735-3254fd1d53b4', '4088c08b-bfd3-4c3d-ac6e-487c1a657296', 'Sunday', '93ce0e09-a416-4f5e-9f3c-65f655654556', 2),
('226e8e1f-c1be-4bd0-95c7-98032b1c1e60', '4088c08b-bfd3-4c3d-ac6e-487c1a657296', 'Thursday', 'ce0eab5e-49d9-48ba-8db3-7032beb06efd', 0),
('979eb7b0-4f2c-4eac-89ab-aae0492d7dda', '4088c08b-bfd3-4c3d-ac6e-487c1a657296', 'Thursday', '3e232d97-2927-48f8-a6d1-9458cced09a0', 1),
('bf85bc17-371b-4e90-9c94-eefc76a2b0d9', '4088c08b-bfd3-4c3d-ac6e-487c1a657296', 'Saturday', '07eb0fe8-c08d-484f-a3f9-1ea09542fa59', 0),
('b39d7b9f-02fc-4a2d-a327-27fc82179d57', '4088c08b-bfd3-4c3d-ac6e-487c1a657296', 'Saturday', '71b6aafc-2c09-4ca3-b409-298750d4f350', 1),
('af9868d8-6151-4e6e-b9cc-edb4a27f625c', '4088c08b-bfd3-4c3d-ac6e-487c1a657296', 'Saturday', 'ba7a7478-9437-431a-a507-ca828302f499', 2),
('44b9c4a9-ae63-48ab-9b0a-f4a1f9dfeb53', '3569f246-4310-4f77-bab6-9be627f4e51a', 'Tuesday', '07e6a1f6-e712-4347-b377-698e68e4e3bb', 0),
('d0c852f4-77bf-4c44-8651-5f479b362ebd', '3569f246-4310-4f77-bab6-9be627f4e51a', 'Tuesday', 'd8368525-0ea2-4bf3-b47f-a7ab86d4fa2b', 1),
('d87ab184-14fe-48f8-8106-83bbd1dc3715', '3569f246-4310-4f77-bab6-9be627f4e51a', 'Tuesday', 'bec7d7df-04b5-4a22-aa57-515052798915', 2),
('4ce06da0-2136-4793-b54d-8aa2fd84ff07', '3569f246-4310-4f77-bab6-9be627f4e51a', 'Wednesday', '1eb4bd37-cdf6-4385-a996-5d439025cba2', 0),
('18020ef1-4cb9-4aa6-a1b3-f7ce3d3d136e', '3569f246-4310-4f77-bab6-9be627f4e51a', 'Wednesday', '71b6aafc-2c09-4ca3-b409-298750d4f350', 1),
('d7e34054-5f58-4ece-bd71-c5b37e7dc062', '3569f246-4310-4f77-bab6-9be627f4e51a', 'Wednesday', 'df965e37-ea3a-4571-aefe-3c4aecb330b7', 2),
('744982ec-5c7c-452f-afa8-e13c2b775d93', '3569f246-4310-4f77-bab6-9be627f4e51a', 'Thursday', '98ec4595-9d44-443b-bf2a-600573e98038', 0),
('6d620c30-4dba-4b0e-85b0-16609b1d308f', '3569f246-4310-4f77-bab6-9be627f4e51a', 'Thursday', '6ad73d14-b410-43f4-860b-af28c258b572', 1),
('51f12d6d-9ea9-4c93-8c63-4f24c652fbc7', '3569f246-4310-4f77-bab6-9be627f4e51a', 'Thursday', 'a72b4ed6-3a0b-402b-9f36-9e3c72cdae3f', 2),
('cd8d2759-5cca-4d8a-be5f-ee8290d83fb5', '3569f246-4310-4f77-bab6-9be627f4e51a', 'Sunday', '3b50cbc0-6530-4f18-9f24-cdde25d9ca92', 0),
('cc05dfb7-e910-4666-bd14-e0afda74b06f', '3569f246-4310-4f77-bab6-9be627f4e51a', 'Sunday', '4ad590b7-5521-445a-a17a-25fb956561d0', 1),
('8337ca86-0fb5-4c7c-aacc-9aafb4f9fc05', '3569f246-4310-4f77-bab6-9be627f4e51a', 'Sunday', '93ce0e09-a416-4f5e-9f3c-65f655654556', 2),
('c4f768c2-7f0a-4186-9c8f-fe7b33dbf372', '0a000f4a-c38b-4544-ae84-95fe7aa96ad1', 'Tuesday', '3cde939f-8b96-486d-9eb5-48069fc4500f', 0),
('0b2f09ec-74cb-439c-9bd4-8a6d106a420d', '0a000f4a-c38b-4544-ae84-95fe7aa96ad1', 'Tuesday', '46754eae-a571-4a46-9f5f-c18d6467a22a', 1),
('d0874da9-39d1-4193-840d-6baa114e9648', '0a000f4a-c38b-4544-ae84-95fe7aa96ad1', 'Tuesday', '5dae54e0-5c2a-4650-88b1-9bb1ccac47c2', 2),
('ccf61978-c726-4061-8526-fa9402b1e9f7', '0a000f4a-c38b-4544-ae84-95fe7aa96ad1', 'Wednesday', '7ba471c1-f880-4e4b-9558-2c191a19fca0', 0),
('94c0b9e0-5481-4f6e-beb7-d7c9b2cf9c50', '0a000f4a-c38b-4544-ae84-95fe7aa96ad1', 'Wednesday', '39159244-32b8-40dd-b953-2649ad8e725c', 1),
('3c2c6600-26b2-4b75-a184-364df15a92e5', '0a000f4a-c38b-4544-ae84-95fe7aa96ad1', 'Thursday', '97e2516f-b3ea-4146-ae4e-ce573a94a04c', 0),
('8a1c0bcc-2859-4463-9dd0-7fa2d6ffbd11', '0a000f4a-c38b-4544-ae84-95fe7aa96ad1', 'Thursday', '204f3689-436b-4dd4-91fa-f65a6d3649c1', 1),
('ad1a247f-6cb4-464a-9643-461aad83b6d2', '0a000f4a-c38b-4544-ae84-95fe7aa96ad1', 'Thursday', '0e55e08e-8e85-440a-aa9e-059d7f61be25', 2),
('378e8ae0-7455-4ab9-bfdc-a4e85b71c4c9', '0a000f4a-c38b-4544-ae84-95fe7aa96ad1', 'Friday', '98ec4595-9d44-443b-bf2a-600573e98038', 0),
('63b82465-860e-4104-bab0-3fde637cc855', '0a000f4a-c38b-4544-ae84-95fe7aa96ad1', 'Friday', '6ad73d14-b410-43f4-860b-af28c258b572', 1),
('28da3414-1071-4fa7-acb7-2a0c10769e37', '0a000f4a-c38b-4544-ae84-95fe7aa96ad1', 'Saturday', 'c4682790-8015-4fae-a89a-9c1dc86e01dc', 0),
('7d736355-3874-44b3-a95e-c6cd5ce7850a', '0a000f4a-c38b-4544-ae84-95fe7aa96ad1', 'Monday', '07e6a1f6-e712-4347-b377-698e68e4e3bb', 0),
('b2841fb7-ec53-4ab8-ae54-f86b3a52a24f', '0a000f4a-c38b-4544-ae84-95fe7aa96ad1', 'Monday', '65788a41-be9f-4301-8761-aa26cadf5989', 1),
('5fe23066-7f73-43fc-8a0d-78192579c87c', '0a000f4a-c38b-4544-ae84-95fe7aa96ad1', 'Monday', 'd8368525-0ea2-4bf3-b47f-a7ab86d4fa2b', 2),
('d078089b-aabf-443c-bba8-36a66afc2f00', '0a000f4a-c38b-4544-ae84-95fe7aa96ad1', 'Monday', 'bec7d7df-04b5-4a22-aa57-515052798915', 3),
('92403f18-ec26-436a-90cd-a22e3fa5c758', '0a000f4a-c38b-4544-ae84-95fe7aa96ad1', 'Sunday', '3011ee19-4c55-4d2a-b922-bb83f221e1a9', 0),
('4fd86811-653f-4710-9450-e4ae6267607e', '0a000f4a-c38b-4544-ae84-95fe7aa96ad1', 'Sunday', '5c843f47-f67d-439b-ac6d-05d54fc053ac', 1),
('b8cc0dd2-96be-4155-ace2-e1dfa2271242', '08d2cb9d-4a70-4c2c-b553-bfe0a6beb115', 'Tuesday', '3cde939f-8b96-486d-9eb5-48069fc4500f', 0),
('d77ae7c1-9c03-4bde-962c-fb6e30eae8fe', '08d2cb9d-4a70-4c2c-b553-bfe0a6beb115', 'Tuesday', 'efcd8688-2ab3-48c0-81fd-97afe1b52155', 1),
('b4205bb1-5e06-4cf1-a321-7455b0a722a0', '08d2cb9d-4a70-4c2c-b553-bfe0a6beb115', 'Tuesday', '5dae54e0-5c2a-4650-88b1-9bb1ccac47c2', 2),
('694b562a-f5f8-45a4-bb63-a66d02585c3d', '08d2cb9d-4a70-4c2c-b553-bfe0a6beb115', 'Wednesday', '98ec4595-9d44-443b-bf2a-600573e98038', 0),
('e14dc2b6-de17-41af-9156-cba44131e67f', '08d2cb9d-4a70-4c2c-b553-bfe0a6beb115', 'Wednesday', '6ad73d14-b410-43f4-860b-af28c258b572', 1),
('ac6321c4-0622-49e4-8cd0-6934c1900f31', '08d2cb9d-4a70-4c2c-b553-bfe0a6beb115', 'Thursday', '7ba471c1-f880-4e4b-9558-2c191a19fca0', 0),
('745932d7-d15c-4893-ae53-98feb9e4b8cb', '08d2cb9d-4a70-4c2c-b553-bfe0a6beb115', 'Thursday', '39159244-32b8-40dd-b953-2649ad8e725c', 1),
('b38f2ef5-4c05-4a13-8efd-5a9eb7483de0', '08d2cb9d-4a70-4c2c-b553-bfe0a6beb115', 'Friday', '1b66a9f1-413a-4ddf-9d78-885900f1581b', 0),
('bf864a53-80f0-43fd-8d63-d9f4fe65c001', '08d2cb9d-4a70-4c2c-b553-bfe0a6beb115', 'Friday', '46b923dc-5ae3-40f1-b411-65ec540b9181', 1),
('d2fb0873-9629-4c9c-b0ff-97c32fbac05b', '08d2cb9d-4a70-4c2c-b553-bfe0a6beb115', 'Friday', '93ce0e09-a416-4f5e-9f3c-65f655654556', 2),
('5dc388ab-5180-4b05-a250-666fbaae3d15', '08d2cb9d-4a70-4c2c-b553-bfe0a6beb115', 'Saturday', '65788a41-be9f-4301-8761-aa26cadf5989', 0),
('6f87da3a-f1b6-4de4-97ad-8c639f19300b', '08d2cb9d-4a70-4c2c-b553-bfe0a6beb115', 'Saturday', '4e7aaec7-005b-464b-90c0-ba746c754b8b', 1),
('b40ec6ff-edaf-4c25-805d-b6089b813bc2', '247758e4-c42d-4f7c-a6d2-84798396b1d1', 'Wednesday', '3011ee19-4c55-4d2a-b922-bb83f221e1a9', 0),
('dfcdc4cd-9de6-4db2-a4db-8472fcaa7cae', '247758e4-c42d-4f7c-a6d2-84798396b1d1', 'Wednesday', 'a72b4ed6-3a0b-402b-9f36-9e3c72cdae3f', 1),
('0f73c4b0-eb47-4821-9527-8ab18d8cf82f', '247758e4-c42d-4f7c-a6d2-84798396b1d1', 'Thursday', '8422e2f0-8868-403e-ac6a-ab3c29a7d09b', 0),
('d35af905-c0e2-4cae-8f84-5284374a9725', '247758e4-c42d-4f7c-a6d2-84798396b1d1', 'Thursday', '68f6a614-6f58-4119-8718-3a900fafb44b', 1),
('13dcfc4a-8bd8-45df-bb28-bf02122a24a5', '247758e4-c42d-4f7c-a6d2-84798396b1d1', 'Friday', '60b7330c-3878-45b6-8d49-3e0e8e04042c', 0),
('b399b1bd-e79c-4ab2-87f2-54c6e8ccfe7f', '247758e4-c42d-4f7c-a6d2-84798396b1d1', 'Friday', '68c24e9a-516b-460b-bb68-325cb4dac214', 1),
('89220bc1-86f8-4f9d-b67e-2203810d443d', '247758e4-c42d-4f7c-a6d2-84798396b1d1', 'Saturday', '65788a41-be9f-4301-8761-aa26cadf5989', 0),
('323ee2b3-9b11-4137-a436-a2942a9e1d4a', '247758e4-c42d-4f7c-a6d2-84798396b1d1', 'Saturday', '8c3f77a3-1d27-47b7-9785-119e805d4786', 1),
('5532ea91-c960-40cd-bf3c-1a14bc6a77ba', '247758e4-c42d-4f7c-a6d2-84798396b1d1', 'Sunday', '4824650f-2a3e-4237-b1cd-f78e1ddee014', 0),
('587b2cd2-baa7-4301-b72f-4aec0b02e123', '247758e4-c42d-4f7c-a6d2-84798396b1d1', 'Sunday', '1aa8cd08-8b88-4ee1-b814-4d4bb3b027bb', 1),
('a6f28a35-6738-45ae-b4fd-76b5825b5508', '247758e4-c42d-4f7c-a6d2-84798396b1d1', 'Sunday', 'bb437b2f-6227-4f11-a6b9-761fd96eb812', 2),
('82569529-566e-40bb-8811-150564c2659b', '247758e4-c42d-4f7c-a6d2-84798396b1d1', 'Tuesday', '65788a41-be9f-4301-8761-aa26cadf5989', 0),
('4e1f482c-18f5-4c59-a733-016c64b4c11c', '247758e4-c42d-4f7c-a6d2-84798396b1d1', 'Tuesday', '4e7aaec7-005b-464b-90c0-ba746c754b8b', 1),
('690a8e64-c5f4-4a28-80ef-b3b78f5250bc', 'c86d933b-b196-456b-bc39-6175a94971ce', 'Wednesday', 'aaa111fd-7d31-4d7b-abba-c6fd5f01a60d', 0),
('09c495ed-1219-4f0c-8fe3-a5acc8ee6257', 'c86d933b-b196-456b-bc39-6175a94971ce', 'Wednesday', '8cd5c74b-8932-467a-99b9-4dc99671bd15', 1),
('40b7a7b0-dd10-47ca-bfe6-e45031fbda1d', 'c86d933b-b196-456b-bc39-6175a94971ce', 'Wednesday', 'facfa993-d3c9-4746-b67c-cdc227a43e6c', 2),
('e60fe237-7699-4611-8c82-aa877b5356dd', 'c86d933b-b196-456b-bc39-6175a94971ce', 'Friday', '98ec4595-9d44-443b-bf2a-600573e98038', 0),
('92d42cf4-6965-4f24-aa73-b2b173fd6c7a', 'c86d933b-b196-456b-bc39-6175a94971ce', 'Friday', '6ad73d14-b410-43f4-860b-af28c258b572', 1),
('e3522abd-5563-4958-9042-164a264376d1', 'c86d933b-b196-456b-bc39-6175a94971ce', 'Thursday', '3cde939f-8b96-486d-9eb5-48069fc4500f', 0),
('ca2e0820-0f63-4b9b-ba61-8924d21a6030', 'c86d933b-b196-456b-bc39-6175a94971ce', 'Thursday', '46754eae-a571-4a46-9f5f-c18d6467a22a', 1),
('a77ad022-1fa0-4aa5-86bb-54962550dff8', 'c86d933b-b196-456b-bc39-6175a94971ce', 'Thursday', '5dae54e0-5c2a-4650-88b1-9bb1ccac47c2', 2),
('fab2c69f-17bb-4147-9fd0-3e95b93471a5', 'c86d933b-b196-456b-bc39-6175a94971ce', 'Saturday', '60b7330c-3878-45b6-8d49-3e0e8e04042c', 0),
('39a9569e-a2a4-4deb-8d1c-5e5f6b0cf58c', 'c86d933b-b196-456b-bc39-6175a94971ce', 'Saturday', '68c24e9a-516b-460b-bb68-325cb4dac214', 1),
('e2c2bd36-da1e-4af7-a2cc-9956e124042a', 'c86d933b-b196-456b-bc39-6175a94971ce', 'Sunday', 'e7c20dfd-fd12-41d0-a432-e308ed099c9e', 0),
('c64bc4dc-3685-4494-99b6-19bfe3789f7c', 'c86d933b-b196-456b-bc39-6175a94971ce', 'Sunday', 'fc597eac-c363-404e-b985-45f428634079', 1),
('bb9d5700-852e-45e5-80ba-859a27c226ec', 'c86d933b-b196-456b-bc39-6175a94971ce', 'Sunday', 'f81e0ba7-8189-4514-aacd-c288fcb0e54d', 2),
('4828067b-89a5-4472-9f6b-4cd88e41e6cb', 'c86d933b-b196-456b-bc39-6175a94971ce', 'Monday', 'cf64c0d2-2ca9-4a0b-a88e-ae6741d563b9', 0),
('244da486-3373-49b8-8359-ca65bf418f97', 'c86d933b-b196-456b-bc39-6175a94971ce', 'Tuesday', '1eb4bd37-cdf6-4385-a996-5d439025cba2', 0),
('649dae41-5996-4c2c-b642-2a9c195e73bc', 'c86d933b-b196-456b-bc39-6175a94971ce', 'Tuesday', '71b6aafc-2c09-4ca3-b409-298750d4f350', 1),
('2ef4e8d7-8b93-461e-a824-464fdbff685c', 'c86d933b-b196-456b-bc39-6175a94971ce', 'Tuesday', 'df965e37-ea3a-4571-aefe-3c4aecb330b7', 2),
('595a4d23-003e-4c96-8608-6775c012f6e7', '0d9e3e4d-74d4-4a09-bd6e-43a86290764c', 'Tuesday', '65788a41-be9f-4301-8761-aa26cadf5989', 0),
('34f92c1b-b18b-4f7e-976e-71ff816be7ee', '0d9e3e4d-74d4-4a09-bd6e-43a86290764c', 'Tuesday', 'd8368525-0ea2-4bf3-b47f-a7ab86d4fa2b', 1),
('6a8fee3b-ea38-44c2-b4a0-770ca020fa11', '0d9e3e4d-74d4-4a09-bd6e-43a86290764c', 'Tuesday', 'bec7d7df-04b5-4a22-aa57-515052798915', 2),
('314a418a-02d9-487e-9233-b6b88daa7432', '0d9e3e4d-74d4-4a09-bd6e-43a86290764c', 'Wednesday', '910a084c-b999-4ce5-8b67-101c332b1bc1', 0),
('e4e1c296-0c7f-4def-8b41-5fb19933fda2', '0d9e3e4d-74d4-4a09-bd6e-43a86290764c', 'Thursday', '50ac0e48-33d8-4ccf-bed6-f7b135d9f31c', 0),
('41389816-8861-41cb-b692-f2d4d77e9a7d', '0d9e3e4d-74d4-4a09-bd6e-43a86290764c', 'Thursday', '60b7330c-3878-45b6-8d49-3e0e8e04042c', 1),
('e58292d5-6a59-4566-ad2f-e96dd1100d95', '0d9e3e4d-74d4-4a09-bd6e-43a86290764c', 'Friday', '98ec4595-9d44-443b-bf2a-600573e98038', 0),
('aedb9b29-802e-4edf-af92-6087ff02692a', '0d9e3e4d-74d4-4a09-bd6e-43a86290764c', 'Friday', '6ad73d14-b410-43f4-860b-af28c258b572', 1),
('43fdee7d-bd9b-48cd-b3ca-1d08f59bc52a', '0d9e3e4d-74d4-4a09-bd6e-43a86290764c', 'Saturday', 'e3203298-713a-414b-92dd-9465cba0c204', 0),
('24ec6333-56f3-4fb8-8b79-acf9eb44d8f2', '0d9e3e4d-74d4-4a09-bd6e-43a86290764c', 'Saturday', 'd6cfff8e-d5ce-41b6-91c5-945cc7445812', 1),
('cc24f093-20e1-4599-9ffe-d4e7546ef5d7', '0d9e3e4d-74d4-4a09-bd6e-43a86290764c', 'Saturday', '65788a41-be9f-4301-8761-aa26cadf5989', 2),
('78f7f52b-ebaa-48d4-a798-7bca476c744d', '0d9e3e4d-74d4-4a09-bd6e-43a86290764c', 'Sunday', '68805a5a-9ff1-40cf-9aab-b31a0918e6a1', 0),
('1d870c0d-d700-4f6b-8c54-aec7cf539614', '0d9e3e4d-74d4-4a09-bd6e-43a86290764c', 'Sunday', 'c155d19c-abd0-4af2-befb-49a33baeef8b', 1),
('851abbff-b3cc-4eb6-bc8e-395d7777e0d9', '0d9e3e4d-74d4-4a09-bd6e-43a86290764c', 'Monday', '3b50cbc0-6530-4f18-9f24-cdde25d9ca92', 0),
('e83c7586-0e9a-4684-836d-aedeb764cf3b', '0d9e3e4d-74d4-4a09-bd6e-43a86290764c', 'Monday', '4ad590b7-5521-445a-a17a-25fb956561d0', 1),
('3cc0b769-e217-4255-9db8-505192cfd0e2', '0d9e3e4d-74d4-4a09-bd6e-43a86290764c', 'Monday', '93ce0e09-a416-4f5e-9f3c-65f655654556', 2),
('e794a21b-75da-4a69-8a89-04e6d808e491', 'b2c4ff69-a34d-4b49-9275-3c3122698560', 'Thursday', '07e6a1f6-e712-4347-b377-698e68e4e3bb', 0),
('fe0d985e-ffff-4b93-b452-2945c23f74c9', 'b2c4ff69-a34d-4b49-9275-3c3122698560', 'Thursday', 'd8368525-0ea2-4bf3-b47f-a7ab86d4fa2b', 1),
('ba280d58-c95f-4ff6-9cd2-0add9f1ff3f0', 'b2c4ff69-a34d-4b49-9275-3c3122698560', 'Thursday', 'bec7d7df-04b5-4a22-aa57-515052798915', 2),
('17daf9a2-632e-43fd-8997-1cbc0f1b0f85', 'b2c4ff69-a34d-4b49-9275-3c3122698560', 'Friday', '98ec4595-9d44-443b-bf2a-600573e98038', 0),
('471ac5a1-e8f3-44b4-9c38-2425758ad792', 'b2c4ff69-a34d-4b49-9275-3c3122698560', 'Friday', '6ad73d14-b410-43f4-860b-af28c258b572', 1),
('1cc96621-ca3f-4da6-804a-cd76f23a3ba6', 'b2c4ff69-a34d-4b49-9275-3c3122698560', 'Sunday', '9f90fcc5-6dbd-432b-88e3-76331e710b6e', 0),
('c01027ea-0363-4dba-a6e6-5272cf20fd80', 'b2c4ff69-a34d-4b49-9275-3c3122698560', 'Sunday', 'cc00c42a-38b1-463a-81c7-706ce2af8f5e', 1),
('7f7e2992-2195-4dea-b576-6ca7ca254ec4', 'b2c4ff69-a34d-4b49-9275-3c3122698560', 'Sunday', '0fcef252-e91d-40e0-bb9b-937715acf737', 2),
('ffcf0acf-2eef-42fa-986c-a071c20625ba', 'b2c4ff69-a34d-4b49-9275-3c3122698560', 'Monday', '7ba471c1-f880-4e4b-9558-2c191a19fca0', 0),
('b43b7a14-6a2b-4851-8d3d-75f77b6b7814', 'b2c4ff69-a34d-4b49-9275-3c3122698560', 'Monday', '39159244-32b8-40dd-b953-2649ad8e725c', 1),
('a8b00df3-84c9-4018-9670-a1b73f39f7cd', 'b2c4ff69-a34d-4b49-9275-3c3122698560', 'Wednesday', 'f270c500-f605-404f-9564-11287443b4cd', 0),
('0e02d2f0-4b3c-4656-9adb-ed1ce3e3a2c7', 'b2c4ff69-a34d-4b49-9275-3c3122698560', 'Wednesday', '71b6aafc-2c09-4ca3-b409-298750d4f350', 1),
('aeef4779-4f60-4057-b4a1-c671d0b68d2d', 'b2c4ff69-a34d-4b49-9275-3c3122698560', 'Saturday', 'b7d72b95-aadd-4f94-a3c0-35a062d1fc89', 0),
('bc8fcefe-e0bb-4348-90ae-db5b3686371d', 'b2c4ff69-a34d-4b49-9275-3c3122698560', 'Saturday', '46b923dc-5ae3-40f1-b411-65ec540b9181', 1),
('0ee6d37e-1902-4b6a-b977-0ed9e930a033', 'c0b83dbf-0738-4a18-8648-b63d700fa1c3', 'Wednesday', '462d4217-5648-496b-a981-ba516715d5a9', 0),
('bd5b57fe-ecab-4f4a-b5d6-d7aaf9e6b4ed', 'c0b83dbf-0738-4a18-8648-b63d700fa1c3', 'Wednesday', '3e232d97-2927-48f8-a6d1-9458cced09a0', 1),
('e8e2c39b-1951-43af-963a-86487c7db1c5', 'c0b83dbf-0738-4a18-8648-b63d700fa1c3', 'Thursday', '3cde939f-8b96-486d-9eb5-48069fc4500f', 0),
('cfc6a70d-b5ca-4b4e-8f88-8dfd11159ab1', 'c0b83dbf-0738-4a18-8648-b63d700fa1c3', 'Thursday', '46754eae-a571-4a46-9f5f-c18d6467a22a', 1),
('628f0abb-1832-424f-b29f-85b22bde3df9', 'c0b83dbf-0738-4a18-8648-b63d700fa1c3', 'Thursday', '5dae54e0-5c2a-4650-88b1-9bb1ccac47c2', 2),
('fff6a784-8a10-4100-be24-7d01b6244184', 'c0b83dbf-0738-4a18-8648-b63d700fa1c3', 'Friday', '98ec4595-9d44-443b-bf2a-600573e98038', 0),
('01aabd52-6497-4c4c-a06d-b5ea7759c4ea', 'c0b83dbf-0738-4a18-8648-b63d700fa1c3', 'Friday', '6ad73d14-b410-43f4-860b-af28c258b572', 1),
('331f4acd-2da1-4589-bab7-4a58d77f97a1', 'c0b83dbf-0738-4a18-8648-b63d700fa1c3', 'Sunday', 'c4682790-8015-4fae-a89a-9c1dc86e01dc', 0),
('fed06b8f-93fb-4915-9d35-64ee019e2f07', 'c0b83dbf-0738-4a18-8648-b63d700fa1c3', 'Saturday', 'd6cfff8e-d5ce-41b6-91c5-945cc7445812', 0),
('12af99f1-ee8c-4823-a524-95423ce1a4d1', 'c0b83dbf-0738-4a18-8648-b63d700fa1c3', 'Saturday', '8aa128ba-8563-4713-838d-c4e1dfc3c5f4', 1),
('5d470283-b9ac-4728-9605-713e95c1c588', 'c0b83dbf-0738-4a18-8648-b63d700fa1c3', 'Saturday', '6b538256-8b33-467e-935a-112ef80756b9', 2),
('51a93c71-ea9a-492c-aa93-7d1652046cec', 'c0b83dbf-0738-4a18-8648-b63d700fa1c3', 'Saturday', '151ea5c0-81c1-4567-90f3-3011cda1fe16', 3),
('138a03f8-fcad-44bf-a1be-ff2610e671a0', 'c0b83dbf-0738-4a18-8648-b63d700fa1c3', 'Saturday', '8cd5c74b-8932-467a-99b9-4dc99671bd15', 4),
('43ae05d5-b714-4d27-8072-ed399bcc2a85', 'c0b83dbf-0738-4a18-8648-b63d700fa1c3', 'Saturday', 'facfa993-d3c9-4746-b67c-cdc227a43e6c', 5),
('ce595560-cc34-4ba5-89c3-9a75e7c7d4ae', 'c0b83dbf-0738-4a18-8648-b63d700fa1c3', 'Monday', '3b50cbc0-6530-4f18-9f24-cdde25d9ca92', 0),
('abe0431c-bd7b-464c-9a81-c679bc648f86', 'c0b83dbf-0738-4a18-8648-b63d700fa1c3', 'Monday', '4ad590b7-5521-445a-a17a-25fb956561d0', 1),
('8d104f08-5539-45d3-bd71-b1800b3c32a2', 'c0b83dbf-0738-4a18-8648-b63d700fa1c3', 'Monday', '93ce0e09-a416-4f5e-9f3c-65f655654556', 2),
('06fa55e3-8760-4789-8827-65aac86cfe58', 'c0b83dbf-0738-4a18-8648-b63d700fa1c3', 'Tuesday', 'c587d9a2-6fa7-4685-9a2c-1b5de13ed058', 0),
('9785e190-cfcd-41ad-b5a7-f325bb91d1ae', 'c0b83dbf-0738-4a18-8648-b63d700fa1c3', 'Tuesday', '65788a41-be9f-4301-8761-aa26cadf5989', 1),
('67512b2c-52a1-4e09-8553-7f38ef087e7c', '27fc0f7f-ed54-4814-82d4-1cdfee5d7aa2', 'Monday', 'ebae32d3-d9e2-4ca0-8500-b2a29e155321', 0),
('9748293f-e6e9-4e7a-b1f1-c74b47a19cd0', '27fc0f7f-ed54-4814-82d4-1cdfee5d7aa2', 'Tuesday', '8aa128ba-8563-4713-838d-c4e1dfc3c5f4', 0),
('6fe89f92-bf46-426c-871a-2e20e0da7aad', '27fc0f7f-ed54-4814-82d4-1cdfee5d7aa2', 'Tuesday', '68846bd2-3fc0-499b-8d19-d87a2dcf028d', 1),
('5b756c8e-482d-4404-a715-c80bd9feba04', '27fc0f7f-ed54-4814-82d4-1cdfee5d7aa2', 'Tuesday', '151ea5c0-81c1-4567-90f3-3011cda1fe16', 2),
('c55e13d6-702b-46b9-873b-569507a32806', '27fc0f7f-ed54-4814-82d4-1cdfee5d7aa2', 'Tuesday', '8cd5c74b-8932-467a-99b9-4dc99671bd15', 3),
('8c6ae2d6-9086-43e1-815b-99834ddf6834', '27fc0f7f-ed54-4814-82d4-1cdfee5d7aa2', 'Tuesday', 'b553e1bf-987f-438f-b7af-8126d2f496c4', 4),
('e57555bc-8617-4fda-a3cf-a62086bd7133', '27fc0f7f-ed54-4814-82d4-1cdfee5d7aa2', 'Wednesday', '4824650f-2a3e-4237-b1cd-f78e1ddee014', 0),
('751aac9c-ffd2-4b19-b257-dffd4c68bdb5', '27fc0f7f-ed54-4814-82d4-1cdfee5d7aa2', 'Wednesday', '1aa8cd08-8b88-4ee1-b814-4d4bb3b027bb', 1),
('bc8d2bc7-2418-402c-ae2e-37e0bbdc6c7a', '27fc0f7f-ed54-4814-82d4-1cdfee5d7aa2', 'Wednesday', 'bb437b2f-6227-4f11-a6b9-761fd96eb812', 2),
('d5f33190-a7b7-416d-b763-e44acefe2ebf', '27fc0f7f-ed54-4814-82d4-1cdfee5d7aa2', 'Thursday', 'c587d9a2-6fa7-4685-9a2c-1b5de13ed058', 0),
('62ee3162-8802-4d86-bb75-eb3ecd833f12', '27fc0f7f-ed54-4814-82d4-1cdfee5d7aa2', 'Thursday', '65788a41-be9f-4301-8761-aa26cadf5989', 1),
('0f1a7977-9df1-4038-a9cf-222278cd8699', '27fc0f7f-ed54-4814-82d4-1cdfee5d7aa2', 'Friday', '98ec4595-9d44-443b-bf2a-600573e98038', 0),
('581cc2e3-3c72-4cf0-8b79-f0d2f1a4b1b7', '27fc0f7f-ed54-4814-82d4-1cdfee5d7aa2', 'Friday', '6ad73d14-b410-43f4-860b-af28c258b572', 1),
('397154e4-59c7-4279-b95c-5d316cf6e5d6', '27fc0f7f-ed54-4814-82d4-1cdfee5d7aa2', 'Sunday', '3b50cbc0-6530-4f18-9f24-cdde25d9ca92', 0),
('24882e66-9fb2-43c8-a0c5-a3c2cc2185de', '27fc0f7f-ed54-4814-82d4-1cdfee5d7aa2', 'Sunday', '4ad590b7-5521-445a-a17a-25fb956561d0', 1),
('4b87d18f-e555-4234-8c81-b566fd8349d6', '27fc0f7f-ed54-4814-82d4-1cdfee5d7aa2', 'Sunday', '93ce0e09-a416-4f5e-9f3c-65f655654556', 2),
('efc44fd5-1507-4ad0-ad43-5ff1e4fee310', '4831925d-64af-4207-a47f-2eb5a735e80b', 'Monday', '8522d9a7-83e7-4344-84e3-be16bad84f21', 0),
('5a5a8c25-d4ef-4add-90cf-824d172316f4', '4831925d-64af-4207-a47f-2eb5a735e80b', 'Monday', '7f492b6f-16f6-4ad3-a741-eee4e9bd5deb', 1),
('45ed13dc-8c68-49c6-a46b-5a748db0af99', '4831925d-64af-4207-a47f-2eb5a735e80b', 'Tuesday', '61a7aa60-2c1a-450a-bdd0-8d08c29f3470', 0),
('07b32d45-574c-42b6-85ba-eb0f42e131cd', '4831925d-64af-4207-a47f-2eb5a735e80b', 'Tuesday', '4d8f1a4c-3049-46a9-b450-b846f38f68c4', 1),
('4b07fcd9-628d-4e2f-ade0-580808acced0', '4831925d-64af-4207-a47f-2eb5a735e80b', 'Wednesday', 'db8de262-4a0f-4ab9-a1ca-1e27f4325337', 0),
('63fd0bd4-38c4-4532-90e9-cc6e9c5df85e', '4831925d-64af-4207-a47f-2eb5a735e80b', 'Wednesday', '5a9b70c7-3a6e-4d72-afb7-c0af18d930cb', 1),
('7b58e3ec-4ce3-4e54-ba20-1c41e8d25a48', '4831925d-64af-4207-a47f-2eb5a735e80b', 'Thursday', '799d16e1-60da-491e-aa2d-c1c2fabcdc0c', 0),
('cc8160c0-2334-4dad-a20c-d6d65ee2d9ab', '4831925d-64af-4207-a47f-2eb5a735e80b', 'Friday', '5be6b5be-c427-4ac8-83db-0f9ce80636e7', 0),
('7ef0b7be-896a-4c59-979e-8c42574fc63b', '4831925d-64af-4207-a47f-2eb5a735e80b', 'Friday', '4ade9cb7-d1cf-4ba4-aba9-dd62c3094df6', 1),
('6faaa824-1b71-4e0a-9acf-abef1adfe662', '4831925d-64af-4207-a47f-2eb5a735e80b', 'Saturday', '36a65a6f-fa9c-4b1a-b9e5-04c7079645a7', 0),
('b19bf7db-3e32-418a-b460-1ab83306fff8', '4831925d-64af-4207-a47f-2eb5a735e80b', 'Saturday', '4ade9cb7-d1cf-4ba4-aba9-dd62c3094df6', 1),
('b7cdf15f-e7bf-4af4-9c8f-68dc11963505', '4831925d-64af-4207-a47f-2eb5a735e80b', 'Sunday', '21d743bd-3f0d-43bf-98a2-c9d8428182aa', 0),
('795ca899-b41d-4821-92a5-cb11d880c9c7', '4831925d-64af-4207-a47f-2eb5a735e80b', 'Sunday', '024fc8ef-d178-44b3-b125-5a3f6fc3d4d9', 1),
('6d7f8421-d6cf-4d13-8611-26d1ef306636', '4831925d-64af-4207-a47f-2eb5a735e80b', 'Sunday', 'f5023b2e-9c2b-4d5b-88c5-5ddc130184f9', 2),
('e5415ec4-8deb-4a14-b5a0-1f8515d4d02c', '7aaff158-7e35-49d6-b9c6-6aea6a0c95c0', 'Saturday', '3e232d97-2927-48f8-a6d1-9458cced09a0', 0),
('30fce15e-6b8c-424a-ac72-8e4fadbaaaa4', '7aaff158-7e35-49d6-b9c6-6aea6a0c95c0', 'Saturday', 'c9c3dd68-5b14-485c-97a1-a14247a71fad', 1),
('98a45b64-03a2-4cbb-b94d-af46974b2c5e', '7aaff158-7e35-49d6-b9c6-6aea6a0c95c0', 'Sunday', '4e7aaec7-005b-464b-90c0-ba746c754b8b', 0),
('7464343f-1504-4d83-afc4-db215b5ccd18', '7aaff158-7e35-49d6-b9c6-6aea6a0c95c0', 'Sunday', '676dc102-8ae4-4d5c-a51e-e23e17d38f46', 1),
('1e47b20d-7e22-483a-85ed-90c4886e8383', '7aaff158-7e35-49d6-b9c6-6aea6a0c95c0', 'Monday', '46b923dc-5ae3-40f1-b411-65ec540b9181', 0),
('1bad711b-aa89-4c3a-945a-9a1bcbb5d1ce', '7aaff158-7e35-49d6-b9c6-6aea6a0c95c0', 'Monday', '4ad590b7-5521-445a-a17a-25fb956561d0', 1),
('92d1b1be-bd7b-454b-9931-02c9650cbb66', '7aaff158-7e35-49d6-b9c6-6aea6a0c95c0', 'Monday', '93ce0e09-a416-4f5e-9f3c-65f655654556', 2),
('195e3699-08ae-4759-9bb2-d0596a7b7ee2', '7aaff158-7e35-49d6-b9c6-6aea6a0c95c0', 'Tuesday', '7ba471c1-f880-4e4b-9558-2c191a19fca0', 0),
('0789dc43-1d91-47a4-a805-5f8e81efec2c', '7aaff158-7e35-49d6-b9c6-6aea6a0c95c0', 'Tuesday', '39159244-32b8-40dd-b953-2649ad8e725c', 1),
('cd1b12cd-930b-442a-b7bd-cb6a312c78b7', '7aaff158-7e35-49d6-b9c6-6aea6a0c95c0', 'Friday', '98ec4595-9d44-443b-bf2a-600573e98038', 0),
('39f9f84f-5698-4954-948f-7b0f3cdaa79d', '7aaff158-7e35-49d6-b9c6-6aea6a0c95c0', 'Friday', '6ad73d14-b410-43f4-860b-af28c258b572', 1),
('043ccf7c-0933-48a6-99b0-275872f988bd', '67faae5a-9dd3-4a2c-a789-48efbc36a598', 'Monday', '3011ee19-4c55-4d2a-b922-bb83f221e1a9', 0),
('6dc0f11e-ae2b-4f3e-ab39-3aefece9bd5d', '67faae5a-9dd3-4a2c-a789-48efbc36a598', 'Monday', 'd6cfff8e-d5ce-41b6-91c5-945cc7445812', 1),
('1cfb7542-3327-4953-8d57-4d9e707f0088', '67faae5a-9dd3-4a2c-a789-48efbc36a598', 'Monday', '65788a41-be9f-4301-8761-aa26cadf5989', 2),
('c2403581-c4ef-40c0-9c5e-d7e97ca35565', '67faae5a-9dd3-4a2c-a789-48efbc36a598', 'Tuesday', 'cf64c0d2-2ca9-4a0b-a88e-ae6741d563b9', 0),
('24bfcac8-f947-4ee7-a392-a38dda4e4b80', '67faae5a-9dd3-4a2c-a789-48efbc36a598', 'Wednesday', '39159244-32b8-40dd-b953-2649ad8e725c', 0),
('277ed9fa-384c-4641-a866-0ded0317e264', '67faae5a-9dd3-4a2c-a789-48efbc36a598', 'Wednesday', '7ba471c1-f880-4e4b-9558-2c191a19fca0', 1),
('5d609f23-2382-487e-8c17-a583da75d802', '67faae5a-9dd3-4a2c-a789-48efbc36a598', 'Thursday', '4ad590b7-5521-445a-a17a-25fb956561d0', 0),
('88fce4df-00cc-40f8-bd61-fa1cfca708c5', '67faae5a-9dd3-4a2c-a789-48efbc36a598', 'Thursday', '93ce0e09-a416-4f5e-9f3c-65f655654556', 1),
('41322271-c264-437d-847a-b566f44a967f', '67faae5a-9dd3-4a2c-a789-48efbc36a598', 'Thursday', '3b50cbc0-6530-4f18-9f24-cdde25d9ca92', 2),
('7863a11e-72fa-4527-8be9-d20c40d0244b', '67faae5a-9dd3-4a2c-a789-48efbc36a598', 'Friday', '98ec4595-9d44-443b-bf2a-600573e98038', 0),
('05e95865-cfda-4860-91ad-59f1db21182a', '67faae5a-9dd3-4a2c-a789-48efbc36a598', 'Friday', '6ad73d14-b410-43f4-860b-af28c258b572', 1),
('4fb74d17-db8e-4237-bdec-a6ee9fcba6b6', '67faae5a-9dd3-4a2c-a789-48efbc36a598', 'Saturday', '68846bd2-3fc0-499b-8d19-d87a2dcf028d', 0),
('d1bbc664-ea79-4612-877b-211d4a6669de', '67faae5a-9dd3-4a2c-a789-48efbc36a598', 'Saturday', '8cd5c74b-8932-467a-99b9-4dc99671bd15', 1),
('b3931fc6-9199-4ab0-82a1-9acf921c36b7', '67faae5a-9dd3-4a2c-a789-48efbc36a598', 'Saturday', '151ea5c0-81c1-4567-90f3-3011cda1fe16', 2),
('103d6e2a-00c1-4c52-a35f-69c2617ab92a', '67faae5a-9dd3-4a2c-a789-48efbc36a598', 'Saturday', 'a72b4ed6-3a0b-402b-9f36-9e3c72cdae3f', 3),
('23181a3b-290e-43c5-a293-1ae56c971e26', '67faae5a-9dd3-4a2c-a789-48efbc36a598', 'Sunday', '7c796521-16b4-4006-90d6-6bab591e4bd1', 0),
('776057be-19a3-41ac-93fb-ecac38743bf4', '67faae5a-9dd3-4a2c-a789-48efbc36a598', 'Sunday', 'df965e37-ea3a-4571-aefe-3c4aecb330b7', 1),
('9fc8656d-c95e-4e87-9e56-1f90f090be69', '67faae5a-9dd3-4a2c-a789-48efbc36a598', 'Sunday', '58407610-1d37-4886-9350-3f45165e3fde', 2),
('2238ad77-2611-488e-80dc-1d9092e6c535', '1831dd77-a301-4f3b-9a97-c647029f0d01', 'Thursday', '3ca042da-bbde-42a5-a6a7-ccfc4731722c', 0),
('269006e6-69af-4308-a8c4-7f84468a786a', '1831dd77-a301-4f3b-9a97-c647029f0d01', 'Friday', '07e6a1f6-e712-4347-b377-698e68e4e3bb', 0),
('737e99b2-ca8f-47f5-ac62-db1a9c115662', '1831dd77-a301-4f3b-9a97-c647029f0d01', 'Friday', 'd8368525-0ea2-4bf3-b47f-a7ab86d4fa2b', 1),
('68f85b49-62f3-4d7e-b177-69fddc2a3ecd', '1831dd77-a301-4f3b-9a97-c647029f0d01', 'Friday', 'bec7d7df-04b5-4a22-aa57-515052798915', 2),
('16a71bf4-982c-4962-97cc-36a322216281', '1831dd77-a301-4f3b-9a97-c647029f0d01', 'Saturday', '98ec4595-9d44-443b-bf2a-600573e98038', 0),
('9de06605-ee8b-47d6-a3c7-a8770bd7ad08', '1831dd77-a301-4f3b-9a97-c647029f0d01', 'Saturday', '6ad73d14-b410-43f4-860b-af28c258b572', 1),
('e6078c44-af39-4bbe-98b2-47baa4c6c6f3', '1831dd77-a301-4f3b-9a97-c647029f0d01', 'Sunday', 'd6cfff8e-d5ce-41b6-91c5-945cc7445812', 0),
('c201b993-2c05-46b5-91e3-e7d6a86ba9ce', '1831dd77-a301-4f3b-9a97-c647029f0d01', 'Sunday', 'e3203298-713a-414b-92dd-9465cba0c204', 1),
('d91af06f-7bdd-4dbe-b1ec-53b27a5652c7', '1831dd77-a301-4f3b-9a97-c647029f0d01', 'Sunday', '65788a41-be9f-4301-8761-aa26cadf5989', 2),
('991a7503-8400-45fa-bd37-5676b34d4fd6', '1831dd77-a301-4f3b-9a97-c647029f0d01', 'Sunday', '9d754ec6-6dd6-48e7-a015-da8d976bb6b3', 3),
('27124ef1-01ff-4ff9-b2a2-37c9c85d554d', '1831dd77-a301-4f3b-9a97-c647029f0d01', 'Monday', '46b923dc-5ae3-40f1-b411-65ec540b9181', 0),
('0675b1c4-c25d-49fd-8394-b2943ae47a91', '1831dd77-a301-4f3b-9a97-c647029f0d01', 'Monday', '1b66a9f1-413a-4ddf-9d78-885900f1581b', 1),
('fe34d9f0-7832-4425-9f83-9cb0f0ca6499', '1831dd77-a301-4f3b-9a97-c647029f0d01', 'Monday', '93ce0e09-a416-4f5e-9f3c-65f655654556', 2),
('80fdd1fd-2988-46b5-9308-1d0c7e3c1b92', '1831dd77-a301-4f3b-9a97-c647029f0d01', 'Tuesday', 'ebae32d3-d9e2-4ca0-8500-b2a29e155321', 0),
('2e416ae4-a661-49c0-b9c1-3a6696d18b52', '1831dd77-a301-4f3b-9a97-c647029f0d01', 'Wednesday', '68805a5a-9ff1-40cf-9aab-b31a0918e6a1', 0),
('b306bca5-3331-4222-b3ea-268b5d73d395', '1831dd77-a301-4f3b-9a97-c647029f0d01', 'Wednesday', 'c155d19c-abd0-4af2-befb-49a33baeef8b', 1),
('aaf2bb59-ce7c-43a9-9d02-b7038d11defb', '8275ce31-4af7-4eb1-aafa-4ea7ca2486e1', 'Friday', '3cde939f-8b96-486d-9eb5-48069fc4500f', 0),
('c74a63f8-9c5f-4dab-a6dc-8c5e126e908d', '8275ce31-4af7-4eb1-aafa-4ea7ca2486e1', 'Friday', '5dae54e0-5c2a-4650-88b1-9bb1ccac47c2', 1),
('601112d8-e854-4ebc-831e-672e4737f7f8', '8275ce31-4af7-4eb1-aafa-4ea7ca2486e1', 'Friday', 'ecc4437c-e825-4bd7-a44c-70c5ded9a0c4', 2),
('c103748e-710e-4b59-b5fb-421dbee5e527', '8275ce31-4af7-4eb1-aafa-4ea7ca2486e1', 'Sunday', '4824650f-2a3e-4237-b1cd-f78e1ddee014', 0),
('71385394-35d7-46c2-a80c-e3e5f49f375d', '8275ce31-4af7-4eb1-aafa-4ea7ca2486e1', 'Sunday', '1aa8cd08-8b88-4ee1-b814-4d4bb3b027bb', 1),
('b4a0c6c5-8ff6-4123-9ac3-7fc6030b58a2', '8275ce31-4af7-4eb1-aafa-4ea7ca2486e1', 'Sunday', 'bb437b2f-6227-4f11-a6b9-761fd96eb812', 2),
('e91b9543-bd09-4d90-9658-5c3b6374aff8', '8275ce31-4af7-4eb1-aafa-4ea7ca2486e1', 'Monday', '910a084c-b999-4ce5-8b67-101c332b1bc1', 0),
('8ecd9acd-bc77-4246-a5ef-1a0917dbcf22', '8275ce31-4af7-4eb1-aafa-4ea7ca2486e1', 'Wednesday', '98ec4595-9d44-443b-bf2a-600573e98038', 0),
('ad5d42de-19b3-48b3-a27f-2c31ad7e377b', '8275ce31-4af7-4eb1-aafa-4ea7ca2486e1', 'Wednesday', '6ad73d14-b410-43f4-860b-af28c258b572', 1),
('815c767c-b35e-46b1-8498-e67007d5b21c', '8275ce31-4af7-4eb1-aafa-4ea7ca2486e1', 'Thursday', '60b7330c-3878-45b6-8d49-3e0e8e04042c', 0),
('b1d204b9-d3eb-42aa-90eb-c18056f74e18', '8275ce31-4af7-4eb1-aafa-4ea7ca2486e1', 'Thursday', '68c24e9a-516b-460b-bb68-325cb4dac214', 1),
('c8301cf4-f906-41f5-bbfe-9ea72960c61e', '8275ce31-4af7-4eb1-aafa-4ea7ca2486e1', 'Saturday', 'c4682790-8015-4fae-a89a-9c1dc86e01dc', 0),
('c7bc5747-6856-410b-9db1-e81b1dd6d7dd', '8275ce31-4af7-4eb1-aafa-4ea7ca2486e1', 'Tuesday', 'd6cfff8e-d5ce-41b6-91c5-945cc7445812', 0),
('ded8bd09-2789-4595-a749-80ec540c5e68', '8275ce31-4af7-4eb1-aafa-4ea7ca2486e1', 'Tuesday', '8aa128ba-8563-4713-838d-c4e1dfc3c5f4', 1),
('3f75d5d2-c10c-436e-8dc7-b3fe85025c8f', '8275ce31-4af7-4eb1-aafa-4ea7ca2486e1', 'Tuesday', '151ea5c0-81c1-4567-90f3-3011cda1fe16', 2),
('d34aa6d8-855a-4d63-945d-fd6190179d5c', '8275ce31-4af7-4eb1-aafa-4ea7ca2486e1', 'Tuesday', 'facfa993-d3c9-4746-b67c-cdc227a43e6c', 3),
('57610642-d1a0-40f8-b674-ee20e5f65ede', '8275ce31-4af7-4eb1-aafa-4ea7ca2486e1', 'Tuesday', '6b538256-8b33-467e-935a-112ef80756b9', 4),
('0f160cf7-843d-4913-87ce-4fbac9728887', '8275ce31-4af7-4eb1-aafa-4ea7ca2486e1', 'Tuesday', '8cd5c74b-8932-467a-99b9-4dc99671bd15', 5),
('6bf45cf3-d82c-45a8-976b-748036c8f123', 'c5970f6f-c9a0-4e61-927a-a1a42f9df31d', 'Monday', '6ad73d14-b410-43f4-860b-af28c258b572', 0),
('e76b5fca-1dcd-4475-9b6a-8bd0d4dd240c', 'c5970f6f-c9a0-4e61-927a-a1a42f9df31d', 'Saturday', 'cf64c0d2-2ca9-4a0b-a88e-ae6741d563b9', 0),
('50686703-8801-46f2-8df6-64354e69521a', 'c5970f6f-c9a0-4e61-927a-a1a42f9df31d', 'Thursday', 'c155d19c-abd0-4af2-befb-49a33baeef8b', 0),
('dcf8db62-3201-49a6-9067-af1b4f02156c', 'c5970f6f-c9a0-4e61-927a-a1a42f9df31d', 'Friday', 'd8368525-0ea2-4bf3-b47f-a7ab86d4fa2b', 0),
('53ad395b-e84c-426a-a3ed-a04fc27a8473', 'c5970f6f-c9a0-4e61-927a-a1a42f9df31d', 'Friday', 'bec7d7df-04b5-4a22-aa57-515052798915', 1),
('6a6c0f12-0f8b-479b-b5d0-736aa6e9be65', 'c5970f6f-c9a0-4e61-927a-a1a42f9df31d', 'Sunday', '4ad590b7-5521-445a-a17a-25fb956561d0', 0),
('45490840-5e08-45e8-84f1-6d19fcbaed45', 'c5970f6f-c9a0-4e61-927a-a1a42f9df31d', 'Sunday', '93ce0e09-a416-4f5e-9f3c-65f655654556', 1),
('41b458b3-d5f3-42f6-8abb-86b8e480de8e', 'c5970f6f-c9a0-4e61-927a-a1a42f9df31d', 'Sunday', '3b50cbc0-6530-4f18-9f24-cdde25d9ca92', 2),
('8cdaec71-d36a-48a8-a257-8bdf1652974d', 'c5970f6f-c9a0-4e61-927a-a1a42f9df31d', 'Wednesday', '9f90fcc5-6dbd-432b-88e3-76331e710b6e', 0),
('faa68271-51a5-4b04-9689-70065c8acb05', 'c5970f6f-c9a0-4e61-927a-a1a42f9df31d', 'Wednesday', 'a72b4ed6-3a0b-402b-9f36-9e3c72cdae3f', 1),
('be458a2a-4b0b-4c54-8487-f6c94b14914d', 'c5970f6f-c9a0-4e61-927a-a1a42f9df31d', 'Wednesday', '204f3689-436b-4dd4-91fa-f65a6d3649c1', 2),
('2b6a2d53-d9ac-473f-86ba-fc7905b77413', 'c5970f6f-c9a0-4e61-927a-a1a42f9df31d', 'Tuesday', '910a084c-b999-4ce5-8b67-101c332b1bc1', 0),
('615d7faf-d908-4d80-80c4-f6c203646a4b', '04f3e219-18d1-48fe-abae-673e53c61fcc', 'Tuesday', '65788a41-be9f-4301-8761-aa26cadf5989', 0),
('6bc0ef37-77e8-4e91-a8a2-a362f639cf2a', '04f3e219-18d1-48fe-abae-673e53c61fcc', 'Tuesday', '8c3f77a3-1d27-47b7-9785-119e805d4786', 1),
('00eb1720-251f-4445-9b69-deee8975cadb', '04f3e219-18d1-48fe-abae-673e53c61fcc', 'Wednesday', 'e105ff58-02e1-4aec-9f5f-5bea457d3f2a', 0),
('163e107b-37ec-4ed4-b3c2-5db2b282a90b', '04f3e219-18d1-48fe-abae-673e53c61fcc', 'Wednesday', '46b923dc-5ae3-40f1-b411-65ec540b9181', 1),
('2f17d41b-65b1-4c44-930f-09512ce74586', '04f3e219-18d1-48fe-abae-673e53c61fcc', 'Thursday', 'aaa111fd-7d31-4d7b-abba-c6fd5f01a60d', 0),
('fcdf8da8-8624-4498-b165-f7d15d5f18f6', '04f3e219-18d1-48fe-abae-673e53c61fcc', 'Thursday', '8cd5c74b-8932-467a-99b9-4dc99671bd15', 1),
('26f097a1-640a-4ad0-b837-fb4fca4e2ae1', '04f3e219-18d1-48fe-abae-673e53c61fcc', 'Thursday', 'f8f34879-cef8-4a64-970f-b982b50db617', 2),
('a490aeaa-f3a8-4da1-a1f7-730603b2e96c', '04f3e219-18d1-48fe-abae-673e53c61fcc', 'Friday', '98ec4595-9d44-443b-bf2a-600573e98038', 0),
('2d611519-6eae-45ba-a639-c484073467f7', '04f3e219-18d1-48fe-abae-673e53c61fcc', 'Friday', '6ad73d14-b410-43f4-860b-af28c258b572', 1),
('433f7994-906c-491e-b88f-fab50c58d3b3', '04f3e219-18d1-48fe-abae-673e53c61fcc', 'Saturday', '3011ee19-4c55-4d2a-b922-bb83f221e1a9', 0),
('d40262a3-09d0-4084-b213-eef05f820fd4', '04f3e219-18d1-48fe-abae-673e53c61fcc', 'Saturday', '5c843f47-f67d-439b-ac6d-05d54fc053ac', 1),
('7b7e0ecf-8b25-425e-96d2-551fb7a1df29', '04f3e219-18d1-48fe-abae-673e53c61fcc', 'Saturday', '65788a41-be9f-4301-8761-aa26cadf5989', 2),
('80e702b1-ae77-4515-a129-8cce65dbbb2f', '04f3e219-18d1-48fe-abae-673e53c61fcc', 'Sunday', '3c42f46a-6dbd-49b9-a6bc-d622b811815b', 0),
('5c93da70-5ff9-4007-adad-27a749887535', '04f3e219-18d1-48fe-abae-673e53c61fcc', 'Sunday', 'd43b103c-a2fc-4734-abec-fee50e1b48f7', 1),
('00a42c38-6082-418f-b9df-5c72f9770612', '04f3e219-18d1-48fe-abae-673e53c61fcc', 'Sunday', '3272d163-94ee-4537-b34e-8f4586ba9979', 2),
('6e4fcd5f-8765-4868-9cd8-1d5f68d2aa1c', '04f3e219-18d1-48fe-abae-673e53c61fcc', 'Sunday', 'e540d56d-564b-41c8-a47f-b1429cbf4f64', 3),
('c7334255-7f68-4e40-b298-3aa62bc804a9', '04f3e219-18d1-48fe-abae-673e53c61fcc', 'Monday', '3b50cbc0-6530-4f18-9f24-cdde25d9ca92', 0),
('404a1cf4-f4ef-4ad9-bcb6-ba9ccdc8b90d', '04f3e219-18d1-48fe-abae-673e53c61fcc', 'Monday', '4ad590b7-5521-445a-a17a-25fb956561d0', 1),
('9bf70aee-d6ed-4cfe-af30-8bc70dbce512', '04f3e219-18d1-48fe-abae-673e53c61fcc', 'Monday', '93ce0e09-a416-4f5e-9f3c-65f655654556', 2),
('260c8a39-c78d-4c08-86cd-19846328d99a', 'da92f7e6-4785-47be-bb46-cf9e77b29120', 'Tuesday', '7ba471c1-f880-4e4b-9558-2c191a19fca0', 0),
('203feeb6-90d1-467e-8f6c-24def74c816e', 'da92f7e6-4785-47be-bb46-cf9e77b29120', 'Tuesday', '39159244-32b8-40dd-b953-2649ad8e725c', 1),
('fa75d100-13fc-4f71-8a27-5c8316df960a', 'da92f7e6-4785-47be-bb46-cf9e77b29120', 'Wednesday', '3cde939f-8b96-486d-9eb5-48069fc4500f', 0),
('1c00c48e-c5f0-4e99-ae02-ccfc05cf5037', 'da92f7e6-4785-47be-bb46-cf9e77b29120', 'Wednesday', '46754eae-a571-4a46-9f5f-c18d6467a22a', 1),
('f83534dc-9538-4580-845f-b819dc8be5af', 'da92f7e6-4785-47be-bb46-cf9e77b29120', 'Wednesday', '5dae54e0-5c2a-4650-88b1-9bb1ccac47c2', 2),
('b6311423-c059-48c3-a442-0b8ca32ccfce', 'da92f7e6-4785-47be-bb46-cf9e77b29120', 'Friday', '98ec4595-9d44-443b-bf2a-600573e98038', 0),
('1284ed75-333b-4ca0-b550-f134cb72ede8', 'da92f7e6-4785-47be-bb46-cf9e77b29120', 'Friday', '6ad73d14-b410-43f4-860b-af28c258b572', 1),
('b0245948-5a34-4e47-a68b-4acdac18a473', 'da92f7e6-4785-47be-bb46-cf9e77b29120', 'Saturday', '3011ee19-4c55-4d2a-b922-bb83f221e1a9', 0),
('5d34b063-3244-4700-ada0-452f7fd806b3', 'da92f7e6-4785-47be-bb46-cf9e77b29120', 'Saturday', '5c843f47-f67d-439b-ac6d-05d54fc053ac', 1),
('dc3e1c82-6828-4afd-871b-1a200adfe5d9', 'da92f7e6-4785-47be-bb46-cf9e77b29120', 'Saturday', '65788a41-be9f-4301-8761-aa26cadf5989', 2),
('ddcdc72d-05ba-45be-a1f2-df2a97e8f025', 'da92f7e6-4785-47be-bb46-cf9e77b29120', 'Sunday', '1b66a9f1-413a-4ddf-9d78-885900f1581b', 0),
('ca8a1e3e-dbc9-4a03-89a0-3ec9e4ae6b92', 'da92f7e6-4785-47be-bb46-cf9e77b29120', 'Sunday', '93ce0e09-a416-4f5e-9f3c-65f655654556', 1),
('68c2ba21-cf23-4747-845c-12516ba67775', 'da92f7e6-4785-47be-bb46-cf9e77b29120', 'Sunday', '46b923dc-5ae3-40f1-b411-65ec540b9181', 2),
('824f8a66-df44-4880-8d46-797b7748c9cd', 'da92f7e6-4785-47be-bb46-cf9e77b29120', 'Thursday', '68805a5a-9ff1-40cf-9aab-b31a0918e6a1', 0),
('4d4bbf43-b2a8-4b44-a4cb-2d84d8c4fb30', 'da92f7e6-4785-47be-bb46-cf9e77b29120', 'Thursday', 'e7c20dfd-fd12-41d0-a432-e308ed099c9e', 1),
('8dbbaea9-d0b4-458c-a67a-a9f3e799d79d', 'da92f7e6-4785-47be-bb46-cf9e77b29120', 'Thursday', '1f196de0-590f-4449-9ad2-bc1989b7927f', 2),
('292f1845-4f83-439f-828c-8ceb1338c3b1', 'da92f7e6-4785-47be-bb46-cf9e77b29120', 'Monday', '8c3f77a3-1d27-47b7-9785-119e805d4786', 0),
('55b41552-a89f-4671-b519-5653424493a8', 'da92f7e6-4785-47be-bb46-cf9e77b29120', 'Monday', '65788a41-be9f-4301-8761-aa26cadf5989', 1),
('585b652a-fe3c-418f-86f6-b57f44c95e91', 'c72d08ed-c79d-4d2e-9f9f-40f97042ca32', 'Tuesday', '1eb4bd37-cdf6-4385-a996-5d439025cba2', 0),
('9b521139-6a68-4cf5-8731-e50de01e51f8', 'c72d08ed-c79d-4d2e-9f9f-40f97042ca32', 'Wednesday', 'cf64c0d2-2ca9-4a0b-a88e-ae6741d563b9', 0),
('b49d2776-b58d-4b1e-a62c-084c88a57677', 'c72d08ed-c79d-4d2e-9f9f-40f97042ca32', 'Thursday', '1b66a9f1-413a-4ddf-9d78-885900f1581b', 0),
('c24e4cbd-9247-4824-9e66-a636a0537b1c', 'c72d08ed-c79d-4d2e-9f9f-40f97042ca32', 'Thursday', 'b7d72b95-aadd-4f94-a3c0-35a062d1fc89', 1),
('155816d9-acd3-4020-9f48-78a6a162fecf', 'c72d08ed-c79d-4d2e-9f9f-40f97042ca32', 'Thursday', '3b50cbc0-6530-4f18-9f24-cdde25d9ca92', 2),
('7844cc10-85c1-4ae8-ae45-e67a6450a062', 'c72d08ed-c79d-4d2e-9f9f-40f97042ca32', 'Friday', '6ad73d14-b410-43f4-860b-af28c258b572', 0),
('ef49177d-d29a-4e03-850f-f846306e742c', 'c72d08ed-c79d-4d2e-9f9f-40f97042ca32', 'Saturday', '32de8b11-01c8-4a2b-8ba8-8bc1ff51d1b4', 0),
('61de13af-d14f-4028-b0e1-bfa245a36cca', 'c72d08ed-c79d-4d2e-9f9f-40f97042ca32', 'Saturday', '8cd5c74b-8932-467a-99b9-4dc99671bd15', 1),
('8f3e65ab-f1ac-4bce-b517-6c6f0b883ebc', 'c72d08ed-c79d-4d2e-9f9f-40f97042ca32', 'Saturday', 'f8f34879-cef8-4a64-970f-b982b50db617', 2),
('28221460-1bf4-4157-b860-d783cbb3ccaa', 'c72d08ed-c79d-4d2e-9f9f-40f97042ca32', 'Monday', '77481658-b218-4e92-bf68-e37e75566954', 0),
('586fd4d2-59bb-4c10-b469-edfff9d88801', 'c72d08ed-c79d-4d2e-9f9f-40f97042ca32', 'Sunday', '8e5c1cff-70c8-4231-a4ef-f82b159ff13e', 0),
('abf4d855-8ee6-4488-bf99-766b3c907a66', 'c72d08ed-c79d-4d2e-9f9f-40f97042ca32', 'Sunday', '46754eae-a571-4a46-9f5f-c18d6467a22a', 1),
('6a136721-d4b9-41b6-90d5-2ff002e67e54', 'c72d08ed-c79d-4d2e-9f9f-40f97042ca32', 'Sunday', '5dae54e0-5c2a-4650-88b1-9bb1ccac47c2', 2),
('0e49dff8-4c81-41d4-91d9-03e7b4f6fdc4', 'c72d08ed-c79d-4d2e-9f9f-40f97042ca32', 'Sunday', '79168836-d40d-4f25-9b6e-c957224b2b6e', 3),
('e1c8b2a4-85a8-4542-a692-d8d502d38af7', '8b7ae310-25ae-4f79-9e19-2401dca424a6', 'Tuesday', '37dab4f1-dec6-4b5b-a955-1157438d350f', 0),
('6a56f91b-6cb1-4c82-b75d-c00923e4f9db', '8b7ae310-25ae-4f79-9e19-2401dca424a6', 'Tuesday', '46b923dc-5ae3-40f1-b411-65ec540b9181', 1),
('d341eb7d-f7ce-4ed3-b5ee-41c75ee7bc2a', '8b7ae310-25ae-4f79-9e19-2401dca424a6', 'Wednesday', 'c4682790-8015-4fae-a89a-9c1dc86e01dc', 0),
('9ea97536-a157-4371-8137-e5088ce9fbc5', '8b7ae310-25ae-4f79-9e19-2401dca424a6', 'Saturday', '68805a5a-9ff1-40cf-9aab-b31a0918e6a1', 0),
('0faf19a9-524d-4300-8c66-510b2839d2fd', '8b7ae310-25ae-4f79-9e19-2401dca424a6', 'Saturday', 'c155d19c-abd0-4af2-befb-49a33baeef8b', 1),
('b5caf0ac-361e-4a44-a158-bc08e0b5078d', '8b7ae310-25ae-4f79-9e19-2401dca424a6', 'Friday', '6ad73d14-b410-43f4-860b-af28c258b572', 0),
('02c56404-3a4c-4651-831f-64463d888326', '8b7ae310-25ae-4f79-9e19-2401dca424a6', 'Sunday', '3011ee19-4c55-4d2a-b922-bb83f221e1a9', 0),
('f2e243d7-7d84-4b79-9f3d-2538a5246578', '8b7ae310-25ae-4f79-9e19-2401dca424a6', 'Sunday', '65788a41-be9f-4301-8761-aa26cadf5989', 1),
('11d4b095-229f-4422-816f-1fd7de41b031', '8b7ae310-25ae-4f79-9e19-2401dca424a6', 'Thursday', 'f98e4d00-ae00-4a00-875f-83fe65e52b9a', 0),
('4292f8d7-b308-472e-b771-9ad9a4d0193d', '8b7ae310-25ae-4f79-9e19-2401dca424a6', 'Thursday', '09a9631d-4547-43a2-b7f0-440e9d7254c3', 1),
('ba462858-5e75-4cce-aa00-af33afdda081', '8b7ae310-25ae-4f79-9e19-2401dca424a6', 'Thursday', '0ac2d051-7c1c-49f3-b72f-98f47d81aa99', 2),
('7b422c51-7156-4c7c-8793-4c5ee1941bb3', '8b7ae310-25ae-4f79-9e19-2401dca424a6', 'Thursday', '151ea5c0-81c1-4567-90f3-3011cda1fe16', 3),
('4596029d-c305-4919-92cb-fc8788406837', '8b7ae310-25ae-4f79-9e19-2401dca424a6', 'Thursday', 'f8f34879-cef8-4a64-970f-b982b50db617', 4),
('a8140faa-3311-4c23-a1e0-d83fe40c8e30', '8b7ae310-25ae-4f79-9e19-2401dca424a6', 'Thursday', 'f67df254-48d8-4429-b993-f98b246c5854', 5),
('97c7b5c9-c2fb-4554-b445-58c2a03a4034', '8b7ae310-25ae-4f79-9e19-2401dca424a6', 'Monday', 'd8368525-0ea2-4bf3-b47f-a7ab86d4fa2b', 0),
('754766d0-0483-41f6-bc23-789b31ce9bd7', '8b7ae310-25ae-4f79-9e19-2401dca424a6', 'Monday', 'bec7d7df-04b5-4a22-aa57-515052798915', 1),
('df0c7a3d-0158-465f-af19-8c4e4c775b1d', '8b7ae310-25ae-4f79-9e19-2401dca424a6', 'Monday', '65788a41-be9f-4301-8761-aa26cadf5989', 2),
('56dd7ab0-3a07-4197-af3e-8a9c0a9d91ee', 'be7759dc-2889-4189-b967-8bb4d2a6eaef', 'Wednesday', '910a084c-b999-4ce5-8b67-101c332b1bc1', 0),
('9fdfdd2d-34eb-4ffe-b14b-ebee1c28d5ca', 'be7759dc-2889-4189-b967-8bb4d2a6eaef', 'Wednesday', '7ba471c1-f880-4e4b-9558-2c191a19fca0', 1),
('1cf7ecc6-dbfe-4688-9f7b-23c8b53237ca', 'be7759dc-2889-4189-b967-8bb4d2a6eaef', 'Sunday', 'd6cfff8e-d5ce-41b6-91c5-945cc7445812', 0),
('e42d1fcf-34ce-4d8c-85ea-0bac553edf37', 'be7759dc-2889-4189-b967-8bb4d2a6eaef', 'Sunday', 'e3203298-713a-414b-92dd-9465cba0c204', 1),
('76f0afd8-4e3b-4856-a58a-6bf21420968f', 'be7759dc-2889-4189-b967-8bb4d2a6eaef', 'Sunday', '65788a41-be9f-4301-8761-aa26cadf5989', 2),
('8a2e9c1c-9df0-4815-952a-84e49b33ade7', 'be7759dc-2889-4189-b967-8bb4d2a6eaef', 'Thursday', '3b50cbc0-6530-4f18-9f24-cdde25d9ca92', 0),
('4d03cbd0-932b-4f2b-9409-d9ab1340e9f7', 'be7759dc-2889-4189-b967-8bb4d2a6eaef', 'Thursday', '4ad590b7-5521-445a-a17a-25fb956561d0', 1),
('45f84539-ae1f-4119-b50d-49defac98157', 'be7759dc-2889-4189-b967-8bb4d2a6eaef', 'Thursday', '93ce0e09-a416-4f5e-9f3c-65f655654556', 2),
('364a126d-c703-472b-a215-9e28791a4677', 'be7759dc-2889-4189-b967-8bb4d2a6eaef', 'Friday', 'c4682790-8015-4fae-a89a-9c1dc86e01dc', 0),
('117106a6-81ea-45ef-a196-17b9b4cf3453', 'be7759dc-2889-4189-b967-8bb4d2a6eaef', 'Saturday', '7cce3d62-a680-4d14-9669-51272db4e380', 0),
('e88ce765-9c1d-445b-8484-fedddf1ee4b0', 'be7759dc-2889-4189-b967-8bb4d2a6eaef', 'Monday', '98ec4595-9d44-443b-bf2a-600573e98038', 0),
('006d864f-caa9-4d4f-b84a-5c4d15d193b4', 'be7759dc-2889-4189-b967-8bb4d2a6eaef', 'Monday', '6ad73d14-b410-43f4-860b-af28c258b572', 1),
('19c15e80-4375-402b-a4ca-e27a20b390f0', '3dc583ea-96dd-4747-9102-da41d3cb5ac5', 'Friday', '98ec4595-9d44-443b-bf2a-600573e98038', 0),
('f9f85509-6928-4bff-b524-fcc6c4bdd7b9', '3dc583ea-96dd-4747-9102-da41d3cb5ac5', 'Friday', '6ad73d14-b410-43f4-860b-af28c258b572', 1),
('fb0c16c9-dc0a-4586-813f-911d1d2bd6a7', '3dc583ea-96dd-4747-9102-da41d3cb5ac5', 'Saturday', '68805a5a-9ff1-40cf-9aab-b31a0918e6a1', 0),
('be789bd8-55e9-4d88-8491-289bbc1ed566', '3dc583ea-96dd-4747-9102-da41d3cb5ac5', 'Saturday', 'c155d19c-abd0-4af2-befb-49a33baeef8b', 1),
('31f85da0-396b-4f62-a7b8-c75f8b985ed4', '3dc583ea-96dd-4747-9102-da41d3cb5ac5', 'Wednesday', '7c796521-16b4-4006-90d6-6bab591e4bd1', 0),
('faae1fc2-4dc3-401a-a831-7f73a1946018', '3dc583ea-96dd-4747-9102-da41d3cb5ac5', 'Wednesday', 'df965e37-ea3a-4571-aefe-3c4aecb330b7', 1),
('85958da0-7b66-4bb8-a7e3-b8b89e3790d7', '3dc583ea-96dd-4747-9102-da41d3cb5ac5', 'Wednesday', '58407610-1d37-4886-9350-3f45165e3fde', 2),
('8317f107-a0db-4a9e-9fc0-648b41da2864', '3dc583ea-96dd-4747-9102-da41d3cb5ac5', 'Wednesday', 'f67df254-48d8-4429-b993-f98b246c5854', 3),
('26c139c7-0795-4f31-ab7a-ce64adf5e4db', '3dc583ea-96dd-4747-9102-da41d3cb5ac5', 'Thursday', '68c24e9a-516b-460b-bb68-325cb4dac214', 0),
('ac7efd64-834e-49ee-a1da-ea6ad8ac5853', '3dc583ea-96dd-4747-9102-da41d3cb5ac5', 'Thursday', '60b7330c-3878-45b6-8d49-3e0e8e04042c', 1),
('395168d2-1572-4c2c-8db9-7cd2f46f85a8', '3dc583ea-96dd-4747-9102-da41d3cb5ac5', 'Monday', '3b50cbc0-6530-4f18-9f24-cdde25d9ca92', 0),
('9f3c310c-a8db-4f0a-8df5-b1c44c9c1ff1', '3dc583ea-96dd-4747-9102-da41d3cb5ac5', 'Monday', '4ad590b7-5521-445a-a17a-25fb956561d0', 1),
('067691db-a0cc-46ad-9ffa-1c91e8935b34', '3dc583ea-96dd-4747-9102-da41d3cb5ac5', 'Monday', '93ce0e09-a416-4f5e-9f3c-65f655654556', 2),
('c58f133d-401c-44a4-8433-a1d13c860f0c', '3dc583ea-96dd-4747-9102-da41d3cb5ac5', 'Tuesday', '7ba471c1-f880-4e4b-9558-2c191a19fca0', 0),
('70119d27-6d42-4554-ad36-675e317bfd2f', '3dc583ea-96dd-4747-9102-da41d3cb5ac5', 'Tuesday', '39159244-32b8-40dd-b953-2649ad8e725c', 1),
('4efa7617-8f38-4fb5-a9b6-b8e831122d0e', '3dc583ea-96dd-4747-9102-da41d3cb5ac5', 'Sunday', '4e7aaec7-005b-464b-90c0-ba746c754b8b', 0),
('6f391407-23c7-48e6-809a-b7af4bd43c3c', '3dc583ea-96dd-4747-9102-da41d3cb5ac5', 'Sunday', '65788a41-be9f-4301-8761-aa26cadf5989', 1),
('59b8ad42-94fb-4f03-a12c-e6f0292205fd', '10e527fc-0502-4b99-bb53-4052fcecec12', 'Thursday', '32de8b11-01c8-4a2b-8ba8-8bc1ff51d1b4', 0),
('11e71acc-b394-4fa3-b3e1-029f8aa51aee', '10e527fc-0502-4b99-bb53-4052fcecec12', 'Thursday', '8cd5c74b-8932-467a-99b9-4dc99671bd15', 1),
('0ab61117-3375-43c8-9e90-b69e7bca2387', '10e527fc-0502-4b99-bb53-4052fcecec12', 'Thursday', 'f8f34879-cef8-4a64-970f-b982b50db617', 2),
('43b07981-9f94-4e2e-baf9-eef99eac4329', '10e527fc-0502-4b99-bb53-4052fcecec12', 'Friday', '98ec4595-9d44-443b-bf2a-600573e98038', 0),
('aa366658-a9de-46a2-b8ee-365b759185e3', '10e527fc-0502-4b99-bb53-4052fcecec12', 'Friday', '6ad73d14-b410-43f4-860b-af28c258b572', 1),
('e814fc36-d14c-4a40-b5b0-fce7892a5d83', '10e527fc-0502-4b99-bb53-4052fcecec12', 'Saturday', '3011ee19-4c55-4d2a-b922-bb83f221e1a9', 0),
('31b429bb-7dd3-4f75-b95b-8e9d75389b28', '10e527fc-0502-4b99-bb53-4052fcecec12', 'Saturday', '5c843f47-f67d-439b-ac6d-05d54fc053ac', 1),
('91241cd5-a83e-4fac-bf9a-9e751638cd23', '10e527fc-0502-4b99-bb53-4052fcecec12', 'Saturday', '65788a41-be9f-4301-8761-aa26cadf5989', 2),
('907b3893-ea97-43d6-8274-e3c3257b7737', '10e527fc-0502-4b99-bb53-4052fcecec12', 'Sunday', '4824650f-2a3e-4237-b1cd-f78e1ddee014', 0),
('34996a5c-c5c2-4afb-9e49-0950cade5195', '10e527fc-0502-4b99-bb53-4052fcecec12', 'Sunday', '1aa8cd08-8b88-4ee1-b814-4d4bb3b027bb', 1),
('77581b28-5062-48d4-aca1-d79a530382e2', '10e527fc-0502-4b99-bb53-4052fcecec12', 'Sunday', 'bb437b2f-6227-4f11-a6b9-761fd96eb812', 2),
('5741c80f-916e-4621-9ceb-3435e506ca7b', '10e527fc-0502-4b99-bb53-4052fcecec12', 'Monday', '3cde939f-8b96-486d-9eb5-48069fc4500f', 0),
('9f036be5-735b-4af9-b94f-ce5799cff4d7', '10e527fc-0502-4b99-bb53-4052fcecec12', 'Monday', '5dae54e0-5c2a-4650-88b1-9bb1ccac47c2', 1),
('88d99e76-2258-4740-8382-9b7292d9d1d5', '10e527fc-0502-4b99-bb53-4052fcecec12', 'Monday', 'ecc4437c-e825-4bd7-a44c-70c5ded9a0c4', 2),
('7db848de-3502-4efc-8b67-23956dd27c97', '10e527fc-0502-4b99-bb53-4052fcecec12', 'Tuesday', '9f90fcc5-6dbd-432b-88e3-76331e710b6e', 0),
('33d7c386-cc04-463a-9cfc-fc341e8192b6', '10e527fc-0502-4b99-bb53-4052fcecec12', 'Tuesday', '204f3689-436b-4dd4-91fa-f65a6d3649c1', 1),
('a8b4d751-ec3a-4d89-8636-dc278586cef9', '10e527fc-0502-4b99-bb53-4052fcecec12', 'Tuesday', 'a72b4ed6-3a0b-402b-9f36-9e3c72cdae3f', 2),
('b773801e-8d74-49b3-a4ed-1e238a29e1ab', '10e527fc-0502-4b99-bb53-4052fcecec12', 'Wednesday', '7ad1a16f-5a59-40c9-890a-9d56a7172d3b', 0),
('9cf51e33-2894-4fdc-9dbb-802e8525eb75', '10e527fc-0502-4b99-bb53-4052fcecec12', 'Wednesday', '93ce0e09-a416-4f5e-9f3c-65f655654556', 1),
('1e96cedb-5b8e-4d63-a0dc-2df60eb16da1', '10e527fc-0502-4b99-bb53-4052fcecec12', 'Wednesday', '46b923dc-5ae3-40f1-b411-65ec540b9181', 2);

SET session_replication_role = 'origin';
